場コード,基準節終了日,モーター番号,使用開始日,使用終了日,グレード,タイトル,使用者名,着順列
11,2026-09-09,11,2026-09-04,2026-09-09,一般,ルーキーシリーズ第１６戦　スカパー！・ＪＬＣ杯,廣瀬 凜,１１１２２１３　３１[４]
11,2026-09-09,11,2026-08-26,2026-08-31,一般,ボートピア京都やわた開設１９周年記念,品川 二千翔,３４１　２１３１３２[３]
11,2026-09-09,11,2026-07-28,2026-08-02,ＳＧ,第３１回オーシャンカップ,白井 英治,４　５１２３３　３　２１
11,2026-09-09,12,2026-08-26,2026-08-31,一般,ボートピア京都やわた開設１９周年記念,長谷川 充,６　２３３３６　２６３
11,2026-09-09,12,2026-08-15,2026-08-20,一般,滋賀県知事杯争奪　第３０回びわこカップ,中村 有裕,１２２　２３３２２２[６]
11,2026-09-09,12,2026-07-28,2026-08-02,ＳＧ,第３１回オーシャンカップ,権藤 俊光,６　５　１５２　３３６
11,2026-09-09,13,2026-09-04,2026-09-09,一般,ルーキーシリーズ第１６戦　スカパー！・ＪＬＣ杯,坂本 一真,１　５５５２２　５２１
11,2026-09-09,13,2026-08-15,2026-08-20,一般,滋賀県知事杯争奪　第３０回びわこカップ,柘植 政浩,２３３３４　１６３４２３
11,2026-09-09,13,2026-07-28,2026-08-02,ＳＧ,第３１回オーシャンカップ,吉田 裕平,１４５　１　４２６　１５
11,2026-09-09,14,2026-09-04,2026-09-09,一般,ルーキーシリーズ第１６戦　スカパー！・ＪＬＣ杯,杉山 太陽,落４６　１　６５
11,2026-09-09,14,2026-08-26,2026-08-31,一般,ボートピア京都やわた開設１９周年記念,高倉 孝太,２　Ｆ１４　２　４　３
11,2026-09-09,14,2026-08-15,2026-08-20,一般,滋賀県知事杯争奪　第３０回びわこカップ,丸野 一樹,３１３２６１３　３１[３]
11,2026-09-09,15,2026-09-04,2026-09-09,一般,ルーキーシリーズ第１６戦　スカパー！・ＪＬＣ杯,藤原 仙二,２　２３３１４１２１[５]
11,2026-09-09,15,2026-08-26,2026-08-31,一般,ボートピア京都やわた開設１９周年記念,港 理樹,６３６　３２６　３　５６
11,2026-09-09,15,2026-08-15,2026-08-20,一般,滋賀県知事杯争奪　第３０回びわこカップ,早川 理稀,６６６　６６５　６４転
11,2026-09-09,16,2026-08-26,2026-08-31,一般,ボートピア京都やわた開設１９周年記念,中島 秀治,１　１３４６５２４４５４
11,2026-09-09,16,2026-08-15,2026-08-20,一般,滋賀県知事杯争奪　第３０回びわこカップ,宮迫 暢彦,４　６３５３４　５　３４
11,2026-09-09,16,2026-07-28,2026-08-02,ＳＧ,第３１回オーシャンカップ,中野 次郎,４４１　５　２６４　５４
11,2026-09-09,17,2026-09-04,2026-09-09,一般,ルーキーシリーズ第１６戦　スカパー！・ＪＬＣ杯,廣部 大明,５　４６６　４５５　５４
11,2026-09-09,17,2026-08-15,2026-08-20,一般,滋賀県知事杯争奪　第３０回びわこカップ,澤田 尚也,１　１５２６３１６６１５
11,2026-09-09,17,2026-07-28,2026-08-02,ＳＧ,第３１回オーシャンカップ,菊地 孝平,６　６　６４３　６３３
11,2026-09-09,18,2026-09-04,2026-09-09,一般,ルーキーシリーズ第１６戦　スカパー！・ＪＬＣ杯,竹間 隆晟,１３５２４１１　２３４１
11,2026-09-09,18,2026-08-15,2026-08-20,一般,滋賀県知事杯争奪　第３０回びわこカップ,川北 浩貴,４４４　２５２　６２１
11,2026-09-09,18,2026-07-28,2026-08-02,ＳＧ,第３１回オーシャンカップ,上條 暢嵩,１５３　５　４１６１４
11,2026-09-09,19,2026-09-04,2026-09-09,一般,ルーキーシリーズ第１６戦　スカパー！・ＪＬＣ杯,松田 淳平,４５４　４３３　２　４１
11,2026-09-09,19,2026-08-15,2026-08-20,一般,滋賀県知事杯争奪　第３０回びわこカップ,水口 由紀,３　３４４４４　１３６
11,2026-09-09,19,2026-07-28,2026-08-02,ＳＧ,第３１回オーシャンカップ,大上 卓人,１　４３５　１　２　[６]
11,2026-09-09,20,2026-09-04,2026-09-09,一般,ルーキーシリーズ第１６戦　スカパー！・ＪＬＣ杯,藤井 公人,５Ｆ３　３　４　３　５
11,2026-09-09,20,2026-08-15,2026-08-20,一般,滋賀県知事杯争奪　第３０回びわこカップ,新出 浩司,４　２３３５３　２４４６
11,2026-09-09,20,2026-07-28,2026-08-02,ＳＧ,第３１回オーシャンカップ,山崎 郡,３　１　６５５　２１２
11,2026-09-09,21,2026-09-04,2026-09-09,一般,ルーキーシリーズ第１６戦　スカパー！・ＪＬＣ杯,西川 拓利,２　１２４６２３１２[２]
11,2026-09-09,21,2026-08-26,2026-08-31,一般,ボートピア京都やわた開設１９周年記念,新田 智彰,５６１　３６５　１２３
11,2026-09-09,21,2026-08-15,2026-08-20,一般,滋賀県知事杯争奪　第３０回びわこカップ,孫崎 百世,６２６　５　２５４　５２
11,2026-09-09,22,2026-09-04,2026-09-09,一般,ルーキーシリーズ第１６戦　スカパー！・ＪＬＣ杯,数原 魁,６３１　２４３３１５１３
11,2026-09-09,22,2026-08-26,2026-08-31,一般,ボートピア京都やわた開設１９周年記念,金子 良昭,５　Ｆ６６　５　５　３
11,2026-09-09,22,2026-07-28,2026-08-02,ＳＧ,第３１回オーシャンカップ,入海 馨,６　５４１　３　転２３
11,2026-09-09,23,2026-09-04,2026-09-09,一般,ルーキーシリーズ第１６戦　スカパー！・ＪＬＣ杯,原田 朱理,６　６６６　６６６　５６
11,2026-09-09,23,2026-08-26,2026-08-31,一般,ボートピア京都やわた開設１９周年記念,秦 英悟,１１４６４５３　４３２２
11,2026-09-09,23,2026-08-15,2026-08-20,一般,滋賀県知事杯争奪　第３０回びわこカップ,吉田 和仁,２４４　５１６　３６４
11,2026-09-09,24,2026-09-04,2026-09-09,一般,ルーキーシリーズ第１６戦　スカパー！・ＪＬＣ杯,渡邊 雄斗,２３２　２５３６３６２３
11,2026-09-09,24,2026-08-26,2026-08-31,一般,ボートピア京都やわた開設１９周年記念,中村 栄治,４３２　４４５６３　４１
11,2026-09-09,24,2026-08-15,2026-08-20,一般,滋賀県知事杯争奪　第３０回びわこカップ,廣瀬 凜,３６１　１２１３２６１２
11,2026-09-09,25,2026-08-26,2026-08-31,一般,ボートピア京都やわた開設１９周年記念,吉原 聖人,２１５　５３５　２１３
11,2026-09-09,25,2026-08-15,2026-08-20,一般,滋賀県知事杯争奪　第３０回びわこカップ,香川 颯太,３　１４３５１４２１[５]
11,2026-09-09,25,2026-07-16,2026-07-21,一般,第７回京都新聞杯,杉山 勝匡,６　４６４　６６３　１２
11,2026-09-09,26,2026-09-04,2026-09-09,一般,ルーキーシリーズ第１６戦　スカパー！・ＪＬＣ杯,宮崎 心之介,２　３６５　１２４　６４
11,2026-09-09,26,2026-08-26,2026-08-31,一般,ボートピア京都やわた開設１９周年記念,松尾 昂明,１６２　１３４４４２[６]
11,2026-09-09,26,2026-07-28,2026-08-02,ＳＧ,第３１回オーシャンカップ,渡邉 優美,６　２　６５５　２５４
11,2026-09-09,27,2026-09-04,2026-09-09,一般,ルーキーシリーズ第１６戦　スカパー！・ＪＬＣ杯,小林 礼央,５　３４２　３５４　４４
11,2026-09-09,27,2026-08-26,2026-08-31,一般,ボートピア京都やわた開設１９周年記念,石川 真二,３５２６１　２３１２[４]
11,2026-09-09,27,2026-08-15,2026-08-20,一般,滋賀県知事杯争奪　第３０回びわこカップ,吉川 喜継,１２６Ｆ４　５　３　２
11,2026-09-09,28,2026-08-26,2026-08-31,一般,ボートピア京都やわた開設１９周年記念,鰐部 太空海,３　４５６６４　５　５４
11,2026-09-09,28,2026-08-15,2026-08-20,一般,滋賀県知事杯争奪　第３０回びわこカップ,岩田 凌,４　６３４　転６５　４３
11,2026-09-09,28,2026-07-28,2026-08-02,ＳＧ,第３１回オーシャンカップ,齊藤 仁,３　６　４６３　４５５
11,2026-09-09,29,2026-09-04,2026-09-09,一般,ルーキーシリーズ第１６戦　スカパー！・ＪＬＣ杯,宇留田 翔平,５Ｆ３　５　５　５　５
11,2026-09-09,29,2026-08-15,2026-08-20,一般,滋賀県知事杯争奪　第３０回びわこカップ,吉川 晴人,１５２　４３２１１５４４
11,2026-09-09,29,2026-07-28,2026-08-02,ＳＧ,第３１回オーシャンカップ,丸野 一樹,５１３　２　４１２　[５]
11,2026-09-09,30,2026-09-04,2026-09-09,一般,ルーキーシリーズ第１６戦　スカパー！・ＪＬＣ杯,藤本 元輝,５２３　５５４　５　６５
11,2026-09-09,30,2026-08-26,2026-08-31,一般,ボートピア京都やわた開設１９周年記念,山下 智己,６　６２６　６１５　２６
11,2026-09-09,30,2026-07-28,2026-08-02,ＳＧ,第３１回オーシャンカップ,岩瀬 裕亮,４　２　４４５　５５６
11,2026-09-09,31,2026-08-26,2026-08-31,一般,ボートピア京都やわた開設１９周年記念,角浜 修,４　５１５５１　２６５
11,2026-09-09,31,2026-08-15,2026-08-20,一般,滋賀県知事杯争奪　第３０回びわこカップ,守田 俊介,２３４１１　１１１２[２]
11,2026-09-09,31,2026-07-28,2026-08-02,ＳＧ,第３１回オーシャンカップ,新田 雄史,２２３　２　１５４　２２
11,2026-09-09,32,2026-09-04,2026-09-09,一般,ルーキーシリーズ第１６戦　スカパー！・ＪＬＣ杯,吉田 一心,３５１　６５１　３５３５
11,2026-09-09,32,2026-08-26,2026-08-31,一般,ボートピア京都やわた開設１９周年記念,網代 良芽,２４５　３４２　２６２
11,2026-09-09,32,2026-08-15,2026-08-20,一般,滋賀県知事杯争奪　第３０回びわこカップ,泥谷 一毅,６欠
11,2026-09-09,33,2026-09-04,2026-09-09,一般,ルーキーシリーズ第１６戦　スカパー！・ＪＬＣ杯,大原 祥昌,４　６２１４１４３３１４
11,2026-09-09,33,2026-08-26,2026-08-31,一般,ボートピア京都やわた開設１９周年記念,岡部 哲,３　４６１４３　３５５
11,2026-09-09,33,2026-07-28,2026-08-02,ＳＧ,第３１回オーシャンカップ,稲田 浩二,４　２６４　５　４２５
11,2026-09-09,34,2026-09-04,2026-09-09,一般,ルーキーシリーズ第１６戦　スカパー！・ＪＬＣ杯,土井 歩夢,３４６４１　５　２５３
11,2026-09-09,34,2026-08-15,2026-08-20,一般,滋賀県知事杯争奪　第３０回びわこカップ,高村 諒,６　３５６　４６４　４５
11,2026-09-09,34,2026-07-28,2026-08-02,ＳＧ,第３１回オーシャンカップ,篠崎 仁志,２　２　５１５　４　６４
11,2026-09-09,35,2026-09-04,2026-09-09,一般,ルーキーシリーズ第１６戦　スカパー！・ＪＬＣ杯,大森 翼,５Ｆ３　６　４　６　３
11,2026-09-09,35,2026-08-26,2026-08-31,一般,ボートピア京都やわた開設１９周年記念,今村 天次朗,６　６６６　５６６　２６
11,2026-09-09,35,2026-08-15,2026-08-20,一般,滋賀県知事杯争奪　第３０回びわこカップ,田中 結,５　５６６　６５６　６６
11,2026-09-09,36,2026-09-04,2026-09-09,一般,ルーキーシリーズ第１６戦　スカパー！・ＪＬＣ杯,鳥居塚 嶺王,Ｆ　３　６　４　４４５
11,2026-09-09,36,2026-08-26,2026-08-31,一般,ボートピア京都やわた開設１９周年記念,宮田 龍馬,１５２１３２１　３１[１]
11,2026-09-09,36,2026-08-15,2026-08-20,一般,滋賀県知事杯争奪　第３０回びわこカップ,高山 智至,４　５４６　４５３　３６
11,2026-09-09,37,2026-09-04,2026-09-09,一般,ルーキーシリーズ第１６戦　スカパー！・ＪＬＣ杯,津田 陸翔,１　１５１３５１２２[３]
11,2026-09-09,37,2026-08-26,2026-08-31,一般,ボートピア京都やわた開設１９周年記念,下河 誉史,２５３　４６１　６１５
11,2026-09-09,37,2026-07-28,2026-08-02,ＳＧ,第３１回オーシャンカップ,原田 幸哉,６２１　４　２６１　２４
11,2026-09-09,38,2026-09-04,2026-09-09,一般,ルーキーシリーズ第１６戦　スカパー！・ＪＬＣ杯,垂水 悠,３４６　３５６　５６６
11,2026-09-09,38,2026-08-26,2026-08-31,一般,ボートピア京都やわた開設１９周年記念,豊田 祥生,１３５　５１１　６６４６
11,2026-09-09,38,2026-08-15,2026-08-20,一般,滋賀県知事杯争奪　第３０回びわこカップ,酒井 俊弘,５　６３５　６４６　５６
11,2026-09-09,39,2026-08-26,2026-08-31,一般,ボートピア京都やわた開設１９周年記念,松尾 充,２５３１１　２４３３２１
11,2026-09-09,39,2026-07-28,2026-08-02,ＳＧ,第３１回オーシャンカップ,井口 佳典,６　３３６　３　５４６
11,2026-09-09,39,2026-07-16,2026-07-21,一般,第７回京都新聞杯,小野寺 智洋,２３３　２５３２３３５１
11,2026-09-09,40,2026-08-26,2026-08-31,一般,ボートピア京都やわた開設１９周年記念,佐藤 駿介,５６３　５　５５４　６５
11,2026-09-09,40,2026-08-15,2026-08-20,一般,滋賀県知事杯争奪　第３０回びわこカップ,北中 元樹,１３転１５３５　１１４
11,2026-09-09,40,2026-07-28,2026-08-02,ＳＧ,第３１回オーシャンカップ,佐々木 完太,１１１　６　１６５　１６
11,2026-09-09,41,2026-09-04,2026-09-09,一般,ルーキーシリーズ第１６戦　スカパー！・ＪＬＣ杯,市川 健太,２３１　３２５３１４２２
11,2026-09-09,41,2026-08-15,2026-08-20,一般,滋賀県知事杯争奪　第３０回びわこカップ,山下 奈緒,２５４　５１６　５５５
11,2026-09-09,41,2026-07-28,2026-08-02,ＳＧ,第３１回オーシャンカップ,西岡 顕心,２　１６３　２３２　[４]
11,2026-09-09,43,2026-08-26,2026-08-31,一般,ボートピア京都やわた開設１９周年記念,藤森 陸斗,１　５５２５１５１５３１
11,2026-09-09,43,2026-08-15,2026-08-20,一般,滋賀県知事杯争奪　第３０回びわこカップ,柳橋 宏紀,５　４６２４５５５　４２
11,2026-09-09,43,2026-07-16,2026-07-21,一般,第７回京都新聞杯,宇佐見 淳,２４３５２４３　３５３６
11,2026-09-09,44,2026-09-04,2026-09-09,一般,ルーキーシリーズ第１６戦　スカパー！・ＪＬＣ杯,上野 拓馬,６　２２４４５　５３４
11,2026-09-09,44,2026-08-15,2026-08-20,一般,滋賀県知事杯争奪　第３０回びわこカップ,木村 仁紀,５５２５１２１　２３１４
11,2026-09-09,44,2026-07-28,2026-08-02,ＳＧ,第３１回オーシャンカップ,瓜生 正義,５４１　２　６６４　２
11,2026-09-09,45,2026-09-04,2026-09-09,一般,ルーキーシリーズ第１６戦　スカパー！・ＪＬＣ杯,塚越 海斗,２６４　４２６２１６２５
11,2026-09-09,45,2026-08-26,2026-08-31,一般,ボートピア京都やわた開設１９周年記念,石渡 翔一郎,４　３４２　２４１３１３
11,2026-09-09,45,2026-08-15,2026-08-20,一般,滋賀県知事杯争奪　第３０回びわこカップ,木下 雄介,６　１２１６６３１４３１
11,2026-09-09,46,2026-09-04,2026-09-09,一般,ルーキーシリーズ第１６戦　スカパー！・ＪＬＣ杯,山本 幸也,６　５４１　６１６　３６
11,2026-09-09,46,2026-08-26,2026-08-31,一般,ボートピア京都やわた開設１９周年記念,藤原 仙二,１　４１５２３２４　２３
11,2026-09-09,46,2026-07-28,2026-08-02,ＳＧ,第３１回オーシャンカップ,松井 繁,６　６２５１４　３６２
11,2026-09-09,47,2026-09-04,2026-09-09,一般,ルーキーシリーズ第１６戦　スカパー！・ＪＬＣ杯,仲 航太,２１５　３３３３１２[６]
11,2026-09-09,47,2026-08-26,2026-08-31,一般,ボートピア京都やわた開設１９周年記念,吉川 昭男,３　１１１１１２４１[２]
11,2026-09-09,47,2026-07-28,2026-08-02,ＳＧ,第３１回オーシャンカップ,長田 頼宗,２　１５３　４６６　６３
11,2026-09-09,48,2026-09-04,2026-09-09,一般,ルーキーシリーズ第１６戦　スカパー！・ＪＬＣ杯,長谷川 晴哉,３１１　１４１４２３４４
11,2026-09-09,48,2026-08-26,2026-08-31,一般,ボートピア京都やわた開設１９周年記念,藤原 駿,６　６６６　６５４　６６
11,2026-09-09,48,2026-07-28,2026-08-02,ＳＧ,第３１回オーシャンカップ,池田 浩二,２　４４５１３　６　１３
11,2026-09-09,49,2026-09-04,2026-09-09,一般,ルーキーシリーズ第１６戦　スカパー！・ＪＬＣ杯,遠藤 圭吾,６　４５５　１２６　５３
11,2026-09-09,49,2026-08-15,2026-08-20,一般,滋賀県知事杯争奪　第３０回びわこカップ,片橋 幸貴,転　１３４６２４６　２１
11,2026-09-09,49,2026-07-28,2026-08-02,ＳＧ,第３１回オーシャンカップ,西山 貴浩,１　２４６　５２１　６３
11,2026-09-09,50,2026-08-26,2026-08-31,一般,ボートピア京都やわた開設１９周年記念,鈴木 唯央,５２４　６　４４２　３４
11,2026-09-09,50,2026-07-28,2026-08-02,ＳＧ,第３１回オーシャンカップ,坪井 康晴,２４５　５　１４２　３４
11,2026-09-09,50,2026-07-16,2026-07-21,一般,第７回京都新聞杯,小坂 風太,４１６　３転６６６　６６
11,2026-09-09,51,2026-09-04,2026-09-09,一般,ルーキーシリーズ第１６戦　スカパー！・ＪＬＣ杯,大島 隆乃介,２６２　３５４　４３２
11,2026-09-09,51,2026-08-26,2026-08-31,一般,ボートピア京都やわた開設１９周年記念,谷 勝幸,５　３３５　４５５　６４
11,2026-09-09,51,2026-07-28,2026-08-02,ＳＧ,第３１回オーシャンカップ,磯部 誠,３　３２１　１　３　３１
11,2026-09-09,52,2026-09-04,2026-09-09,一般,ルーキーシリーズ第１６戦　スカパー！・ＪＬＣ杯,水谷 理人,４５２　３１２２１４１２
11,2026-09-09,52,2026-08-26,2026-08-31,一般,ボートピア京都やわた開設１９周年記念,岡村 仁,４２４　４２１２１６２５
11,2026-09-09,52,2026-08-15,2026-08-20,一般,滋賀県知事杯争奪　第３０回びわこカップ,馬場 貴也,２１３２２　２１３１[４]
11,2026-09-09,53,2026-09-04,2026-09-09,一般,ルーキーシリーズ第１６戦　スカパー！・ＪＬＣ杯,笹木 香吾,１２２３２　２６３　３１
11,2026-09-09,53,2026-08-15,2026-08-20,一般,滋賀県知事杯争奪　第３０回びわこカップ,上田 紗奈,４３１　６２２　３６２
11,2026-09-09,53,2026-07-16,2026-07-21,一般,第７回京都新聞杯,柴田 直哉,６６６　５　４６４　５１
11,2026-09-09,54,2026-09-04,2026-09-09,一般,ルーキーシリーズ第１６戦　スカパー！・ＪＬＣ杯,金子 龍斗,２　６５５３６　２　６３
11,2026-09-09,54,2026-08-15,2026-08-20,一般,滋賀県知事杯争奪　第３０回びわこカップ,山田 晃大,５１２５２　５６１　６３
11,2026-09-09,54,2026-07-28,2026-08-02,ＳＧ,第３１回オーシャンカップ,井上 忠政,２　３　４２４　６　５６
11,2026-09-09,55,2026-08-26,2026-08-31,一般,ボートピア京都やわた開設１９周年記念,堤 昇,３２３　２３２３５５１２
11,2026-09-09,55,2026-08-15,2026-08-20,一般,滋賀県知事杯争奪　第３０回びわこカップ,君島 秀三,１４１　３２３５１５１６
11,2026-09-09,55,2026-07-16,2026-07-21,一般,第７回京都新聞杯,國弘 翔平,６４２　４５３　２４３２
11,2026-09-09,56,2026-08-26,2026-08-31,一般,ボートピア京都やわた開設１９周年記念,木田 峰由季,４４５４１　３２５　４１
11,2026-09-09,56,2026-07-28,2026-08-02,ＳＧ,第３１回オーシャンカップ,上野 真之介,１３５　４　１５１　６２
11,2026-09-09,56,2026-07-16,2026-07-21,一般,第７回京都新聞杯,泉 啓文,４５５　６　５２４６６
11,2026-09-09,57,2026-09-04,2026-09-09,一般,ルーキーシリーズ第１６戦　スカパー！・ＪＬＣ杯,村松 栄太,３　４２１４４５１６２６
11,2026-09-09,57,2026-08-26,2026-08-31,一般,ボートピア京都やわた開設１９周年記念,前出 達吉,５４５　３４２　２２２
11,2026-09-09,57,2026-08-15,2026-08-20,一般,滋賀県知事杯争奪　第３０回びわこカップ,是澤 孝宏,２１２２４　１２２２[１]
11,2026-09-09,58,2026-09-04,2026-09-09,一般,ルーキーシリーズ第１６戦　スカパー！・ＪＬＣ杯,松井 貫太,５　４４６　２４４　３２
11,2026-09-09,58,2026-08-15,2026-08-20,一般,滋賀県知事杯争奪　第３０回びわこカップ,西川 真人,１４５　３５４　５３４
11,2026-09-09,58,2026-07-28,2026-08-02,ＳＧ,第３１回オーシャンカップ,中田 竜太,６　５　６５４　５欠
11,2026-09-09,59,2026-08-26,2026-08-31,一般,ボートピア京都やわた開設１９周年記念,富永 大一,２　３３２５４６４　１６
11,2026-09-09,59,2026-07-28,2026-08-02,ＳＧ,第３１回オーシャンカップ,関 浩哉,５１４　３４６　２３１
11,2026-09-09,59,2026-07-16,2026-07-21,一般,第７回京都新聞杯,麻生 慎介,３３１２４　３６４３２３
11,2026-09-09,60,2026-09-04,2026-09-09,一般,ルーキーシリーズ第１６戦　スカパー！・ＪＬＣ杯,佐野 優都,４　３３２６３　４６２
11,2026-09-09,60,2026-08-26,2026-08-31,一般,ボートピア京都やわた開設１９周年記念,小澤 和也,６２４　５　６６３　１３
11,2026-09-09,60,2026-08-15,2026-08-20,一般,滋賀県知事杯争奪　第３０回びわこカップ,東口 晃,６４５　５　１３４　３２
11,2026-09-09,61,2026-09-04,2026-09-09,一般,ルーキーシリーズ第１６戦　スカパー！・ＪＬＣ杯,濱野 斗馬,４２４１２　１４２４１１
11,2026-09-09,61,2026-08-15,2026-08-20,一般,滋賀県知事杯争奪　第３０回びわこカップ,石川 吉鎬,落　４５１　５３４　３１
11,2026-09-09,61,2026-07-28,2026-08-02,ＳＧ,第３１回オーシャンカップ,片岡 雅裕,１　６５６　２　１２６
11,2026-09-09,62,2026-09-04,2026-09-09,一般,ルーキーシリーズ第１６戦　スカパー！・ＪＬＣ杯,小川 竜太朗,３　５６２　２２３５１５
11,2026-09-09,62,2026-08-15,2026-08-20,一般,滋賀県知事杯争奪　第３０回びわこカップ,山本 光雄,５　１５３２３　４４２１
11,2026-09-09,62,2026-07-16,2026-07-21,一般,第７回京都新聞杯,大場 広孝,２２４　２３５４１４３２
11,2026-09-09,63,2026-09-04,2026-09-09,一般,ルーキーシリーズ第１６戦　スカパー！・ＪＬＣ杯,山下 拓巳,６６Ｆ　５　５　５　６
11,2026-09-09,63,2026-08-26,2026-08-31,一般,ボートピア京都やわた開設１９周年記念,坂口 周,６６１２３　３４１５１５
11,2026-09-09,63,2026-08-15,2026-08-20,一般,滋賀県知事杯争奪　第３０回びわこカップ,青木 玄太,５　１４２１４２２　５３
11,2026-09-09,64,2026-09-04,2026-09-09,一般,ルーキーシリーズ第１６戦　スカパー！・ＪＬＣ杯,山崎 祥,３１１４２　２３４５１６
11,2026-09-09,64,2026-08-15,2026-08-20,一般,滋賀県知事杯争奪　第３０回びわこカップ,市川 健太,３３５　１１４６５６１５
11,2026-09-09,64,2026-07-28,2026-08-02,ＳＧ,第３１回オーシャンカップ,茅原 悠紀,３　５３２３３　５　１３
11,2026-09-09,65,2026-09-04,2026-09-09,一般,ルーキーシリーズ第１６戦　スカパー！・ＪＬＣ杯,早川 理稀,１６６　６６６　６　５２
11,2026-09-09,65,2026-08-26,2026-08-31,一般,ボートピア京都やわた開設１９周年記念,北野 輝季,５１２　１１１１３１[５]
11,2026-09-09,65,2026-08-15,2026-08-20,一般,滋賀県知事杯争奪　第３０回びわこカップ,廣部 大明,５　４５６　２６６　２５
11,2026-09-09,66,2026-09-04,2026-09-09,一般,ルーキーシリーズ第１６戦　スカパー！・ＪＬＣ杯,竹下 大樹,１４１１１　１１１１[１]
11,2026-09-09,66,2026-08-15,2026-08-20,一般,滋賀県知事杯争奪　第３０回びわこカップ,佐竹 恒彦,４　３４１４５　１４５
11,2026-09-09,66,2026-07-16,2026-07-21,一般,第７回京都新聞杯,篠崎 元志,１１３　３１１２３１[３]
11,2026-09-09,67,2026-08-26,2026-08-31,一般,ボートピア京都やわた開設１９周年記念,橋本 英一,３２５　５２５　６５２
11,2026-09-09,67,2026-08-15,2026-08-20,一般,滋賀県知事杯争奪　第３０回びわこカップ,太田 和美,２２２　３３１２５３３２
11,2026-09-09,67,2026-07-28,2026-08-02,ＳＧ,第３１回オーシャンカップ,湯川 浩司,３２３　２　４２４　１５
11,2026-09-09,68,2026-09-04,2026-09-09,一般,ルーキーシリーズ第１６戦　スカパー！・ＪＬＣ杯,丸山 祐也,４４５　４　６５４　２
11,2026-09-09,68,2026-08-26,2026-08-31,一般,ボートピア京都やわた開設１９周年記念,亀本 勇樹,４　Ｆ２４　６　３　５
11,2026-09-09,68,2026-07-28,2026-08-02,ＳＧ,第３１回オーシャンカップ,山田 祐也,３　６　１６２　５３４３
11,2026-09-09,69,2026-08-26,2026-08-31,一般,ボートピア京都やわた開設１９周年記念,高橋 龍治,６　２６６　６６２　６５
11,2026-09-09,69,2026-08-15,2026-08-20,一般,滋賀県知事杯争奪　第３０回びわこカップ,香川 陽太,５６６　転　４４５　６５
11,2026-09-09,69,2026-07-28,2026-08-02,ＳＧ,第３１回オーシャンカップ,馬場 貴也,５３１　１　６３５　１４
11,2026-09-09,70,2026-08-26,2026-08-31,一般,ボートピア京都やわた開設１９周年記念,岡 祐臣,１５４３６　４４１　４４
11,2026-09-09,70,2026-07-28,2026-08-02,ＳＧ,第３１回オーシャンカップ,佐藤 隆太郎,５　６　２２６　１３５
11,2026-09-09,70,2026-07-16,2026-07-21,一般,第７回京都新聞杯,久富 政弘,６１３３３　１４５４１２
11,2026-09-09,71,2026-08-26,2026-08-31,一般,ボートピア京都やわた開設１９周年記念,大澤 普司,４３５２２　１３６４４３
11,2026-09-09,71,2026-08-15,2026-08-20,一般,滋賀県知事杯争奪　第３０回びわこカップ,和田 操拓,３３１　３５３３４５１６
11,2026-09-09,71,2026-07-28,2026-08-02,ＳＧ,第３１回オーシャンカップ,吉田 拡郎,２６４　３　５１２　３２
11,2026-09-09,72,2026-09-04,2026-09-09,一般,ルーキーシリーズ第１６戦　スカパー！・ＪＬＣ杯,藤田 俊祐,１　５３４３５　６１６３
11,2026-09-09,72,2026-08-26,2026-08-31,一般,ボートピア京都やわた開設１９周年記念,若林 樹蘭,１３２４２４３　６４１４
11,2026-09-09,72,2026-08-15,2026-08-20,一般,滋賀県知事杯争奪　第３０回びわこカップ,遠藤 エミ,１２２６４４２　２３５３
11,2026-09-09,73,2026-09-04,2026-09-09,一般,ルーキーシリーズ第１６戦　スカパー！・ＪＬＣ杯,楠 将太郎,５　１５転６６　６　４６
11,2026-09-09,73,2026-08-26,2026-08-31,一般,ボートピア京都やわた開設１９周年記念,藤田 竜弘,４２１　１３３３５６１６
11,2026-09-09,73,2026-07-28,2026-08-02,ＳＧ,第３１回オーシャンカップ,森高 一真,５　２　４４３　４４４
