レースコード,レース日,レース場,レース回,締切時刻,取得日時,状態,艇1_体重(kg),艇1_体重調整(kg),艇1_展示タイム,艇1_チルト,艇2_体重(kg),艇2_体重調整(kg),艇2_展示タイム,艇2_チルト,艇3_体重(kg),艇3_体重調整(kg),艇3_展示タイム,艇3_チルト,艇4_体重(kg),艇4_体重調整(kg),艇4_展示タイム,艇4_チルト,艇5_体重(kg),艇5_体重調整(kg),艇5_展示タイム,艇5_チルト,艇6_体重(kg),艇6_体重調整(kg),艇6_展示タイム,艇6_チルト
202609061001,2026-09-06,10,01R,08:32,2026-09-06T08:22:20.966115+09:00,1,52.7,0.0,6.8,-0.5,52.2,0.0,6.82,0.0,54.0,0.0,6.78,-0.5,52.1,0.0,6.78,0.0,57.6,0.0,6.83,-0.5,52.8,0.0,6.75,-0.5
202609061401,2026-09-06,14,01R,08:44,2026-09-06T08:34:18.965809+09:00,1,47.0,0.0,6.72,0.0,47.0,0.0,6.87,0.0,47.9,0.0,6.87,-0.5,51.0,0.0,6.87,0.0,47.3,0.0,6.81,-0.5,47.0,0.0,6.84,-0.5
202609061002,2026-09-06,10,02R,08:58,2026-09-06T08:48:21.320395+09:00,1,53.2,0.0,6.77,-0.5,52.3,0.0,6.79,0.0,52.0,0.0,6.79,-0.5,52.9,0.0,6.83,-0.5,52.0,0.0,6.8,-0.5,52.0,0.0,6.79,0.0
202609061402,2026-09-06,14,02R,09:10,2026-09-06T09:00:56.929528+09:00,1,47.0,0.0,6.75,0.0,51.7,0.0,6.9,0.0,47.0,0.0,6.81,0.0,46.0,1.0,6.89,0.0,47.0,0.0,6.86,0.0,46.5,0.5,6.89,-0.5
202609061003,2026-09-06,10,03R,09:24,2026-09-06T09:14:18.079871+09:00,1,52.0,0.0,6.72,0.0,52.2,0.0,6.72,0.0,52.4,0.0,6.78,-0.5,52.0,0.0,6.77,-0.5,51.0,1.0,6.78,-0.5,52.0,0.0,6.76,-0.5
202609061403,2026-09-06,14,03R,09:36,2026-09-06T09:26:21.837856+09:00,1,47.0,0.0,6.74,0.0,47.0,0.0,6.83,-0.5,46.5,0.5,6.81,0.0,47.0,0.0,6.94,0.0,47.0,0.0,6.9,0.0,53.9,0.0,6.88,0.0
202609061004,2026-09-06,10,04R,09:50,2026-09-06T09:40:28.733241+09:00,1,52.3,0.0,6.7,0.0,52.6,0.0,6.75,0.0,52.3,0.0,6.81,-0.5,53.3,0.0,6.86,-0.5,56.0,0.0,6.81,-0.5,52.1,0.0,6.72,0.0
202609061404,2026-09-06,14,04R,10:02,2026-09-06T09:52:22.515840+09:00,1,47.6,0.0,6.82,0.0,46.0,1.0,6.87,-0.5,47.0,0.0,6.74,0.0,47.9,0.0,6.82,0.0,47.0,0.0,6.88,0.0,47.0,0.0,6.86,0.0
202609061005,2026-09-06,10,05R,10:18,2026-09-06T10:08:22.090855+09:00,1,52.6,0.0,6.8,-0.5,53.2,0.0,6.78,-0.5,53.5,0.0,6.79,-0.5,52.0,0.0,6.87,-0.5,53.7,0.0,6.82,-0.5,57.5,0.0,6.84,-0.5
202609061405,2026-09-06,14,05R,10:28,2026-09-06T10:18:18.935940+09:00,1,52.3,0.0,6.77,0.0,46.5,0.5,6.76,0.0,46.5,0.5,6.9,0.0,47.1,0.0,6.86,0.0,45.0,2.0,6.92,0.0,47.9,0.0,6.77,0.0
202609061101,2026-09-06,11,01R,10:35,2026-09-06T10:26:24.700777+09:00,1,56.2,0.0,6.82,0.0,52.0,0.0,6.84,0.0,52.0,0.0,6.81,0.0,52.4,0.0,6.8,0.0,52.1,0.0,6.87,0.0,53.1,0.0,6.85,0.5
202609060901,2026-09-06,09,01R,10:42,2026-09-06T10:32:17.838205+09:00,1,51.5,0.5,6.76,-0.5,51.5,0.5,6.72,0.0,54.2,0.0,6.73,-0.5,52.3,0.0,6.75,0.0,45.5,1.5,6.72,0.0,52.0,0.0,6.75,0.0
202609060201,2026-09-06,02,01R,10:47,2026-09-06T10:38:24.490064+09:00,1,55.0,0.0,6.88,-0.5,52.1,0.0,6.83,-0.5,53.8,0.0,6.78,-0.5,52.7,0.0,6.83,-0.5,52.2,0.0,6.83,0.0,52.6,0.0,6.8,-0.5
202609061006,2026-09-06,10,06R,10:50,2026-09-06T10:40:20.765354+09:00,1,54.6,0.0,6.92,-0.5,52.7,0.0,6.84,-0.5,52.9,0.0,7.01,-0.5,52.2,0.0,6.89,-0.5,57.1,0.0,6.83,-0.5,52.8,0.0,6.86,0.0
202609061701,2026-09-06,17,01R,10:54,2026-09-06T10:44:23.635697+09:00,1,54.0,0.0,6.73,-0.5,52.0,0.0,6.92,0.0,54.2,0.0,6.87,-0.5,48.8,0.0,6.84,-0.5,52.2,0.0,6.83,-0.5,50.0,2.0,6.84,-0.5
202609060401,2026-09-06,04,01R,10:55,2026-09-06T10:46:22.828124+09:00,1,47.5,0.0,6.77,0.0,46.5,0.5,6.69,-0.5,54.7,0.0,6.85,0.0,47.7,0.0,6.78,0.0,47.6,0.0,6.75,0.0,51.8,0.0,6.75,0.0
202609061406,2026-09-06,14,06R,10:58,2026-09-06T10:48:22.218477+09:00,1,50.5,0.0,6.73,0.0,46.5,0.5,6.75,0.0,47.0,0.0,6.8,0.0,47.3,0.0,6.77,-0.5,46.5,0.5,6.79,0.0,47.5,0.0,6.77,0.0
202609061102,2026-09-06,11,02R,11:05,2026-09-06T10:56:21.508281+09:00,1,51.5,0.5,6.8,0.0,54.0,0.0,6.75,0.0,52.4,0.0,6.81,0.0,52.4,0.0,6.79,0.0,53.3,0.0,6.82,0.5,52.3,0.0,6.8,0.0
202609060902,2026-09-06,09,02R,11:12,2026-09-06T11:02:22.091998+09:00,1,52.0,0.0,6.74,0.0,52.0,0.0,6.71,0.0,54.2,0.0,6.7,0.0,52.1,0.0,6.68,0.0,52.0,0.0,6.67,0.0,52.0,0.0,6.78,0.0
202609060301,2026-09-06,03,01R,11:14,2026-09-06T11:04:22.791709+09:00,1,52.7,0.0,6.85,0.5,53.4,0.0,6.67,0.5,55.3,0.0,6.81,0.5,51.0,1.0,6.84,0.5,52.9,0.0,6.69,1.0,52.4,0.0,6.71,0.5
202609060202,2026-09-06,02,02R,11:16,2026-09-06T11:06:22.709965+09:00,1,53.2,0.0,6.76,0.0,52.4,0.0,6.85,-0.5,52.0,0.0,6.74,-0.5,52.0,0.0,6.73,0.0,52.6,0.0,6.96,-0.5,52.0,0.0,6.8,0.0
202609061007,2026-09-06,10,07R,11:19,2026-09-06T11:10:28.048185+09:00,1,57.6,0.0,6.88,-0.5,51.0,1.0,6.9,-0.5,52.6,0.0,6.88,-0.5,52.8,0.0,6.89,-0.5,53.0,0.0,6.86,-0.5,52.4,0.0,6.95,-0.5
202609060402,2026-09-06,04,02R,11:24,2026-09-06T11:14:26.295558+09:00,1,50.0,0.0,6.7,0.0,52.0,0.0,6.7,0.0,51.3,0.0,6.77,0.0,47.2,0.0,6.7,0.0,47.0,0.0,6.64,-0.5,45.0,2.0,6.65,0.0
202609061702,2026-09-06,17,02R,11:23,2026-09-06T11:14:26.295558+09:00,1,53.1,0.0,6.8,-0.5,53.2,0.0,6.83,0.0,52.0,0.0,6.82,-0.5,46.5,0.5,6.83,-0.5,55.4,0.0,6.81,0.0,52.5,0.0,6.81,0.0
202609061407,2026-09-06,14,07R,11:28,2026-09-06T11:18:21.353936+09:00,1,47.9,0.0,6.76,-0.5,47.0,0.0,6.85,0.0,46.0,1.0,6.79,0.0,47.0,0.0,6.8,-0.5,51.7,0.0,6.83,0.0,46.0,1.0,6.85,0.0
202609061103,2026-09-06,11,03R,11:36,2026-09-06T11:26:21.666420+09:00,1,51.5,0.5,6.8,0.0,51.5,0.5,6.7,0.5,51.5,0.5,6.82,0.0,50.5,1.5,6.8,0.0,52.0,0.0,6.83,0.0,55.7,0.0,6.74,0.0
202609060302,2026-09-06,03,02R,11:41,2026-09-06T11:32:22.087703+09:00,1,57.3,0.0,6.83,0.5,52.0,0.0,6.82,0.5,53.8,0.0,6.7,1.0,52.1,0.0,6.83,0.5,52.8,0.0,6.68,0.5,57.1,0.0,6.85,0.5
202609060903,2026-09-06,09,03R,11:42,2026-09-06T11:32:22.087703+09:00,1,52.0,0.0,6.8,0.0,52.0,0.0,6.73,0.0,54.0,0.0,6.81,-0.5,52.0,0.0,6.73,0.0,45.0,2.0,6.78,0.0,52.0,0.0,6.73,-0.5
202609060203,2026-09-06,02,03R,11:45,2026-09-06T11:36:25.145196+09:00,1,50.5,1.5,6.81,0.0,55.5,0.0,6.89,-0.5,52.3,0.0,6.74,0.5,52.0,0.0,6.79,0.0,53.9,0.0,6.82,-0.5,52.0,0.0,6.79,0.0
202609062201,2026-09-06,22,01R,11:48,2026-09-06T11:38:20.902029+09:00,1,52.4,0.0,6.89,0.0,59.4,0.0,6.87,0.0,52.0,0.0,6.76,0.0,50.0,2.0,6.92,0.0,52.0,0.0,6.96,0.0,52.8,0.0,6.89,0.0
202609061008,2026-09-06,10,08R,11:50,2026-09-06T11:40:24.138680+09:00,1,52.0,0.0,6.8,-0.5,51.5,0.5,6.83,0.0,52.6,0.0,6.81,0.0,53.3,0.0,6.79,-0.5,54.0,0.0,6.85,-0.5,52.0,0.0,6.88,-0.5
202609060403,2026-09-06,04,03R,11:53,2026-09-06T11:44:23.053861+09:00,1,43.5,3.5,6.6,-0.5,44.0,3.0,6.72,-0.5,47.2,0.0,6.75,0.0,44.0,3.0,6.74,0.0,51.5,0.0,6.83,-0.5,52.6,0.0,6.82,-0.5
202609061703,2026-09-06,17,03R,12:00,2026-09-06T11:50:23.281634+09:00,1,45.0,2.0,6.78,-0.5,55.3,0.0,6.93,0.0,52.6,0.0,6.83,0.0,52.0,0.0,6.85,-0.5,52.1,0.0,6.75,-0.5,56.1,0.0,6.86,-0.5
202609061104,2026-09-06,11,04R,12:03,2026-09-06T11:54:17.521850+09:00,1,52.0,0.0,6.79,0.0,52.6,0.0,6.93,0.0,51.5,0.5,6.79,0.0,52.0,0.0,6.86,0.5,52.0,0.0,6.77,0.0,52.5,0.0,6.72,0.0
202609061408,2026-09-06,14,08R,12:05,2026-09-06T11:56:20.028602+09:00,1,51.0,0.0,6.77,0.0,47.0,0.0,6.83,0.0,47.0,0.0,6.84,0.0,50.1,0.0,6.87,-0.5,47.0,0.0,6.84,0.0,46.0,1.0,6.81,0.0
202609060303,2026-09-06,03,03R,12:08,2026-09-06T11:58:21.689746+09:00,1,55.1,0.0,6.77,0.5,52.0,0.0,6.8,0.5,53.9,0.0,6.72,0.5,53.9,0.0,6.69,1.0,63.8,0.0,6.92,0.0,52.2,0.0,6.75,0.0
202609060204,2026-09-06,02,04R,12:14,2026-09-06T12:04:22.245798+09:00,1,53.8,0.0,6.72,-0.5,52.0,0.0,6.89,-0.5,53.2,0.0,6.88,0.0,54.1,0.0,6.88,0.0,51.5,0.5,6.78,0.0,52.6,0.0,6.82,-0.5
202609060904,2026-09-06,09,04R,12:13,2026-09-06T12:04:22.245798+09:00,1,52.0,0.0,6.82,-0.5,52.0,0.0,6.83,0.0,52.0,0.0,6.71,0.0,50.5,1.5,6.88,0.0,52.0,0.0,6.82,0.0,52.1,0.0,6.72,0.0
202609062202,2026-09-06,22,02R,12:18,2026-09-06T12:08:21.650873+09:00,1,52.0,0.0,6.84,0.0,52.0,0.0,6.85,0.0,52.0,0.0,6.89,0.0,56.9,0.0,6.91,-0.5,51.5,0.5,6.85,0.0,52.0,0.0,6.81,0.0
202609060404,2026-09-06,04,04R,12:22,2026-09-06T12:12:23.215095+09:00,1,54.4,0.0,6.75,0.0,44.5,2.5,6.75,-0.5,47.0,0.0,6.77,0.0,48.0,0.0,6.78,0.0,47.3,0.0,6.82,-0.5,48.3,0.0,6.8,0.0
202609061009,2026-09-06,10,09R,12:25,2026-09-06T12:16:23.792156+09:00,1,52.2,0.0,6.84,-0.5,51.5,0.5,6.79,0.0,53.3,0.0,6.87,0.0,52.8,0.0,6.86,-0.5,52.6,0.0,6.77,0.0,53.4,0.0,6.89,0.0
202609061704,2026-09-06,17,04R,12:31,2026-09-06T12:22:20.452447+09:00,1,53.6,0.0,6.82,0.0,55.0,0.0,6.81,-0.5,44.5,2.5,6.81,-0.5,52.0,0.0,6.79,0.0,52.0,0.0,6.85,0.0,52.0,0.0,6.87,-0.5
202609061105,2026-09-06,11,05R,12:34,2026-09-06T12:24:23.419575+09:00,1,53.2,0.0,6.73,0.0,53.0,0.0,6.84,0.0,52.3,0.0,6.77,0.0,56.2,0.0,6.79,0.0,55.4,0.0,6.77,0.0,50.0,2.0,6.74,0.5
202609060304,2026-09-06,03,04R,12:35,2026-09-06T12:26:21.704634+09:00,1,52.0,0.0,6.75,0.5,55.4,0.0,6.74,0.5,53.2,0.0,6.78,0.5,52.0,0.0,6.77,0.0,52.6,0.0,6.84,0.5,53.5,0.0,6.74,0.0
202609061409,2026-09-06,14,09R,12:38,2026-09-06T12:28:19.136922+09:00,1,47.0,0.0,6.77,0.0,53.9,0.0,6.96,0.0,44.0,3.0,6.82,0.0,46.0,1.0,6.86,0.0,47.0,0.0,6.86,0.0,47.9,0.0,6.86,-0.5
202609060205,2026-09-06,02,05R,12:44,2026-09-06T12:34:19.287083+09:00,1,52.7,0.0,6.79,0.0,52.4,0.0,6.79,0.0,52.1,0.0,6.81,-0.5,52.0,0.0,6.79,0.0,52.6,0.0,6.86,-0.5,52.0,0.0,6.92,-0.5
202609060905,2026-09-06,09,05R,12:44,2026-09-06T12:34:19.287083+09:00,1,51.5,0.5,6.77,0.0,52.0,0.0,6.76,0.0,54.4,0.0,6.82,0.0,53.3,0.0,6.82,0.0,46.5,0.5,6.79,0.0,52.9,0.0,6.84,0.0
202609062203,2026-09-06,22,03R,12:49,2026-09-06T12:40:20.689826+09:00,1,54.0,0.0,6.8,0.0,53.8,0.0,6.85,0.0,52.0,0.0,6.84,0.0,52.0,0.0,6.86,0.0,52.2,0.0,6.88,0.0,52.0,0.0,6.85,0.0
202609060405,2026-09-06,04,05R,12:52,2026-09-06T12:42:25.611156+09:00,1,53.3,0.0,6.78,0.0,47.0,0.0,6.8,-0.5,48.1,0.0,6.79,0.0,46.0,1.0,6.8,0.0,46.0,1.0,6.72,0.0,46.5,0.5,6.79,0.0
202609061010,2026-09-06,10,10R,12:56,2026-09-06T12:46:25.125773+09:00,1,52.0,0.0,6.92,-0.5,52.0,0.0,6.86,-0.5,52.0,0.0,6.79,0.0,53.5,0.0,6.87,-0.5,52.2,0.0,6.91,-0.5,52.7,0.0,6.84,-0.5
202609060305,2026-09-06,03,05R,13:02,2026-09-06T12:52:24.797631+09:00,1,52.6,0.0,,0.5,52.3,0.0,,1.0,52.0,0.0,,0.5,51.0,1.0,,0.0,52.6,0.0,,0.5,52.0,0.0,,0.5
202609061705,2026-09-06,17,05R,13:01,2026-09-06T12:52:24.797631+09:00,1,52.0,0.0,6.83,-0.5,52.0,0.0,6.79,-0.5,52.3,0.0,6.87,0.0,52.2,0.0,6.87,-0.5,47.4,0.0,6.78,0.0,52.0,0.0,6.78,0.0
202609061106,2026-09-06,11,06R,13:05,2026-09-06T12:56:24.368764+09:00,1,52.3,0.0,6.71,0.0,52.0,0.0,6.77,0.0,52.0,0.0,6.86,0.0,54.0,0.0,6.82,0.0,50.5,1.5,6.91,0.0,54.1,0.0,6.74,0.0
202609061410,2026-09-06,14,10R,13:09,2026-09-06T13:00:41.113698+09:00,1,47.0,0.0,6.78,0.0,44.5,2.5,6.84,0.0,47.0,0.0,6.83,0.0,47.6,0.0,6.82,0.0,44.5,2.5,6.82,-0.5,47.0,0.0,6.89,0.0
202609060206,2026-09-06,02,06R,13:14,2026-09-06T13:04:20.894447+09:00,1,53.2,0.0,6.78,-0.5,54.1,0.0,6.76,-0.5,51.0,1.0,6.79,-0.5,53.2,0.0,6.83,-0.5,52.0,0.0,6.77,-0.5,52.2,0.0,6.79,0.0
202609060906,2026-09-06,09,06R,13:15,2026-09-06T13:06:23.601545+09:00,1,52.0,0.0,6.83,-0.5,52.4,0.0,6.86,0.0,52.0,0.0,6.83,0.0,52.0,0.0,6.8,0.0,52.0,0.0,6.82,0.0,52.2,0.0,6.88,0.0
202609062204,2026-09-06,22,04R,13:18,2026-09-06T13:08:22.285070+09:00,1,53.4,0.0,6.8,0.0,50.5,1.5,6.82,0.0,52.0,0.0,6.86,0.0,53.3,0.0,6.88,0.0,52.4,0.0,6.84,0.0,52.4,0.0,6.88,0.0
202609060406,2026-09-06,04,06R,13:22,2026-09-06T13:12:22.759038+09:00,1,50.3,0.0,6.84,-0.5,52.0,0.0,6.86,-0.5,47.6,0.0,6.84,0.0,45.0,2.0,6.79,-0.5,49.5,0.0,6.81,0.0,47.0,0.0,6.8,0.0
202609061706,2026-09-06,17,06R,13:28,2026-09-06T13:18:20.966951+09:00,1,56.8,0.0,6.81,-0.5,52.0,0.0,6.76,0.0,53.2,0.0,6.82,0.0,55.4,0.0,6.87,-0.5,48.8,0.0,6.78,-0.5,52.0,0.0,6.87,-0.5
202609060306,2026-09-06,03,06R,13:29,2026-09-06T13:20:18.029074+09:00,1,52.1,0.0,6.71,0.5,52.1,0.0,6.65,0.5,55.4,0.0,6.7,0.5,53.0,0.0,6.78,0.5,52.4,0.0,6.7,1.5,52.0,0.0,6.74,0.5
202609061107,2026-09-06,11,07R,13:32,2026-09-06T13:22:20.384556+09:00,1,51.0,1.0,6.74,0.0,53.6,0.0,6.79,0.0,52.2,0.0,6.8,0.0,52.0,0.0,6.86,0.0,52.8,0.0,6.85,0.0,52.0,0.0,6.74,0.0
202609061011,2026-09-06,10,11R,13:35,2026-09-06T13:26:26.517322+09:00,1,51.5,0.5,6.83,0.0,52.0,0.0,6.85,-0.5,53.3,0.0,6.98,-0.5,57.1,0.0,6.91,-0.5,52.7,0.0,6.88,-0.5,52.8,0.0,6.81,-0.5
202609062205,2026-09-06,22,05R,13:44,2026-09-06T13:34:26.276917+09:00,1,50.0,2.0,6.86,0.0,53.7,0.0,6.86,0.0,53.2,0.0,6.9,0.5,52.0,0.0,6.79,0.0,55.8,0.0,6.87,0.0,59.4,0.0,6.94,0.0
202609060207,2026-09-06,02,07R,13:45,2026-09-06T13:36:22.427981+09:00,1,51.5,0.5,6.73,-0.5,52.6,0.0,6.88,-0.5,53.9,0.0,6.79,-0.5,52.0,0.0,6.77,-0.5,52.0,0.0,6.7,0.0,52.1,0.0,6.95,-0.5
202609060907,2026-09-06,09,07R,13:46,2026-09-06T13:36:22.427981+09:00,1,52.0,0.0,6.77,0.0,52.0,0.0,6.74,0.0,51.5,0.5,6.81,0.0,52.0,0.0,6.78,0.0,52.0,0.0,6.81,0.0,54.5,0.0,6.84,0.5
202609061411,2026-09-06,14,11R,13:49,2026-09-06T13:40:24.763480+09:00,1,47.0,0.0,6.75,0.0,47.0,0.0,6.82,-0.5,46.5,0.5,6.89,0.0,47.0,0.0,6.85,-0.5,46.5,0.5,6.8,0.0,47.0,0.0,6.89,0.0
202609060407,2026-09-06,04,07R,13:53,2026-09-06T13:44:22.006838+09:00,1,46.0,1.0,6.78,-0.5,54.7,0.0,6.85,0.0,47.0,0.0,6.74,0.0,45.5,1.5,6.74,0.0,51.3,0.0,6.75,0.0,47.0,0.0,6.73,0.0
202609060307,2026-09-06,03,07R,14:01,2026-09-06T13:52:22.720020+09:00,1,55.5,0.0,6.75,0.5,52.1,0.0,6.79,0.5,51.0,1.0,6.71,0.5,52.4,0.0,6.76,0.5,52.0,0.0,6.79,1.0,63.8,0.0,6.94,0.0
202609061707,2026-09-06,17,07R,14:01,2026-09-06T13:52:22.720020+09:00,1,52.0,0.0,6.75,0.0,46.5,0.5,6.79,-0.5,52.1,0.0,6.75,-0.5,55.3,0.0,6.91,0.0,52.0,0.0,6.84,0.0,57.4,0.0,6.86,-0.5
202609061108,2026-09-06,11,08R,14:08,2026-09-06T13:58:21.269317+09:00,1,52.0,0.0,6.79,-0.5,50.5,1.5,6.77,0.0,52.1,0.0,6.77,0.0,52.0,0.0,6.82,0.0,53.1,0.0,6.83,0.5,52.6,0.0,6.83,0.0
202609061012,2026-09-06,10,12R,14:11,2026-09-06T14:02:20.400612+09:00,1,53.3,0.0,6.75,-0.5,52.4,0.0,6.77,-0.5,52.0,0.0,6.76,0.0,53.7,0.0,6.88,-0.5,52.4,0.0,6.9,-0.5,52.2,0.0,6.84,-0.5
202609062206,2026-09-06,22,06R,14:14,2026-09-06T14:04:21.711327+09:00,1,52.1,0.0,6.88,0.0,53.0,0.0,6.9,0.0,53.0,0.0,6.98,0.0,52.8,0.0,6.93,0.0,52.7,0.0,6.91,0.0,51.5,0.5,6.89,0.0
202609060208,2026-09-06,02,08R,14:16,2026-09-06T14:06:19.721951+09:00,1,52.7,0.0,6.81,-0.5,52.0,0.0,6.79,-0.5,52.4,0.0,6.88,-0.5,52.3,0.0,6.8,0.0,53.8,0.0,6.8,-0.5,53.4,0.0,6.9,-0.5
202609060908,2026-09-06,09,08R,14:18,2026-09-06T14:08:18.518723+09:00,1,50.5,1.5,6.86,0.0,52.0,0.0,6.82,0.0,52.0,0.0,6.74,-0.5,53.2,0.0,6.86,0.0,50.5,1.5,6.82,-0.5,54.2,0.0,6.78,0.0
202609060408,2026-09-06,04,08R,14:24,2026-09-06T14:14:23.665506+09:00,1,47.7,0.0,6.76,0.0,44.0,3.0,6.75,0.0,50.0,0.0,6.68,0.0,54.2,0.0,6.76,0.0,44.0,3.0,6.78,-0.5,52.0,0.0,6.86,0.0
202609061412,2026-09-06,14,12R,14:28,2026-09-06T14:18:18.917007+09:00,1,46.5,0.5,6.82,0.0,47.0,0.0,6.77,0.0,47.1,0.0,6.84,0.0,47.0,0.0,6.78,0.0,47.0,0.0,6.9,0.0,47.0,0.0,6.89,0.0
202609060308,2026-09-06,03,08R,14:31,2026-09-06T14:22:19.207590+09:00,1,51.0,1.0,6.64,0.5,52.0,0.0,6.75,0.5,56.0,0.0,6.73,0.5,52.3,0.0,6.57,1.0,57.1,0.0,6.77,0.5,52.0,0.0,6.75,1.0
202609061708,2026-09-06,17,08R,14:36,2026-09-06T14:26:18.540529+09:00,1,56.6,0.0,6.91,0.0,52.0,0.0,6.96,-0.5,52.0,0.0,6.93,0.0,50.0,2.0,6.94,-0.5,52.0,0.0,6.93,-0.5,44.5,2.5,6.89,-0.5
202609061109,2026-09-06,11,09R,14:41,2026-09-06T14:32:23.389211+09:00,1,53.3,0.0,6.67,0.0,52.0,0.0,6.76,0.0,52.0,0.0,6.67,0.0,53.0,0.0,6.76,0.0,52.0,0.0,6.69,0.0,53.3,0.0,6.75,0.0
202609062207,2026-09-06,22,07R,14:44,2026-09-06T14:34:18.974731+09:00,1,53.8,0.0,6.91,-0.5,52.2,0.0,6.88,-0.5,52.1,0.0,6.92,0.0,52.3,0.0,6.89,0.0,52.0,0.0,6.89,0.0,52.0,0.0,6.84,0.5
202609060209,2026-09-06,02,09R,14:48,2026-09-06T14:38:22.504663+09:00,1,53.2,0.0,6.8,0.0,52.0,0.0,6.86,0.0,52.7,0.0,6.83,0.0,55.5,0.0,6.9,0.0,52.4,0.0,6.82,0.0,54.1,0.0,6.94,0.0
202609060909,2026-09-06,09,09R,14:50,2026-09-06T14:40:25.645668+09:00,1,52.9,0.0,7.02,0.0,54.0,0.0,6.81,-0.5,52.0,0.0,6.88,0.0,52.1,0.0,6.8,0.0,50.5,1.5,6.81,-0.5,52.0,0.0,6.82,0.0
202609060409,2026-09-06,04,09R,14:56,2026-09-06T14:46:23.973146+09:00,1,47.0,0.0,6.71,0.0,51.8,0.0,6.77,-0.5,45.0,2.0,6.79,0.0,47.0,0.0,6.8,-0.5,52.6,0.0,6.82,-0.5,47.1,0.0,6.86,0.0
202609060309,2026-09-06,03,09R,14:57,2026-09-06T14:48:25.562025+09:00,1,52.0,0.0,6.8,0.0,52.9,0.0,6.71,0.5,53.9,0.0,6.66,1.0,57.3,0.0,6.75,0.5,53.4,0.0,6.75,0.5,52.0,0.0,6.72,0.5
202609061709,2026-09-06,17,09R,15:04,2026-09-06T14:54:21.277906+09:00,1,52.0,0.0,6.93,-0.5,52.3,0.0,6.91,0.0,47.4,0.0,6.81,0.0,55.0,0.0,6.89,-0.5,52.6,0.0,6.87,0.0,53.1,0.0,6.97,-0.5
202609061110,2026-09-06,11,10R,15:11,2026-09-06T15:02:23.142095+09:00,1,52.0,0.0,6.74,0.0,52.4,0.0,6.64,0.0,52.0,0.0,6.77,0.0,52.0,0.0,6.75,0.0,52.0,0.0,6.81,0.0,52.4,0.0,6.82,0.0
202609062208,2026-09-06,22,08R,15:14,2026-09-06T15:04:19.124841+09:00,1,54.1,0.0,6.86,0.0,52.0,0.0,6.86,0.0,52.8,0.0,6.93,0.0,51.5,0.5,6.92,0.0,52.0,0.0,6.95,0.0,53.9,0.0,6.93,0.0
202609061201,2026-09-06,12,01R,15:17,2026-09-06T15:08:27.839704+09:00,1,54.9,0.0,6.95,-0.5,52.0,0.0,7.01,-0.5,54.2,0.0,6.92,-0.5,54.9,0.0,7.05,-0.5,44.5,2.5,6.89,-0.5,49.3,0.0,6.88,-0.5
202609060101,2026-09-06,01,01R,15:19,2026-09-06T15:10:22.632132+09:00,1,56.5,0.0,6.67,-0.5,52.0,0.0,6.78,-0.5,53.2,0.0,6.69,-0.5,52.8,0.0,6.91,-0.5,52.0,0.0,6.78,-0.5,51.5,0.5,6.72,-0.5
202609060210,2026-09-06,02,10R,15:21,2026-09-06T15:12:24.208946+09:00,1,53.2,0.0,6.77,-0.5,51.0,1.0,6.82,-0.5,52.0,0.0,6.83,-0.5,53.8,0.0,6.75,-0.5,50.5,1.5,6.73,0.0,55.0,0.0,6.91,-0.5
202609060910,2026-09-06,09,10R,15:23,2026-09-06T15:14:24.847732+09:00,1,45.5,1.5,6.79,0.0,54.2,0.0,6.85,-0.5,51.5,0.5,6.88,0.0,52.0,0.0,6.83,0.0,51.0,1.0,6.84,0.0,54.5,0.0,6.86,0.0
202609060310,2026-09-06,03,10R,15:25,2026-09-06T15:16:24.428645+09:00,1,52.3,0.0,6.55,1.0,52.8,0.0,6.64,0.5,52.1,0.0,6.57,0.0,52.7,0.0,6.66,1.0,53.5,0.0,6.68,0.0,53.9,0.0,6.66,0.5
202609060701,2026-09-06,07,01R,15:25,2026-09-06T15:16:24.428645+09:00,1,52.1,0.0,6.72,0.0,52.0,0.0,6.83,-0.5,52.0,0.0,6.72,-0.5,54.6,0.0,6.8,-0.5,53.1,0.0,6.8,0.0,55.9,0.0,6.84,0.0
202609060410,2026-09-06,04,10R,15:29,2026-09-06T15:20:20.213203+09:00,1,46.0,1.0,6.82,0.0,48.3,0.0,6.77,-0.5,47.0,0.0,6.81,0.0,47.9,0.0,6.72,-0.5,48.1,0.0,6.75,0.0,54.7,0.0,6.87,0.0
202609061710,2026-09-06,17,10R,15:39,2026-09-06T15:30:28.261179+09:00,1,52.5,0.0,6.98,0.0,54.0,0.0,6.81,0.0,52.0,0.0,6.82,0.0,53.6,0.0,7.02,0.0,52.0,0.0,6.8,0.0,52.0,0.0,6.89,-0.5
202609061202,2026-09-06,12,02R,15:42,2026-09-06T15:32:18.838137+09:00,1,58.8,0.0,7.06,-0.5,52.4,0.0,7.06,-0.5,54.7,0.0,7.06,-0.5,53.3,0.0,7.09,-0.5,47.0,0.0,6.99,0.0,46.5,0.5,7.04,-0.5
202609060102,2026-09-06,01,02R,15:43,2026-09-06T15:34:22.057208+09:00,1,53.2,0.0,6.83,-0.5,52.1,0.0,6.77,-0.5,52.2,0.0,6.68,0.0,52.7,0.0,6.8,0.0,53.2,0.0,6.72,-0.5,55.1,0.0,6.82,-0.5
202609061111,2026-09-06,11,11R,15:47,2026-09-06T15:38:24.167497+09:00,1,51.0,1.0,6.79,0.0,52.0,0.0,6.72,0.0,51.5,0.5,6.71,0.0,50.5,1.5,6.83,0.0,52.0,0.0,6.78,0.0,51.5,0.5,6.83,0.0
202609062209,2026-09-06,22,09R,15:50,2026-09-06T15:40:20.310311+09:00,1,51.5,0.5,6.89,0.0,52.0,0.0,6.83,0.0,56.9,0.0,6.97,-0.5,52.4,0.0,6.91,0.0,52.0,0.0,6.89,0.0,52.2,0.0,6.93,0.0
202609060311,2026-09-06,03,11R,15:54,2026-09-06T15:44:24.435893+09:00,1,52.0,0.0,6.65,0.5,51.0,1.0,6.67,0.5,52.0,0.0,6.62,1.0,52.2,0.0,6.59,0.0,53.2,0.0,6.65,0.5,52.3,0.0,6.69,0.5
202609060211,2026-09-06,02,11R,15:55,2026-09-06T15:46:25.711835+09:00,1,52.0,0.0,6.72,0.0,51.5,0.5,6.87,0.0,54.1,0.0,6.74,0.0,51.5,0.5,6.88,-0.5,53.2,0.0,6.86,0.0,53.2,0.0,6.9,0.0
202609060702,2026-09-06,07,02R,15:57,2026-09-06T15:48:23.810390+09:00,1,52.0,0.0,6.76,0.0,54.1,0.0,6.78,-0.5,54.8,0.0,6.77,-0.5,52.0,0.0,6.76,0.0,54.1,0.0,6.85,-0.5,52.6,0.0,6.72,0.0
202609060911,2026-09-06,09,11R,15:58,2026-09-06T15:48:23.810390+09:00,1,53.3,0.0,6.81,0.0,52.2,0.0,6.85,0.0,52.0,0.0,6.79,0.0,52.0,0.0,6.84,0.0,52.0,0.0,6.8,0.0,45.5,1.5,6.8,0.0
202609060411,2026-09-06,04,11R,16:03,2026-09-06T15:54:24.621928+09:00,1,46.0,1.0,6.77,0.0,48.0,0.0,6.86,0.0,51.5,0.5,6.84,0.0,51.2,0.0,6.85,-0.5,50.6,0.0,6.93,0.0,48.3,0.0,6.77,0.0
202609060103,2026-09-06,01,03R,16:06,2026-09-06T15:56:22.495900+09:00,1,52.0,0.0,,-0.5,52.7,0.0,,-0.5,53.5,0.0,,-0.5,52.6,0.0,,-0.5,53.4,0.0,,-0.5,55.1,0.0,,0.0
202609061711,2026-09-06,17,11R,16:11,2026-09-06T16:02:26.426840+09:00,1,52.0,0.0,6.83,0.0,56.6,0.0,6.88,0.0,52.0,0.0,6.86,0.0,52.0,0.0,6.89,0.0,45.0,2.0,6.86,-0.5,56.8,0.0,6.83,-0.5
202609061203,2026-09-06,12,03R,16:13,2026-09-06T16:04:25.602378+09:00,1,53.3,0.0,6.96,-0.5,52.1,0.0,6.92,-0.5,54.7,0.0,6.98,-0.5,53.0,0.0,7.03,-0.5,54.7,0.0,7.01,-0.5,46.5,0.5,6.98,-0.5
202609062210,2026-09-06,22,10R,16:17,2026-09-06T16:08:22.563003+09:00,1,52.0,0.0,6.86,0.0,52.4,0.0,6.92,0.0,53.2,0.0,6.87,0.0,52.7,0.0,6.88,0.0,54.1,0.0,6.87,0.0,49.5,2.5,6.91,0.0
202609061112,2026-09-06,11,12R,16:20,2026-09-06T16:10:20.147074+09:00,1,52.3,0.0,6.77,0.0,52.8,0.0,6.78,0.0,52.6,0.0,6.8,-0.5,51.5,0.5,6.76,0.0,52.3,0.0,6.83,0.0,52.6,0.0,6.86,0.0
202609060703,2026-09-06,07,03R,16:23,2026-09-06T16:14:19.324118+09:00,1,55.5,0.0,6.72,-0.5,52.9,0.0,6.81,0.0,52.4,0.0,6.72,-0.5,53.7,0.0,6.79,-0.5,53.5,0.0,6.76,-0.5,52.4,0.0,6.72,-0.5
202609060312,2026-09-06,03,12R,16:25,2026-09-06T16:16:17.939170+09:00,1,52.6,0.0,6.61,1.0,52.4,0.0,6.65,0.0,52.6,0.0,6.69,0.5,55.4,0.0,6.78,0.5,53.8,0.0,6.7,1.0,,,,
202609060212,2026-09-06,02,12R,16:30,2026-09-06T16:20:21.487671+09:00,1,51.5,0.5,6.7,0.0,52.8,0.0,6.7,0.0,53.0,0.0,6.76,0.0,51.5,0.5,6.88,-0.5,58.2,0.0,6.79,0.0,52.4,0.0,6.84,0.0
202609060104,2026-09-06,01,04R,16:33,2026-09-06T16:24:24.696280+09:00,1,52.0,0.0,6.7,-0.5,55.9,0.0,6.72,-0.5,52.0,0.0,6.91,-0.5,56.7,0.0,6.73,-0.5,57.4,0.0,6.78,-0.5,52.3,0.0,6.9,-0.5
202609060912,2026-09-06,09,12R,16:35,2026-09-06T16:26:21.752917+09:00,1,52.0,0.0,6.91,0.0,52.0,0.0,6.8,0.0,52.3,0.0,6.92,-0.5,52.0,0.0,6.95,-0.5,52.0,0.0,6.78,0.0,52.0,0.0,6.94,0.0
202609060412,2026-09-06,04,12R,16:38,2026-09-06T16:28:21.179319+09:00,1,52.0,0.0,6.75,-0.5,47.0,0.0,6.73,-0.5,46.0,1.0,6.78,-0.5,47.2,0.0,6.75,0.0,47.0,0.0,6.69,0.0,44.5,2.5,6.76,-0.5
202609061204,2026-09-06,12,04R,16:45,2026-09-06T16:36:22.707689+09:00,1,48.1,0.0,7.05,0.0,52.8,0.0,6.98,-0.5,51.5,0.5,6.98,-0.5,55.4,0.0,7.1,-0.5,52.0,0.0,7.07,0.0,52.8,0.0,7.11,-0.5
202609061712,2026-09-06,17,12R,16:50,2026-09-06T16:40:22.764072+09:00,1,51.0,1.0,6.8,-0.5,50.0,2.0,6.88,0.0,53.7,0.0,6.94,0.0,53.6,0.0,6.95,-0.5,52.3,0.0,6.93,-0.5,52.5,0.0,6.99,-0.5
202609060704,2026-09-06,07,04R,16:52,2026-09-06T16:42:21.169929+09:00,1,52.0,0.0,6.65,0.0,51.5,0.5,6.74,0.0,57.9,0.0,6.67,-0.5,52.0,0.0,6.74,-0.5,51.5,0.5,6.77,-0.5,55.0,0.0,6.8,0.0
202609062211,2026-09-06,22,11R,16:56,2026-09-06T16:46:18.548618+09:00,1,51.5,0.5,6.89,0.0,52.0,0.0,6.82,0.0,50.0,2.0,6.94,0.0,52.0,0.0,6.84,0.0,53.8,0.0,6.89,-0.5,53.4,0.0,6.83,0.0
202609060105,2026-09-06,01,05R,17:01,2026-09-06T16:52:19.363128+09:00,1,53.2,0.0,6.76,-0.5,52.2,0.0,6.86,0.0,53.6,0.0,6.75,-0.5,52.4,0.0,6.73,0.0,56.5,0.0,6.71,-0.5,52.6,0.0,6.74,-0.5
202609061205,2026-09-06,12,05R,17:10,2026-09-06T17:00:41.172372+09:00,1,52.4,0.0,,0.0,52.0,0.0,,-0.5,52.2,0.0,,-0.5,51.5,0.5,,-0.5,49.8,0.0,,-0.5,51.5,0.5,,-0.5
202609060705,2026-09-06,07,05R,17:19,2026-09-06T17:10:23.717433+09:00,1,55.0,0.0,6.68,-0.5,52.0,0.0,6.7,-0.5,52.0,0.0,6.71,0.0,52.0,0.0,6.72,0.0,52.1,0.0,6.75,0.0,54.5,0.0,6.76,0.0
202609062212,2026-09-06,22,12R,17:25,2026-09-06T17:16:20.032231+09:00,1,52.0,0.0,6.81,0.0,52.0,0.0,6.85,0.0,52.0,0.0,6.95,0.0,52.0,0.0,6.95,0.0,54.1,0.0,6.83,0.0,52.1,0.0,6.85,0.0
202609060106,2026-09-06,01,06R,17:28,2026-09-06T17:18:22.169281+09:00,1,52.0,0.0,6.72,-0.5,52.0,0.0,6.86,-0.5,53.4,0.0,6.74,-0.5,53.3,0.0,6.93,-0.5,53.2,0.0,6.93,-0.5,55.4,0.0,6.71,-0.5
202609061206,2026-09-06,12,06R,17:37,2026-09-06T17:28:17.270445+09:00,1,53.8,0.0,6.99,0.0,54.9,0.0,7.02,-0.5,46.5,0.5,6.87,-0.5,52.4,0.0,6.94,-0.5,54.2,0.0,6.95,-0.5,52.9,0.0,7.05,-0.5
202609060706,2026-09-06,07,06R,17:46,2026-09-06T17:36:21.935733+09:00,1,52.7,0.0,6.7,0.0,52.5,0.0,6.74,0.0,57.6,0.0,6.76,0.0,53.7,0.0,6.74,-0.5,55.0,0.0,6.8,0.0,54.1,0.0,6.84,-0.5
202609060107,2026-09-06,01,07R,17:55,2026-09-06T17:46:22.457169+09:00,1,51.5,0.5,6.84,-0.5,50.5,1.5,6.8,-0.5,52.0,0.0,6.71,-0.5,52.7,0.0,6.62,0.0,53.2,0.0,6.68,-0.5,52.7,0.0,6.72,0.0
202609061207,2026-09-06,12,07R,18:04,2026-09-06T17:54:23.627725+09:00,1,52.0,0.0,7.0,0.0,47.0,0.0,7.06,0.0,52.1,0.0,7.09,-0.5,54.7,0.0,7.11,-0.5,52.0,0.0,7.09,-0.5,44.5,2.5,6.96,-0.5
202609060707,2026-09-06,07,07R,18:13,2026-09-06T18:04:23.370075+09:00,1,52.3,0.0,6.73,0.0,55.9,0.0,6.92,0.0,52.3,0.0,6.82,-0.5,50.5,1.5,6.66,3.0,55.5,0.0,6.78,-0.5,53.1,0.0,6.85,0.0
202609060108,2026-09-06,01,08R,18:23,2026-09-06T18:14:26.267394+09:00,1,52.2,0.0,6.75,-0.5,53.3,0.0,6.81,-0.5,52.7,0.0,6.91,-0.5,51.0,1.0,6.72,-0.5,52.2,0.0,6.7,-0.5,52.9,0.0,6.74,-0.5
202609061208,2026-09-06,12,08R,18:33,2026-09-06T18:24:22.343718+09:00,1,52.8,0.0,7.08,-0.5,54.7,0.0,6.98,-0.5,53.3,0.0,7.04,-0.5,51.5,0.5,6.95,-0.5,49.3,0.0,6.91,-0.5,54.9,0.0,7.0,-0.5
202609060708,2026-09-06,07,08R,18:43,2026-09-06T18:34:22.710334+09:00,1,58.0,0.0,6.68,-0.5,52.0,0.0,6.8,-0.5,53.1,0.0,6.84,0.0,52.0,0.0,6.75,0.0,52.0,0.0,6.78,0.0,52.9,0.0,6.76,-0.5
202609060109,2026-09-06,01,09R,18:54,2026-09-06T18:44:23.262644+09:00,1,53.3,0.0,6.78,-0.5,52.0,0.0,6.86,-0.5,52.0,0.0,6.81,-0.5,53.5,0.0,6.92,-0.5,52.0,0.0,6.74,-0.5,54.5,0.0,6.87,-0.5
202609061209,2026-09-06,12,09R,19:04,2026-09-06T18:54:20.892480+09:00,1,51.0,1.0,6.93,-0.5,54.7,0.0,6.98,-0.5,49.8,0.0,6.98,-0.5,46.5,0.5,6.96,-0.5,52.4,0.0,7.04,-0.5,58.8,0.0,7.05,0.0
202609060709,2026-09-06,07,09R,19:14,2026-09-06T19:04:24.715754+09:00,1,52.0,0.0,6.75,-0.5,52.5,0.0,6.71,0.0,55.2,0.0,6.77,0.0,51.5,0.5,6.79,0.0,52.0,0.0,6.78,0.0,53.2,0.0,6.8,-0.5
202609060110,2026-09-06,01,10R,19:25,2026-09-06T19:16:22.291029+09:00,1,57.6,0.0,6.74,-0.5,52.0,0.0,6.65,-0.5,56.7,0.0,6.81,-0.5,53.6,0.0,6.69,-0.5,52.0,0.0,6.74,-0.5,53.7,0.0,6.7,-0.5
202609061210,2026-09-06,12,10R,19:36,2026-09-06T19:26:21.636217+09:00,1,51.5,0.5,6.98,-0.5,52.0,0.0,6.94,0.0,52.4,0.0,6.95,0.0,52.1,0.0,7.02,-0.5,53.3,0.0,7.01,-0.5,46.5,0.5,6.86,-0.5
202609060710,2026-09-06,07,10R,19:47,2026-09-06T19:38:17.860727+09:00,1,52.0,0.0,6.74,0.0,52.0,0.0,6.81,0.0,55.0,0.0,6.83,0.0,51.5,0.5,6.85,0.0,52.4,0.0,6.72,-0.5,54.6,0.0,6.86,-0.5
202609060111,2026-09-06,01,11R,19:58,2026-09-06T19:48:24.136773+09:00,1,52.8,0.0,6.81,-0.5,52.0,0.0,6.97,-0.5,52.2,0.0,6.8,0.0,53.2,0.0,6.78,-0.5,52.6,0.0,6.94,0.0,51.5,0.5,6.97,-0.5
202609061211,2026-09-06,12,11R,20:07,2026-09-06T19:58:24.947955+09:00,1,52.4,0.0,6.97,-0.5,52.0,0.0,6.92,0.0,53.8,0.0,7.01,0.0,52.8,0.0,6.95,-0.5,52.1,0.0,6.94,-0.5,48.1,0.0,6.96,0.0
202609060711,2026-09-06,07,11R,20:16,2026-09-06T20:06:22.829389+09:00,1,52.3,0.0,,-0.5,52.0,0.0,,0.0,54.5,0.0,,0.0,52.4,0.0,,-0.5,55.0,0.0,,0.0,53.7,0.0,,-0.5
202609060112,2026-09-06,01,12R,20:30,2026-09-06T20:20:18.384826+09:00,1,52.4,0.0,6.93,0.0,55.1,0.0,6.99,-0.5,52.2,0.0,6.81,-0.5,50.5,1.5,6.79,-0.5,52.0,0.0,6.81,-0.5,55.9,0.0,6.93,-0.5
202609061212,2026-09-06,12,12R,20:38,2026-09-06T20:28:22.091343+09:00,1,52.3,0.0,6.91,-0.5,52.8,0.0,6.87,-0.5,51.0,1.0,6.99,0.0,51.0,1.0,6.97,0.0,51.5,0.5,6.89,-0.5,52.0,0.0,7.03,-0.5
202609060712,2026-09-06,07,12R,20:45,2026-09-06T20:36:20.130058+09:00,1,52.0,0.0,6.73,-0.5,52.0,0.0,6.77,-0.5,55.0,0.0,6.79,-0.5,52.3,0.0,6.74,0.0,54.8,0.0,6.8,-0.5,52.5,0.0,6.75,0.0
