レースコード,レース日,レース場,レース回,締切時刻,取得日時,2連単_1-2,2連単_1-3,2連単_1-4,2連単_1-5,2連単_1-6,2連単_2-1,2連単_2-3,2連単_2-4,2連単_2-5,2連単_2-6,2連単_3-1,2連単_3-2,2連単_3-4,2連単_3-5,2連単_3-6,2連単_4-1,2連単_4-2,2連単_4-3,2連単_4-5,2連単_4-6,2連単_5-1,2連単_5-2,2連単_5-3,2連単_5-4,2連単_5-6,2連単_6-1,2連単_6-2,2連単_6-3,2連単_6-4,2連単_6-5,2連複_1=2,2連複_1=3,2連複_1=4,2連複_1=5,2連複_1=6,2連複_2=3,2連複_2=4,2連複_2=5,2連複_2=6,2連複_3=4,2連複_3=5,2連複_3=6,2連複_4=5,2連複_4=6,2連複_5=6
202609051001,2026-09-05,10,01R,08:32,2026-09-05T08:22:20.886311+09:00,2.3,10.6,2.7,9.2,34.3,30.6,122.6,143.1,85.8,429.3,61.3,122.6,171.7,858.7,858.7,13.4,40.8,143.1,45.1,85.8,45.1,286.2,429.3,66.0,214.6,107.3,286.2,858.7,214.6,286.2,2.6,6.7,2.4,12.9,16.1,32.2,25.8,32.2,0.0,64.5,64.5,64.5,14.3,32.2,129.0
202609051801,2026-09-05,18,01R,08:44,2026-09-05T08:34:21.640380+09:00,2.0,4.2,10.5,7.2,9.8,22.8,82.3,137.2,91.5,274.5,25.7,102.9,411.7,164.7,205.8,91.5,274.5,823.5,164.7,274.5,22.8,137.2,137.2,117.6,102.9,41.1,411.7,411.7,411.7,823.5,2.0,7.1,3.4,3.1,18.9,0.0,199.1,99.5,199.1,0.0,199.1,0.0,199.1,199.1,99.5
202609051002,2026-09-05,10,02R,08:58,2026-09-05T08:48:20.406774+09:00,4.3,18.2,11.3,22.7,68.2,4.9,8.2,10.5,24.8,21.0,22.7,27.3,39.0,91.0,91.0,45.5,15.1,91.0,39.0,91.0,34.1,45.5,68.2,54.6,91.0,273.0,68.2,273.0,91.0,273.0,1.8,6.7,3.8,43.8,43.8,21.9,7.3,12.5,0.0,87.7,29.2,0.0,87.7,43.8,0.0
202609051802,2026-09-05,18,02R,09:10,2026-09-05T09:01:11.092763+09:00,7.2,2.0,6.4,44.6,15.8,71.4,238.0,714.0,357.0,357.0,7.2,89.2,31.0,44.6,34.0,37.5,79.3,51.0,47.6,42.0,142.8,238.0,178.5,119.0,238.0,31.0,102.0,51.0,51.0,178.5,6.5,1.6,7.5,39.1,7.8,65.2,97.8,27.9,97.8,16.3,39.1,21.7,32.6,24.4,0.0
202609051003,2026-09-05,10,03R,09:24,2026-09-05T09:14:20.584609+09:00,10.6,2.7,21.3,33.2,19.9,19.9,31.5,66.5,59.8,199.5,3.3,16.6,11.5,35.2,74.8,66.5,54.4,49.8,66.5,149.6,149.6,99.7,119.7,99.7,149.6,149.6,199.5,199.5,149.6,199.5,13.0,1.0,24.7,123.7,123.7,10.7,123.7,123.7,0.0,14.5,61.8,82.5,247.5,123.7,0.0
202609051803,2026-09-05,18,03R,09:36,2026-09-05T09:26:25.842033+09:00,5.1,5.5,12.0,7.5,3.3,26.7,120.3,240.7,80.2,80.2,60.1,40.1,120.3,120.3,80.2,80.2,60.1,240.7,240.7,80.2,26.7,60.1,120.3,240.7,48.1,17.1,48.1,30.0,48.1,30.0,4.5,6.7,9.0,5.4,3.8,0.0,54.0,18.0,27.0,0.0,27.0,27.0,0.0,18.0,6.0
202609051004,2026-09-05,10,04R,09:50,2026-09-05T09:40:20.849973+09:00,11.7,2.9,14.1,7.1,20.9,24.1,48.2,160.7,80.3,120.5,6.9,28.3,34.4,18.5,34.4,80.3,96.4,68.8,96.4,96.4,17.8,60.2,22.9,43.8,53.5,37.0,120.5,120.5,160.7,96.4,10.1,1.7,28.5,12.9,8.3,47.5,71.2,28.5,142.5,35.6,8.3,17.8,28.5,35.6,12.9
202609051804,2026-09-05,18,04R,10:02,2026-09-05T09:52:21.303949+09:00,1.8,7.2,15.0,6.8,62.8,6.9,31.4,75.4,53.8,94.3,37.7,34.2,75.4,62.8,75.4,188.6,188.6,377.2,188.6,125.7,75.4,94.3,188.6,125.7,125.7,75.4,125.7,94.3,94.3,188.6,1.9,3.3,17.4,7.7,0.0,4.6,0.0,13.9,0.0,0.0,34.8,0.0,0.0,69.7,0.0
202609051005,2026-09-05,10,05R,10:18,2026-09-05T10:08:21.569961+09:00,9.8,18.6,10.9,55.8,51.5,10.1,26.7,10.1,95.6,29.1,29.1,20.9,18.6,35.2,51.5,10.4,5.6,17.1,33.4,8.1,111.6,133.9,167.4,95.6,167.4,74.4,55.8,95.6,55.8,223.2,11.7,16.0,5.3,22.0,17.6,11.0,4.5,19.5,9.7,12.5,25.1,22.0,22.0,4.8,58.7
202609051805,2026-09-05,18,05R,10:29,2026-09-05T10:20:25.346338+09:00,6.0,6.1,16.8,15.7,10.0,13.7,11.2,96.5,67.5,22.5,9.7,9.3,51.9,56.3,14.3,96.5,168.9,168.9,112.6,42.2,112.6,135.1,84.4,84.4,84.4,29.3,33.7,29.3,61.4,51.9,4.4,3.2,22.7,22.7,6.5,3.7,45.5,27.3,19.5,34.1,27.3,12.4,136.5,45.5,136.5
202609051101,2026-09-05,11,01R,10:33,2026-09-05T10:24:20.997949+09:00,6.0,4.5,71.3,13.9,38.0,38.0,47.5,81.5,47.5,190.2,2.5,19.0,51.8,13.9,35.6,81.5,95.1,114.1,142.6,0.0,22.8,47.5,33.5,142.6,142.6,51.8,190.2,71.3,190.2,570.7,9.6,1.8,15.2,4.8,26.6,13.3,35.5,26.6,106.5,21.3,9.6,53.2,106.5,53.2,53.2
202609051301,2026-09-05,13,01R,10:36,2026-09-05T10:26:26.334086+09:00,5.0,3.4,8.2,23.9,35.9,12.4,41.0,26.1,143.6,0.0,13.0,19.1,14.3,23.9,26.1,17.9,57.4,31.9,47.8,47.8,287.2,95.7,143.6,143.6,95.7,31.9,0.0,143.6,287.2,0.0,8.0,1.8,15.0,35.0,52.5,8.7,10.5,105.0,105.0,11.6,7.5,21.0,52.5,52.5,105.0
202609050901,2026-09-05,09,01R,10:42,2026-09-05T10:32:17.556655+09:00,3.4,10.3,20.0,6.2,21.4,9.1,21.1,40.9,20.2,40.9,24.9,42.8,61.4,36.8,102.4,46.1,55.8,80.1,49.8,87.8,14.6,22.7,54.2,70.9,24.2,65.8,97.0,184.4,230.5,63.5,3.6,6.9,14.3,5.0,12.8,14.9,20.7,6.6,26.6,24.8,19.6,37.2,20.7,24.8,16.2
202609050201,2026-09-05,02,01R,10:47,2026-09-05T10:38:25.685853+09:00,9.8,9.8,20.2,15.4,12.2,20.9,17.5,32.4,49.9,28.2,11.3,12.2,11.1,24.0,15.4,20.2,29.5,25.9,43.3,43.3,38.2,59.0,81.1,43.3,32.4,34.1,64.9,29.5,72.1,108.2,6.8,4.9,18.9,18.9,10.3,5.8,15.1,17.4,18.9,5.6,28.4,12.6,25.2,20.6,17.4
202609051006,2026-09-05,10,06R,10:50,2026-09-05T10:40:23.624372+09:00,16.8,15.9,8.5,65.5,31.0,16.3,53.6,42.1,73.7,98.3,11.3,26.8,14.3,31.0,32.7,6.6,24.5,7.7,9.3,12.0,98.3,84.3,84.3,32.7,98.3,84.3,147.5,84.3,42.1,42.1,28.8,12.3,3.4,34.6,21.6,28.8,5.7,86.6,0.0,3.5,28.8,86.6,8.2,5.5,173.2
202609051701,2026-09-05,17,01R,10:54,2026-09-05T10:44:22.641596+09:00,3.1,3.4,4.2,10.6,19.7,18.4,69.0,46.0,92.0,276.0,30.6,69.0,46.0,276.0,138.0,23.0,69.0,138.0,92.0,138.0,69.0,92.0,69.0,92.0,92.0,138.0,276.0,276.0,0.0,276.0,4.6,5.3,5.1,17.0,17.0,7.8,6.0,34.0,51.0,6.8,34.0,51.0,34.0,25.5,102.0
202609050401,2026-09-05,04,01R,10:55,2026-09-05T10:46:23.594534+09:00,15.1,7.3,16.0,40.7,176.5,31.1,25.2,40.7,66.1,132.3,4.9,13.5,5.3,23.0,66.1,8.6,29.4,15.1,24.0,75.6,44.1,75.6,37.8,58.8,105.9,88.2,176.5,105.9,105.9,264.7,15.1,2.6,9.3,13.5,60.7,15.1,22.0,27.0,81.0,2.8,17.3,81.0,16.2,30.3,40.5
202609051806,2026-09-05,18,06R,10:59,2026-09-05T10:50:22.131618+09:00,1.5,10.5,21.7,24.9,13.6,10.5,51.2,72.6,72.6,48.4,58.1,87.1,96.8,62.2,67.0,37.8,108.9,96.8,145.2,96.8,48.4,51.2,124.5,54.4,87.1,45.8,62.2,79.2,124.5,145.2,2.4,5.6,6.4,12.0,6.6,22.5,18.0,45.0,12.8,45.0,22.5,60.0,60.0,36.0,45.0
202609051102,2026-09-05,11,02R,11:02,2026-09-05T10:52:19.757588+09:00,4.2,31.3,6.8,94.0,70.5,7.8,40.2,15.6,141.0,141.0,40.2,56.4,70.5,282.0,0.0,5.7,7.2,17.6,14.1,21.6,25.6,282.0,94.0,47.0,94.0,40.2,141.0,0.0,282.0,0.0,7.2,18.0,2.7,12.0,0.0,18.0,3.0,12.0,0.0,36.0,0.0,0.0,12.0,9.0,0.0
202609051302,2026-09-05,13,02R,11:05,2026-09-05T10:56:19.486701+09:00,8.2,6.2,17.7,19.1,11.5,38.3,32.8,28.7,0.0,230.2,17.7,15.3,13.5,23.0,10.9,23.0,57.5,19.1,23.0,20.9,38.3,57.5,76.7,38.3,23.0,57.5,115.1,32.8,46.0,46.0,11.8,1.3,15.3,19.2,21.9,13.9,25.6,38.4,76.8,19.2,30.7,25.6,76.8,38.4,30.7
202609050902,2026-09-05,09,02R,11:12,2026-09-05T11:02:20.459930+09:00,5.1,4.4,7.0,11.3,13.5,15.3,42.5,48.2,49.9,62.9,13.2,33.6,34.4,23.7,35.3,24.9,45.2,42.5,53.6,48.2,39.1,55.6,57.9,85.1,80.4,62.9,160.8,76.1,131.5,111.3,3.8,1.9,8.8,9.0,9.6,18.8,43.3,39.4,216.7,27.0,36.1,61.9,54.1,72.2,216.7
202609050301,2026-09-05,03,01R,11:14,2026-09-05T11:04:19.357313+09:00,8.6,8.3,7.2,13.4,44.2,19.3,25.8,19.3,23.8,44.2,23.8,17.2,23.8,11.0,38.7,16.3,20.6,20.6,17.2,51.6,38.7,154.8,28.1,25.8,154.8,61.9,154.8,61.9,309.7,154.8,11.0,5.2,4.2,14.7,17.7,9.8,9.8,14.7,29.5,9.8,12.6,29.5,12.6,22.1,22.1
202609050202,2026-09-05,02,02R,11:16,2026-09-05T11:06:22.846922+09:00,7.0,33.5,27.9,29.5,12.2,9.4,21.8,23.9,38.6,10.0,21.8,26.4,29.5,27.9,27.9,25.1,23.9,31.4,41.8,38.6,29.5,33.5,100.5,71.7,20.9,19.3,11.9,35.8,55.8,41.8,2.8,11.9,22.3,35.7,4.9,8.5,13.7,44.6,7.1,16.2,44.6,44.6,25.5,12.7,22.3
202609051007,2026-09-05,10,07R,11:20,2026-09-05T11:10:22.158651+09:00,3.5,17.8,17.8,67.6,48.3,5.0,26.0,10.5,24.1,84.5,15.3,37.5,19.8,30.7,67.6,21.1,16.9,67.6,67.6,56.3,9.9,67.6,112.7,84.5,169.1,112.7,169.1,338.2,169.1,84.5,4.1,4.5,5.3,19.5,117.0,7.3,4.6,23.4,39.0,10.6,19.5,117.0,29.2,58.5,0.0
202609050402,2026-09-05,04,02R,11:24,2026-09-05T11:14:20.675285+09:00,11.1,25.9,77.7,20.4,64.7,7.7,13.8,16.1,4.5,13.8,32.3,22.8,35.3,43.1,129.5,129.5,64.7,129.5,64.7,77.7,19.4,5.5,48.5,77.7,16.8,97.1,77.7,194.2,77.7,77.7,6.0,13.8,96.7,10.7,32.2,6.4,16.1,2.9,8.7,12.0,32.2,48.3,48.3,24.1,10.7
202609051702,2026-09-05,17,02R,11:23,2026-09-05T11:14:20.675285+09:00,4.4,2.9,10.7,7.6,80.6,161.2,161.2,40.3,161.2,0.0,12.4,53.7,20.1,11.5,80.6,53.7,161.2,80.6,0.0,0.0,10.7,161.2,16.1,80.6,53.7,161.2,0.0,0.0,80.6,0.0,30.3,1.8,60.7,3.4,60.7,8.6,12.1,40.5,0.0,10.1,12.1,121.5,121.5,121.5,0.0
202609051807,2026-09-05,18,07R,11:31,2026-09-05T11:22:19.442090+09:00,2.8,14.2,6.6,12.6,41.3,10.8,65.0,30.3,45.5,113.8,20.6,45.5,37.9,45.5,56.9,16.2,45.5,65.0,22.7,113.8,21.6,37.9,50.5,35.0,56.9,50.5,75.8,113.8,91.0,151.7,2.7,11.6,5.8,4.8,40.8,23.3,18.1,18.1,54.5,81.7,27.2,81.7,5.4,40.8,23.3
202609051103,2026-09-05,11,03R,11:34,2026-09-05T11:24:22.243481+09:00,9.4,24.8,43.5,174.0,29.0,8.4,11.2,12.4,43.5,12.8,13.3,12.8,34.8,87.0,43.5,19.3,10.5,38.6,69.6,20.4,34.8,69.6,116.0,87.0,43.5,20.4,18.3,20.4,26.7,116.0,7.9,14.2,11.8,35.6,8.9,14.2,7.1,23.7,5.9,17.8,17.8,23.7,23.7,3.7,35.6
202609051303,2026-09-05,13,03R,11:37,2026-09-05T11:28:20.422835+09:00,6.9,15.0,11.9,12.9,13.3,11.9,14.1,11.3,41.1,14.5,37.6,23.8,28.2,75.3,64.6,15.0,17.3,13.7,28.2,32.3,75.3,64.6,113.0,75.3,75.3,50.2,37.6,150.7,34.7,113.0,5.7,5.0,5.3,7.7,12.2,7.1,6.1,0.0,28.5,7.1,0.0,28.5,85.5,28.5,0.0
202609050302,2026-09-05,03,02R,11:41,2026-09-05T11:32:23.628994+09:00,7.8,5.2,5.9,17.9,21.5,7.1,17.0,21.5,35.9,19.0,29.3,20.2,35.9,14.6,53.8,40.4,40.4,35.9,64.6,46.1,80.8,0.0,64.6,323.2,107.7,107.7,21.5,161.6,161.6,323.2,2.6,5.3,15.0,25.0,25.0,3.1,15.0,25.0,25.0,25.0,25.0,0.0,37.5,25.0,75.0
202609050903,2026-09-05,09,03R,11:42,2026-09-05T11:32:23.628994+09:00,3.0,11.9,15.0,11.0,26.3,10.1,13.0,32.4,18.3,48.1,11.9,16.4,32.4,25.3,53.6,63.4,77.5,63.4,93.0,126.8,31.7,34.0,60.6,73.4,63.4,139.5,116.2,116.2,116.2,93.0,1.8,6.1,27.3,8.6,35.5,7.1,27.3,13.6,88.8,32.3,13.6,29.6,39.5,177.7,50.7
202609050203,2026-09-05,02,03R,11:45,2026-09-05T11:36:25.297252+09:00,15.9,29.9,14.6,18.0,171.9,25.4,49.1,25.4,36.1,98.2,32.7,34.3,27.5,20.2,40.4,9.6,11.4,27.5,5.2,38.2,15.6,16.7,18.0,7.0,57.3,687.7,687.7,343.8,137.5,171.9,13.9,13.0,7.7,4.3,52.3,14.9,11.6,12.3,52.3,14.9,26.1,52.3,2.9,19.0,29.8
202609052201,2026-09-05,22,01R,11:48,2026-09-05T11:38:27.691369+09:00,2.3,4.7,6.1,10.6,24.9,11.6,93.5,124.7,93.5,374.2,26.7,46.7,74.8,62.3,93.5,22.0,62.3,187.1,34.0,187.1,46.7,53.4,187.1,46.7,93.5,374.2,374.2,374.2,0.0,187.1,2.9,5.3,12.3,5.7,37.1,37.1,10.6,14.8,37.1,37.1,6.1,0.0,18.5,18.5,74.2
202609051008,2026-09-05,10,08R,11:50,2026-09-05T11:40:22.186007+09:00,10.4,19.5,10.6,41.9,14.6,11.0,45.1,39.1,65.2,27.9,29.3,32.6,34.5,48.9,27.9,22.5,26.6,41.9,18.9,13.6,83.8,65.2,97.8,83.8,58.7,12.4,13.9,13.3,10.1,25.5,5.6,12.3,9.5,41.2,9.5,20.6,20.6,61.8,9.5,20.6,20.6,5.1,13.7,4.4,30.9
202609050403,2026-09-05,04,03R,11:53,2026-09-05T11:44:23.663779+09:00,2.6,14.1,14.7,184.1,10.2,5.4,46.0,24.5,122.7,33.4,14.1,24.5,30.6,61.3,92.0,26.3,30.6,46.0,73.6,40.9,122.7,184.1,184.1,368.2,122.7,21.6,40.9,184.1,61.3,368.2,2.0,5.9,9.3,21.7,9.3,16.3,10.8,16.3,65.2,21.7,65.2,0.0,32.6,16.3,32.6
202609051304,2026-09-05,13,04R,12:00,2026-09-05T11:50:24.704151+09:00,5.2,4.1,7.5,15.1,16.0,13.6,14.3,45.3,136.1,136.1,19.4,16.0,30.2,90.7,90.7,22.6,45.3,38.8,54.4,38.8,68.0,90.7,272.2,272.2,90.7,19.4,90.7,45.3,45.3,136.1,8.6,3.2,3.1,6.9,9.8,13.8,13.8,0.0,69.0,9.8,69.0,69.0,69.0,23.0,0.0
202609051104,2026-09-05,11,04R,12:02,2026-09-05T11:52:20.207033+09:00,13.9,58.6,17.2,29.3,36.6,26.6,48.8,48.8,36.6,48.8,36.6,48.8,36.6,48.8,146.6,11.2,14.6,36.6,3.5,48.8,20.9,32.5,97.7,3.9,48.8,36.6,97.7,293.2,146.6,293.2,5.6,10.3,7.7,10.3,0.0,15.5,8.8,10.3,0.0,15.5,31.1,0.0,2.3,20.7,0.0
202609051808,2026-09-05,18,08R,12:06,2026-09-05T11:56:20.768388+09:00,2.5,6.5,15.7,14.9,7.5,6.8,68.3,63.1,51.2,34.1,48.2,82.0,117.2,136.7,82.0,54.7,117.2,273.5,205.1,205.1,45.5,54.7,273.5,102.5,54.7,21.5,37.2,63.1,54.7,41.0,2.0,6.3,9.5,19.1,6.6,21.8,76.5,153.0,8.0,51.0,25.5,51.0,76.5,76.5,10.2
202609050303,2026-09-05,03,03R,12:08,2026-09-05T11:58:20.196177+09:00,9.6,7.9,7.7,21.0,23.9,7.3,23.9,8.5,23.9,14.9,35.8,39.8,59.7,17.0,71.7,32.5,18.8,71.7,39.8,44.8,71.7,119.5,51.2,71.7,358.5,29.8,21.0,71.7,39.8,59.7,2.9,13.3,7.2,26.7,13.3,6.1,5.3,0.0,16.0,40.1,26.7,26.7,26.7,11.4,26.7
202609051703,2026-09-05,17,03R,12:11,2026-09-05T12:02:26.713845+09:00,6.2,2.8,7.2,18.0,14.6,33.9,38.5,40.4,283.0,169.8,6.5,17.6,19.2,33.9,24.2,30.3,70.7,49.9,106.1,70.7,169.8,283.0,121.2,212.2,424.5,65.3,424.5,283.0,283.0,849.0,7.5,1.6,7.2,18.4,15.0,13.3,17.1,0.0,240.0,9.6,40.0,30.0,80.0,34.2,0.0
202609050204,2026-09-05,02,04R,12:14,2026-09-05T12:04:22.185816+09:00,93.5,15.8,29.0,76.5,168.3,40.0,38.2,52.5,56.1,120.2,6.3,15.0,4.2,6.1,18.7,24.0,35.0,12.9,13.7,52.5,49.5,52.5,15.8,30.0,38.2,168.3,280.5,105.1,120.2,105.1,13.3,5.4,18.9,45.4,25.2,10.3,22.7,37.8,22.7,3.2,6.3,12.6,8.7,25.2,22.7
202609050904,2026-09-05,09,04R,12:13,2026-09-05T12:04:22.185816+09:00,3.7,8.6,12.7,6.2,10.3,15.8,47.6,52.0,40.6,35.4,26.8,45.0,72.4,37.8,79.3,37.0,59.5,69.4,42.7,57.4,13.2,43.8,66.6,52.0,41.6,26.4,46.2,128.1,104.1,53.7,2.9,6.5,14.5,5.9,6.8,9.7,43.7,15.6,15.6,33.6,36.4,24.2,36.4,43.7,19.8
202609052202,2026-09-05,22,02R,12:18,2026-09-05T12:08:20.300007+09:00,16.7,13.2,6.1,17.9,50.2,41.8,41.8,41.8,31.4,125.6,31.4,31.4,22.8,27.9,50.2,5.8,19.3,20.9,10.4,41.8,15.7,50.2,83.7,9.3,50.2,83.7,83.7,62.8,62.8,62.8,59.2,3.7,4.2,19.7,59.2,29.6,59.2,0.0,59.2,6.5,4.5,59.2,4.2,29.6,59.2
202609050404,2026-09-05,04,04R,12:22,2026-09-05T12:12:24.947148+09:00,7.6,8.3,26.4,11.9,83.6,13.5,15.2,33.4,17.3,83.6,11.6,15.2,25.0,8.6,100.3,35.8,35.8,41.8,25.0,83.6,16.7,19.2,26.4,23.8,50.1,83.6,125.4,125.4,83.6,100.3,1.8,13.9,23.2,5.2,69.7,14.9,26.1,13.9,0.0,34.8,23.2,104.6,5.9,69.7,52.3
202609051009,2026-09-05,10,09R,12:25,2026-09-05T12:16:23.374189+09:00,5.8,9.9,14.8,15.8,76.5,6.7,13.1,38.2,9.1,229.5,14.3,14.8,35.3,16.3,91.8,30.6,57.3,51.0,91.8,153.0,21.8,17.0,27.0,45.9,57.3,76.5,114.7,114.7,114.7,114.7,3.0,5.7,20.4,9.5,47.7,7.1,71.6,4.0,0.0,35.8,7.5,28.6,47.7,23.8,0.0
202609051305,2026-09-05,13,05R,12:31,2026-09-05T12:22:25.077236+09:00,15.7,18.7,7.8,21.8,43.7,11.2,13.5,7.8,43.7,98.4,35.7,32.8,20.7,78.7,65.6,7.8,9.8,15.1,12.7,28.1,56.2,98.4,131.2,56.2,131.2,32.8,65.6,78.7,49.2,65.6,7.2,25.9,1.8,14.4,0.0,18.5,3.9,43.2,129.7,16.2,129.7,129.7,9.9,64.8,0.0
202609051105,2026-09-05,11,05R,12:33,2026-09-05T12:24:22.984742+09:00,5.4,7.9,3.5,71.1,35.5,18.7,59.2,35.5,44.4,88.8,44.4,59.2,29.6,50.7,355.5,9.6,25.3,18.7,20.9,35.5,32.3,88.8,35.5,29.6,71.1,29.6,59.2,88.8,71.1,118.5,4.7,4.2,2.1,81.0,27.0,40.5,10.1,81.0,13.5,20.2,40.5,81.0,27.0,27.0,0.0
202609050304,2026-09-05,03,04R,12:35,2026-09-05T12:26:20.862305+09:00,17.6,14.8,14.1,17.6,35.3,12.8,14.1,47.1,10.0,14.1,31.4,14.8,47.1,7.4,56.5,35.3,28.2,70.6,40.3,70.6,18.8,12.2,8.3,35.3,40.3,94.2,0.0,0.0,282.7,282.7,7.1,10.6,10.6,10.6,42.7,6.1,3.2,21.3,42.7,21.3,5.3,0.0,21.3,21.3,42.7
202609051704,2026-09-05,17,04R,12:38,2026-09-05T12:28:20.896824+09:00,13.0,15.5,15.5,,29.5,17.1,36.1,8.5,,27.1,40.6,32.5,36.1,,81.3,7.0,3.2,16.2,,5.8,,,,,,46.5,65.1,108.5,29.5,,4.7,19.0,4.3,,14.2,7.6,2.8,,22.8,7.1,,28.5,,14.2,
202609051809,2026-09-05,18,09R,12:41,2026-09-05T12:32:24.935382+09:00,3.3,2.6,5.6,17.9,16.7,17.9,56.4,65.8,107.7,84.6,27.5,74.1,91.2,79.0,62.4,25.7,56.4,107.7,107.7,84.6,91.2,98.8,131.7,148.2,1185,45.6,91.2,197.6,197.6,395.2,2.2,2.3,6.4,29.0,12.2,25.8,38.7,0.0,38.7,46.5,38.7,232.5,46.5,58.1,232.5
202609050205,2026-09-05,02,05R,12:44,2026-09-05T12:34:24.529434+09:00,24.9,21.4,5.4,28.8,15.6,36.9,115.5,42.0,51.3,46.2,44.0,92.4,42.0,38.5,54.3,6.2,8.6,20.5,17.1,6.2,77.0,40.1,61.6,115.5,40.1,33.0,48.6,46.2,22.5,66.0,11.8,9.9,2.0,31.8,10.6,39.8,12.2,79.6,18.7,10.6,17.7,22.7,26.5,8.6,39.8
202609050905,2026-09-05,09,05R,12:44,2026-09-05T12:34:24.529434+09:00,4.9,9.1,26.9,9.9,53.2,7.5,15.3,21.6,12.2,38.4,24.7,29.2,62.9,37.7,74.1,18.3,36.4,59.3,14.2,57.6,18.2,21.4,61.0,32.4,53.2,129.7,230.7,259.5,207.6,103.8,1.6,18.2,15.6,8.6,47.0,13.7,14.1,8.9,24.5,29.7,29.7,62.7,16.6,51.3,40.3
202609052203,2026-09-05,22,03R,12:49,2026-09-05T12:40:25.441291+09:00,6.9,43.6,34.9,11.6,43.6,7.5,9.1,29.1,5.6,21.8,43.6,29.1,43.6,43.6,174.7,58.2,87.3,19.4,43.6,174.7,17.4,15.8,21.8,21.8,19.4,174.7,43.6,0.0,0.0,43.6,3.6,3.0,6.0,8.4,84.7,12.1,9.4,9.4,0.0,21.1,84.7,0.0,42.3,84.7,21.1
202609050405,2026-09-05,04,05R,12:52,2026-09-05T12:42:21.451233+09:00,10.4,7.1,20.9,83.7,77.3,23.9,17.3,41.8,143.5,71.7,4.4,6.1,4.2,25.7,28.7,27.1,41.8,16.7,77.3,100.5,201.0,251.2,143.5,201.0,251.2,167.5,335.0,335.0,335.0,502.5,14.8,2.1,10.3,29.6,47.4,5.0,13.9,26.3,33.8,4.4,118.5,47.4,33.8,33.8,118.5
202609051010,2026-09-05,10,10R,12:58,2026-09-05T12:48:27.043189+09:00,2.8,17.2,10.6,11.8,40.8,4.8,32.0,23.6,9.9,37.4,26.4,44.9,74.8,56.1,49.9,56.1,112.3,149.7,112.3,149.7,19.5,21.3,89.8,149.7,112.3,149.7,149.7,224.6,224.6,224.6,2.2,6.0,12.4,9.1,24.8,21.7,6.2,7.5,58.0,87.0,87.0,29.0,43.5,29.0,58.0
202609050305,2026-09-05,03,05R,13:02,2026-09-05T12:52:19.204689+09:00,40.0,24.4,18.3,8.6,40.0,27.5,44.0,62.8,19.1,73.3,62.8,55.0,33.8,9.5,110.0,33.8,44.0,29.3,15.7,55.0,7.1,10.4,7.2,7.7,23.1,110.0,0.0,440.2,73.3,73.3,86.6,28.8,17.3,4.4,173.2,14.4,14.4,17.3,173.2,3.2,4.8,0.0,4.6,21.6,57.7
202609051705,2026-09-05,17,05R,13:03,2026-09-05T12:54:20.121238+09:00,6.7,5.9,7.0,16.3,3.5,39.3,98.2,196.5,0.0,49.1,39.3,49.1,98.2,98.2,49.1,65.5,196.5,0.0,196.5,49.1,49.1,0.0,98.2,98.2,49.1,8.1,19.6,39.3,24.5,24.5,13.1,15.3,5.7,23.0,2.7,8.3,8.3,0.0,18.4,7.6,92.2,0.0,30.7,7.0,92.2
202609051106,2026-09-05,11,06R,13:06,2026-09-05T12:56:18.627411+09:00,11.0,2.2,40.8,48.2,37.9,13.9,11.2,59.0,40.8,40.8,8.2,10.8,26.5,26.5,18.3,88.5,88.5,88.5,88.5,132.7,66.3,531.0,265.5,106.2,177.0,40.8,48.2,53.1,132.7,531.0,4.4,2.3,13.2,23.2,31.0,4.0,31.0,93.0,23.2,23.2,93.0,13.2,46.5,23.2,93.0
202609051306,2026-09-05,13,06R,13:10,2026-09-05T13:01:28.942382+09:00,14.2,6.9,2.5,16.0,24.7,45.6,78.8,54.2,433.8,867.7,43.3,66.7,54.2,289.2,123.9,3.1,36.1,39.4,11.8,66.7,123.9,433.8,433.8,173.5,867.7,173.5,867.7,173.5,216.9,0.0,18.5,7.9,1.1,29.3,70.3,43.9,27.0,351.7,351.7,17.5,117.2,351.7,20.6,43.9,87.9
202609051810,2026-09-05,18,10R,13:12,2026-09-05T13:02:19.570610+09:00,2.3,4.8,8.0,14.2,35.7,9.9,34.0,42.0,32.4,42.0,28.5,47.6,89.2,89.2,102.0,26.4,71.4,89.2,89.2,64.9,59.5,89.2,238.0,71.4,238.0,119.0,119.0,119.0,142.8,238.0,1.5,3.5,4.7,20.9,23.8,55.7,41.8,167.2,55.7,83.6,33.4,0.0,0.0,55.7,0.0
202609050206,2026-09-05,02,06R,13:14,2026-09-05T13:04:21.470260+09:00,24.9,26.4,27.3,45.9,62.4,11.6,7.4,10.6,15.8,22.4,24.9,11.8,16.4,11.8,32.3,20.8,16.8,24.2,17.4,32.3,43.6,33.6,20.3,37.9,34.9,87.3,58.2,97.0,79.4,72.8,8.4,18.1,6.6,18.1,33.0,4.4,5.1,13.9,27.9,8.2,17.2,22.6,7.7,30.2,72.6
202609050906,2026-09-05,09,06R,13:15,2026-09-05T13:06:20.648463+09:00,3.5,7.2,13.8,22.8,14.0,9.6,11.0,28.9,52.6,19.9,19.9,17.2,44.6,66.1,32.5,37.3,51.3,68.4,89.2,41.0,66.1,171.0,205.2,136.8,157.8,28.9,38.7,57.0,50.0,68.4,2.0,9.0,25.8,16.7,15.1,3.3,32.6,36.5,15.5,38.8,69.0,16.7,77.6,38.8,62.1
202609050406,2026-09-05,04,06R,13:22,2026-09-05T13:12:22.494473+09:00,23.4,16.6,14.5,25.3,10.2,34.3,33.2,37.0,50.6,33.2,21.4,29.1,26.7,30.0,21.8,10.3,26.7,35.6,13.9,12.5,68.7,74.0,56.6,48.1,33.2,11.8,34.3,19.6,15.0,19.6,15.3,12.0,7.3,21.0,4.6,14.0,24.1,24.1,10.5,10.5,168.7,8.0,18.7,5.1,15.3
202609052204,2026-09-05,22,04R,13:25,2026-09-05T13:16:20.863625+09:00,15.7,5.6,49.3,43.5,52.8,46.2,10.5,38.9,56.9,56.9,9.2,11.2,28.4,7.9,4.7,67.2,24.6,52.8,105.7,74.0,74.0,82.2,35.2,370.1,32.1,74.0,82.2,22.4,123.3,46.2,5.8,2.9,26.1,17.4,22.3,7.1,22.3,31.3,26.1,19.5,7.4,8.7,19.5,52.2,17.4
202609050306,2026-09-05,03,06R,13:29,2026-09-05T13:20:20.387657+09:00,24.8,10.5,16.5,8.9,26.7,19.3,24.8,43.5,20.4,24.8,13.9,29.0,23.2,5.6,21.7,69.6,87.0,69.6,34.8,69.6,12.0,31.6,12.0,43.5,21.7,69.6,87.0,87.0,116.0,69.6,4.7,15.7,11.8,3.3,47.2,14.1,35.4,5.6,47.2,20.2,5.6,141.7,47.2,47.2,11.8
202609051706,2026-09-05,17,06R,13:31,2026-09-05T13:22:22.136195+09:00,13.6,8.1,9.3,34.1,11.3,10.2,22.7,13.6,51.1,8.1,12.0,25.5,40.9,40.9,25.5,12.7,34.1,102.3,51.1,34.1,68.2,204.7,204.7,68.2,102.3,22.7,34.1,204.7,40.9,34.1,9.5,22.2,8.3,33.3,13.3,4.1,5.5,33.3,4.4,5.5,0.0,66.7,66.7,22.2,33.3
202609051011,2026-09-05,10,11R,13:33,2026-09-05T13:24:23.918488+09:00,22.4,6.5,9.0,73.8,209.1,25.6,30.6,36.9,114.0,250.9,8.4,10.9,4.6,11.5,27.2,18.1,24.1,8.8,23.6,46.4,139.4,89.6,69.7,83.6,313.6,179.2,209.1,250.9,104.5,250.9,5.4,6.9,8.6,20.8,36.5,7.6,16.2,146.2,146.2,2.8,10.4,16.2,18.2,24.3,0.0
202609051107,2026-09-05,11,07R,13:36,2026-09-05T13:26:18.231514+09:00,9.1,10.1,4.2,23.2,3.4,33.2,58.2,155.2,27.3,93.1,19.4,66.5,66.5,46.5,35.8,31.0,77.6,66.5,51.7,31.0,42.3,66.5,66.5,155.2,66.5,20.2,58.2,42.3,42.3,42.3,5.8,3.9,4.3,11.7,4.8,0.0,41.2,27.5,20.6,16.5,0.0,20.6,41.2,9.1,27.5
202609051307,2026-09-05,13,07R,13:39,2026-09-05T13:30:28.094617+09:00,18.6,1.7,19.5,19.5,53.1,19.5,17.7,41.3,124.0,372.0,5.0,14.8,28.6,33.8,93.0,53.1,74.4,93.0,124.0,186.0,93.0,124.0,186.0,372.0,0.0,186.0,186.0,0.0,186.0,372.0,29.6,1.0,44.5,178.1,0.0,32.3,59.3,356.2,0.0,35.6,89.0,0.0,178.1,356.2,0.0
202609050207,2026-09-05,02,07R,13:45,2026-09-05T13:36:23.373901+09:00,9.9,2.5,3.6,19.8,17.6,36.4,72.8,60.7,156.1,182.1,11.1,54.6,23.2,52.0,57.5,15.8,156.1,34.1,60.7,99.3,52.0,273.1,182.1,182.1,273.1,72.8,273.1,218.5,121.4,182.1,6.2,2.0,6.3,8.8,13.6,19.0,34.7,47.7,76.3,12.3,23.8,29.3,38.1,42.4,95.4
202609050907,2026-09-05,09,07R,13:46,2026-09-05T13:36:23.373901+09:00,5.2,4.0,4.5,31.9,27.2,15.3,65.4,19.3,113.7,93.4,12.9,46.7,24.4,93.4,55.6,11.5,28.1,34.4,36.3,24.0,90.2,174.4,327.0,109.0,218.0,118.9,261.6,174.4,67.0,261.6,7.0,7.1,2.0,11.2,16.0,26.4,12.4,56.1,40.8,14.0,44.9,37.4,16.6,14.4,112.3
202609051811,2026-09-05,18,11R,13:50,2026-09-05T13:40:21.248037+09:00,1.7,6.5,5.8,18.8,31.0,18.2,50.8,76.2,130.6,228.6,44.6,65.3,101.6,121.9,152.4,21.0,53.8,101.6,59.0,107.6,60.9,121.9,228.6,73.1,182.9,166.2,228.6,304.8,166.2,261.3,2.1,5.3,4.2,7.7,13.0,16.5,35.4,82.7,124.1,24.8,31.0,62.0,41.3,82.7,248.2
202609050407,2026-09-05,04,07R,13:53,2026-09-05T13:44:19.421914+09:00,17.9,28.3,7.2,94.6,31.5,35.4,177.4,26.7,236.6,202.8,47.3,61.7,22.1,74.7,118.3,3.4,8.9,11.6,18.9,4.6,157.7,202.8,283.9,67.6,101.4,39.4,101.4,129.0,29.5,118.3,16.9,17.9,1.7,53.7,14.6,35.8,9.7,46.0,46.0,11.9,107.5,26.8,24.8,4.9,107.5
202609050307,2026-09-05,03,07R,13:56,2026-09-05T13:46:21.290374+09:00,2.7,11.1,7.4,19.5,39.0,6.1,22.3,26.0,17.3,78.1,44.6,44.6,52.1,19.5,156.3,44.6,52.1,62.5,34.7,78.1,34.7,78.1,52.1,52.1,52.1,104.2,52.1,0.0,156.3,0.0,2.0,7.5,30.0,11.2,45.0,22.5,10.0,30.0,30.0,22.5,12.8,6.0,45.0,45.0,90.0
202609052205,2026-09-05,22,05R,13:58,2026-09-05T13:48:24.365746+09:00,3.8,2.5,23.4,17.2,8.7,27.3,41.0,109.5,657.0,328.5,5.9,11.9,46.9,219.0,26.2,109.5,219.0,93.8,657.0,131.4,219.0,328.5,657.0,657.0,0.0,219.0,328.5,59.7,657.0,657.0,6.9,1.0,33.1,132.7,132.7,26.5,66.3,265.5,265.5,17.7,265.5,0.0,132.7,0.0,0.0
202609051707,2026-09-05,17,07R,14:02,2026-09-05T13:52:21.992344+09:00,4.9,5.4,6.8,7.2,15.7,89.0,89.0,89.0,0.0,0.0,6.5,17.8,17.8,16.6,133.5,26.7,89.0,44.5,89.0,0.0,10.2,267.0,44.5,44.5,267.0,0.0,0.0,0.0,0.0,0.0,7.2,5.4,7.6,4.3,11.7,7.6,11.7,8.5,0.0,10.9,11.7,0.0,21.8,153.0,153.0
202609051108,2026-09-05,11,08R,14:07,2026-09-05T13:58:20.372222+09:00,4.2,7.6,31.8,54.2,45.1,4.7,7.6,10.6,108.4,60.2,8.6,9.6,45.1,49.2,38.7,90.3,108.4,180.7,180.7,41.7,49.2,271.1,271.1,271.1,180.7,45.1,54.2,271.1,135.5,271.1,2.5,3.0,24.3,0.0,16.2,6.0,24.3,48.7,6.9,48.7,0.0,48.7,48.7,24.3,24.3
202609051308,2026-09-05,13,08R,14:09,2026-09-05T14:00:22.116286+09:00,3.7,3.2,4.1,9.4,33.0,11.8,82.6,55.1,165.3,0.0,30.0,82.6,66.1,66.1,0.0,25.4,66.1,82.6,66.1,165.3,20.6,330.7,330.7,82.6,82.6,330.7,110.2,0.0,330.7,330.7,3.1,5.2,2.0,24.6,36.9,13.4,24.6,147.7,73.8,21.1,147.7,49.2,73.8,36.9,36.9
202609051012,2026-09-05,10,12R,14:11,2026-09-05T14:02:21.306002+09:00,3.0,3.8,3.9,9.3,30.2,22.9,148.0,148.0,190.2,444.0,20.8,95.1,42.9,88.8,121.0,17.7,78.3,102.4,63.4,95.1,37.0,121.0,95.1,78.3,121.0,133.2,444.0,666.0,148.0,333.0,3.2,4.4,2.9,6.3,22.0,66.0,39.6,49.5,198.0,18.0,66.0,33.0,15.2,49.5,198.0
202609050208,2026-09-05,02,08R,14:16,2026-09-05T14:06:23.207185+09:00,26.5,35.6,36.6,38.7,61.6,11.2,3.2,7.7,8.2,39.8,79.7,12.7,15.4,43.7,71.3,71.3,13.4,19.3,39.8,75.3,61.6,30.8,43.7,48.4,64.5,271.2,75.3,150.6,90.4,84.7,6.2,19.0,38.1,20.5,33.3,4.1,10.6,3.6,11.1,15.7,12.1,33.3,10.2,53.4,38.1
202609050908,2026-09-05,09,08R,14:18,2026-09-05T14:08:21.156771+09:00,5.3,13.1,10.9,6.6,46.6,18.6,43.0,28.6,19.4,42.2,15.7,46.6,62.1,37.9,186.5,15.8,29.8,50.8,11.2,53.2,10.7,29.4,43.8,14.9,49.7,186.5,279.7,159.8,279.7,149.2,8.1,9.4,5.1,2.9,45.0,11.2,12.2,15.4,135.0,21.6,23.4,60.0,6.6,38.5,38.5
202609050308,2026-09-05,03,08R,14:24,2026-09-05T14:14:19.429005+09:00,12.7,17.0,2.0,16.1,38.2,18.0,43.7,21.8,43.7,76.5,102.0,51.0,102.0,25.5,153.0,17.0,16.1,38.2,18.0,27.8,43.7,51.0,153.0,18.0,102.0,76.5,306.0,0.0,102.0,306.0,9.2,5.7,4.3,4.6,5.7,15.3,10.2,46.1,46.1,30.7,10.2,0.0,18.4,30.7,92.2
202609050408,2026-09-05,04,08R,14:24,2026-09-05T14:14:19.429005+09:00,7.3,12.4,17.7,10.9,149.2,4.8,6.9,15.8,7.6,74.6,57.4,15.8,82.9,46.6,149.2,53.3,49.7,124.3,53.3,106.6,18.2,15.5,39.2,93.2,149.2,82.9,124.3,124.3,93.2,106.6,3.1,10.1,16.9,8.4,152.2,11.7,5.0,3.5,76.1,21.7,38.0,76.1,38.0,50.7,38.0
202609052206,2026-09-05,22,06R,14:27,2026-09-05T14:18:24.414608+09:00,4.7,25.8,9.2,60.2,18.0,14.4,45.1,9.0,180.7,36.1,45.1,36.1,60.2,180.7,40.1,6.9,25.8,30.1,72.3,8.8,120.5,180.7,361.5,180.7,120.5,32.8,45.1,90.3,7.8,120.5,7.5,4.0,7.0,8.0,12.5,12.5,5.6,112.5,18.7,16.0,56.2,22.5,22.5,9.3,112.5
202609051812,2026-09-05,18,12R,14:30,2026-09-05T14:20:17.522341+09:00,2.6,5.2,4.2,15.8,34.0,17.9,70.7,55.8,99.2,174.9,30.4,84.1,76.3,151.0,214.4,12.5,30.4,49.6,25.8,44.3,63.3,166.1,237.3,83.0,214.4,141.4,201.4,288.9,147.7,316.5,2.0,5.0,3.7,10.5,26.5,41.0,22.0,60.2,129.1,25.8,69.5,903.7,17.0,28.2,150.6
202609051309,2026-09-05,13,09R,14:37,2026-09-05T14:28:18.789641+09:00,6.0,2.4,2.9,15.6,30.0,35.4,97.5,130.0,390.0,0.0,27.8,97.5,27.8,65.0,0.0,30.0,390.0,48.7,26.0,78.0,43.3,195.0,390.0,78.0,65.0,130.0,195.0,0.0,390.0,195.0,5.1,1.8,3.4,19.6,33.7,26.2,29.5,16.8,0.0,23.6,59.0,118.1,78.7,0.0,118.1
202609051109,2026-09-05,11,09R,14:39,2026-09-05T14:30:26.300489+09:00,4.2,19.2,32.0,36.9,53.3,3.5,10.0,24.0,7.3,30.0,22.8,25.2,80.0,36.9,240.0,60.0,68.5,120.0,80.0,120.0,26.6,17.7,48.0,68.5,120.0,48.0,80.0,480.0,96.0,0.0,2.3,22.5,16.0,16.0,112.5,2.6,56.2,3.8,56.2,0.0,56.2,0.0,37.5,112.5,112.5
202609051708,2026-09-05,17,08R,14:46,2026-09-05T14:36:22.175521+09:00,7.0,1.9,9.8,11.5,22.5,21.6,112.8,47.0,282.0,282.0,5.7,56.4,43.3,31.3,94.0,47.0,188.0,188.0,282.0,188.0,62.6,0.0,80.5,188.0,282.0,188.0,282.0,564.0,112.8,70.5,7.6,1.6,9.3,8.5,18.7,9.8,18.7,41.2,0.0,14.7,34.3,68.7,34.3,0.0,0.0
202609050209,2026-09-05,02,09R,14:48,2026-09-05T14:38:21.287041+09:00,7.8,8.5,26.5,13.2,81.4,4.7,14.0,12.2,5.4,43.8,81.4,27.8,114.0,49.5,126.7,103.7,42.2,103.7,47.5,162.9,15.2,13.7,33.5,49.5,49.5,285.1,228.1,570.3,81.4,162.9,2.2,12.3,18.1,8.1,34.2,15.4,14.0,4.4,23.7,23.7,28.0,61.6,30.8,77.0,20.5
202609050909,2026-09-05,09,09R,14:50,2026-09-05T14:40:23.835363+09:00,3.3,6.5,5.0,13.6,31.0,13.5,43.0,48.5,97.1,177.2,13.8,53.7,43.0,57.9,91.2,10.9,38.6,38.6,25.1,37.1,42.4,103.8,150.6,65.4,91.2,91.2,251.0,334.7,231.7,273.8,1.2,8.8,7.9,16.9,39.8,24.7,18.7,57.2,152.7,21.3,83.3,114.5,38.1,53.9,152.7
202609050309,2026-09-05,03,09R,14:52,2026-09-05T14:42:22.079444+09:00,3.2,14.7,4.4,13.5,36.0,15.4,64.8,46.2,64.8,108.0,64.8,54.0,40.5,23.1,162.0,9.8,24.9,46.2,12.9,54.0,20.2,64.8,46.2,23.1,162.0,324.0,0.0,0.0,0.0,0.0,8.6,5.3,5.8,3.4,25.8,25.8,12.9,11.7,0.0,21.5,5.3,0.0,18.4,43.0,43.0
202609050409,2026-09-05,04,09R,14:56,2026-09-05T14:46:20.166740+09:00,5.6,16.8,29.4,10.7,66.2,7.2,16.5,9.9,8.6,81.5,46.0,19.2,39.2,35.3,105.9,46.0,35.3,50.4,22.5,117.7,15.1,13.2,25.2,27.1,40.7,88.3,529.8,1059,529.8,105.9,5.0,16.8,33.6,11.6,15.1,2.7,16.8,8.1,37.8,27.5,10.4,37.8,11.2,27.5,27.5
202609052207,2026-09-05,22,07R,15:01,2026-09-05T14:52:22.408271+09:00,11.0,8.6,12.3,3.6,28.8,48.0,36.0,108.1,86.5,144.2,13.9,54.0,61.8,16.6,216.3,54.0,72.1,72.1,61.8,216.3,4.8,33.2,8.6,33.2,25.4,0.0,0.0,0.0,0.0,0.0,9.4,3.3,22.1,2.2,132.7,22.1,0.0,66.3,132.7,26.5,6.6,33.1,12.0,22.1,66.3
202609051310,2026-09-05,13,10R,15:07,2026-09-05T14:58:19.206185+09:00,5.4,7.5,4.6,26.0,18.7,9.9,21.1,30.7,112.7,84.5,11.2,21.1,16.1,56.3,67.6,16.9,33.8,18.7,22.5,33.8,48.3,338.2,169.1,84.5,0.0,338.2,169.1,0.0,84.5,338.2,4.2,4.7,2.4,53.6,214.5,14.3,17.8,71.5,0.0,7.9,30.6,71.5,11.2,26.8,53.6
202609051110,2026-09-05,11,10R,15:09,2026-09-05T15:02:35.453106+09:00,8.7,2.2,30.8,39.6,28.7,26.0,83.2,166.5,208.1,138.7,5.0,36.1,32.0,9.3,16.0,75.6,118.9,118.9,104.0,277.5,39.6,104.0,37.8,166.5,64.0,64.0,92.5,55.5,118.9,83.2,14.9,1.1,54.7,18.2,12.6,32.8,82.1,54.7,82.1,54.7,20.5,14.9,82.1,82.1,82.1
202609051709,2026-09-05,17,09R,15:15,2026-09-05T15:06:18.910808+09:00,5.6,,3.9,28.4,7.6,15.7,,23.6,40.6,14.2,,,,,,13.5,20.3,,23.6,23.6,23.6,21.8,,47.3,71.0,12.3,47.3,,11.8,47.3,5.3,,3.7,7.9,4.9,,4.6,11.3,7.2,,,,13.2,26.5,0.0
202609051201,2026-09-05,12,01R,15:17,2026-09-05T15:08:17.526741+09:00,1.6,11.7,8.0,8.8,78.0,9.5,46.8,234.0,66.8,93.6,46.8,36.0,93.6,156.0,234.0,26.0,31.2,78.0,58.5,156.0,117.0,117.0,468.0,156.0,234.0,156.0,234.0,234.0,468.0,468.0,1.0,13.5,7.3,23.2,54.2,27.1,23.2,0.0,0.0,162.7,54.2,0.0,81.3,162.7,0.0
202609050101,2026-09-05,01,01R,15:19,2026-09-05T15:10:22.231010+09:00,13.7,14.8,10.7,24.3,15.3,18.4,48.7,16.7,53.6,29.7,19.8,41.2,35.7,67.0,29.7,9.2,20.6,25.5,29.7,14.1,25.5,107.2,107.2,53.6,44.6,11.6,17.8,53.6,13.0,48.7,12.0,7.3,7.7,13.2,4.7,16.5,16.5,26.4,8.8,22.0,18.8,16.5,18.8,6.6,16.5
202609050210,2026-09-05,02,10R,15:21,2026-09-05T15:12:23.626473+09:00,24.1,7.8,32.1,15.4,9.4,42.6,39.0,114.7,57.3,39.8,26.2,44.7,70.5,22.1,12.9,87.3,83.4,96.5,41.7,40.7,42.6,87.3,43.6,91.7,23.5,7.8,21.5,9.7,23.8,6.5,18.0,8.5,38.8,17.4,4.2,11.2,36.0,42.0,19.4,26.5,9.8,4.2,18.6,21.9,5.6
202609050310,2026-09-05,03,10R,15:22,2026-09-05T15:12:23.626473+09:00,3.2,8.7,7.5,11.4,16.7,14.5,18.6,59.3,38.4,163.3,29.6,15.5,54.4,28.4,40.8,50.2,50.2,28.4,54.4,46.6,29.6,32.6,65.3,65.3,38.4,65.3,217.7,163.3,653.2,50.2,1.6,4.1,27.1,27.1,16.7,21.7,108.7,27.1,72.5,43.5,16.7,217.5,217.5,7.7,108.7
202609050910,2026-09-05,09,10R,15:23,2026-09-05T15:14:21.555112+09:00,7.3,2.9,6.7,12.7,27.2,27.0,42.2,112.0,129.5,180.2,6.6,27.0,22.5,25.7,54.5,33.7,76.7,55.2,82.9,109.0,28.3,148.0,78.2,101.1,159.4,60.9,86.3,66.8,88.1,92.1,3.4,2.2,8.2,18.5,14.3,8.7,40.5,70.8,81.0,10.9,28.3,70.8,47.2,63.0,126.0
202609050701,2026-09-05,07,01R,15:25,2026-09-05T15:16:18.083466+09:00,5.7,20.4,7.8,25.8,14.8,12.9,45.6,22.0,66.0,25.8,39.6,45.6,66.0,84.8,84.8,7.5,13.2,31.2,12.1,10.0,54.0,84.8,99.0,39.6,59.4,54.0,54.0,99.0,37.1,74.2,4.0,23.0,13.4,8.0,13.4,7.6,5.5,17.9,40.3,17.9,161.2,161.2,6.4,8.0,32.2
202609052001,2026-09-05,20,01R,15:27,2026-09-05T15:18:25.823309+09:00,13.6,2.3,20.3,11.1,20.3,15.9,32.7,117.7,45.2,147.1,14.3,18.3,21.0,32.7,36.7,34.6,84.1,53.5,98.1,73.5,22.6,53.5,39.2,98.1,28.0,42.0,147.1,73.5,117.7,65.4,5.2,4.7,8.7,7.4,15.6,10.4,17.4,12.0,39.1,15.6,12.0,39.1,13.0,14.2,26.1
202609050410,2026-09-05,04,10R,15:29,2026-09-05T15:20:24.554485+09:00,7.8,2.8,13.2,4.9,13.8,30.7,72.6,159.8,88.7,94.0,7.5,31.9,24.2,19.4,40.9,114.1,177.5,69.4,228.3,199.7,32.6,84.1,51.5,228.3,79.9,88.7,266.3,177.5,228.3,159.8,11.8,1.9,16.5,4.9,13.0,29.1,94.8,15.8,126.5,23.7,9.7,27.1,31.6,63.2,17.2
202609052208,2026-09-05,22,08R,15:31,2026-09-05T15:22:22.475187+09:00,2.4,3.5,12.2,27.9,78.3,7.9,19.5,65.2,130.5,130.5,7.5,26.1,26.1,65.2,195.7,97.8,391.5,97.8,130.5,391.5,97.8,195.7,78.3,195.7,195.7,391.5,0.0,0.0,391.5,0.0,2.0,2.7,27.7,13.8,111.0,6.5,22.2,12.3,0.0,22.2,37.0,0.0,0.0,55.5,0.0
202609051311,2026-09-05,13,11R,15:36,2026-09-05T15:26:23.636438+09:00,6.8,4.8,2.6,21.7,89.3,7.0,74.4,59.5,127.6,893.2,40.6,99.2,38.8,148.8,0.0,10.2,27.9,34.3,27.0,29.7,89.3,223.3,446.6,148.8,893.2,178.6,127.6,223.3,148.8,127.6,5.2,5.4,1.4,15.8,47.6,27.2,27.2,0.0,0.0,17.3,63.5,0.0,27.2,0.0,0.0
202609051111,2026-09-05,11,11R,15:38,2026-09-05T15:28:16.314184+09:00,4.2,3.0,10.4,11.9,35.9,19.7,39.5,98.8,39.5,65.8,18.8,43.9,43.9,98.8,131.7,17.1,56.4,65.8,39.5,131.7,20.8,30.4,79.0,39.5,56.4,39.5,56.4,197.6,197.6,79.0,6.6,3.5,5.9,5.9,26.6,26.6,26.6,13.3,53.2,53.2,13.3,26.6,8.8,17.7,17.7
202609051202,2026-09-05,12,02R,15:42,2026-09-05T15:32:22.314670+09:00,4.3,2.7,9.5,12.5,21.2,13.1,25.0,69.0,276.0,276.0,8.3,25.0,39.4,69.0,276.0,25.0,39.4,92.0,55.2,55.2,46.0,276.0,276.0,0.0,138.0,138.0,0.0,0.0,138.0,276.0,2.9,2.1,4.3,83.2,27.7,20.8,16.6,41.6,0.0,0.0,27.7,41.6,20.8,83.2,0.0
202609050102,2026-09-05,01,02R,15:43,2026-09-05T15:34:20.435128+09:00,22.1,16.5,33.1,4.4,16.5,13.2,26.5,66.3,7.8,66.3,16.5,26.5,22.1,44.2,44.2,33.1,132.7,66.3,18.9,66.3,12.0,66.3,26.5,132.7,16.5,22.1,66.3,44.2,66.3,33.1,6.8,4.5,13.7,4.5,20.6,6.8,41.2,20.6,0.0,13.7,6.8,41.2,13.7,41.2,13.7
202609051710,2026-09-05,17,10R,15:48,2026-09-05T15:38:21.483597+09:00,8.6,8.8,11.3,23.5,17.6,6.7,27.0,27.8,14.3,28.7,22.9,20.4,16.7,25.5,39.9,31.6,13.5,34.0,48.3,35.3,114.8,114.8,76.5,83.5,91.8,28.7,34.0,41.7,29.6,65.6,5.6,13.2,9.0,16.6,11.3,10.9,4.0,26.4,14.4,11.7,45.3,14.4,18.6,11.3,17.6
202609050702,2026-09-05,07,02R,15:50,2026-09-05T15:40:25.749072+09:00,4.4,27.1,37.9,27.1,63.2,3.8,22.3,17.2,25.3,34.5,29.1,23.7,19.9,42.1,75.9,29.1,18.9,23.7,21.0,31.6,34.5,42.1,47.4,54.2,37.9,54.2,47.4,126.5,75.9,94.8,1.6,10.0,25.1,0.0,0.0,7.1,5.0,25.1,50.2,50.2,0.0,0.0,16.7,10.0,50.2
202609050311,2026-09-05,03,11R,15:53,2026-09-05T15:44:22.777858+09:00,8.2,7.3,9.2,7.8,34.5,18.8,31.8,31.8,69.0,82.8,34.5,29.5,51.7,31.8,103.5,13.8,20.7,29.5,12.9,12.9,31.8,41.4,37.6,14.2,31.8,69.0,0.0,414.0,69.0,46.0,8.2,5.9,5.1,9.7,5.9,11.9,35.7,26.8,53.6,26.8,53.6,26.8,4.8,10.7,53.6
202609050211,2026-09-05,02,11R,15:55,2026-09-05T15:46:25.263623+09:00,28.5,24.5,7.2,53.1,10.4,31.3,47.8,35.4,91.0,61.6,61.6,79.6,47.8,86.9,65.9,4.8,22.5,10.3,20.7,4.2,147.1,159.3,100.6,106.2,136.6,29.8,43.4,41.5,18.3,83.1,16.6,33.2,5.4,34.9,4.6,28.8,4.5,51.1,15.1,16.6,47.4,14.1,19.5,4.1,33.2
202609052209,2026-09-05,22,09R,15:56,2026-09-05T15:46:25.263623+09:00,4.1,4.3,7.7,70.1,17.5,20.0,17.5,140.2,0.0,23.3,20.0,14.0,23.3,35.0,23.3,70.1,140.2,46.7,70.1,12.7,140.2,70.1,70.1,140.2,140.2,35.0,46.7,46.7,70.1,0.0,2.4,1.9,28.5,57.0,6.3,57.0,28.5,0.0,57.0,28.5,57.0,19.0,0.0,57.0,0.0
202609050911,2026-09-05,09,11R,15:58,2026-09-05T15:48:24.129883+09:00,7.2,1.3,15.0,8.9,30.6,38.9,91.2,251.6,169.4,244.2,16.2,73.4,101.2,81.4,180.5,55.3,180.5,143.1,133.9,202.5,48.8,172.9,197.6,184.5,153.7,197.6,691.9,437.0,553.5,437.0,4.1,1.8,9.6,7.8,10.6,22.8,83.2,61.0,183.1,22.3,24.0,45.7,53.8,91.5,76.3
202609052002,2026-09-05,20,02R,16:01,2026-09-05T15:52:21.500963+09:00,15.0,10.3,21.0,5.2,31.0,25.1,31.0,175.7,40.5,175.7,12.2,25.1,52.7,9.7,37.6,58.5,87.8,87.8,65.9,131.8,4.8,21.0,8.9,105.4,25.1,105.4,527.2,87.8,263.6,52.7,12.2,8.3,13.0,1.8,20.3,16.6,26.1,20.3,91.5,22.8,9.1,45.7,18.3,61.0,18.3
202609050411,2026-09-05,04,11R,16:03,2026-09-05T15:54:25.515269+09:00,4.9,5.0,21.0,14.1,17.4,10.7,19.7,21.8,39.9,33.4,14.0,32.7,39.0,22.1,22.7,45.5,96.4,71.2,60.7,81.9,19.0,54.6,34.1,81.9,35.6,38.1,126.1,40.9,117.1,71.2,6.9,5.3,19.2,7.4,9.1,19.2,22.8,16.6,22.8,11.8,8.7,12.2,14.0,11.8,14.0
202609050103,2026-09-05,01,03R,16:07,2026-09-05T15:58:18.911454+09:00,56.2,28.1,28.1,25.0,56.2,22.5,56.2,22.5,15.0,32.1,14.0,20.4,13.2,75.0,45.0,8.6,15.0,11.2,4.8,11.8,56.2,112.5,225.0,20.4,112.5,37.5,112.5,225.0,18.7,112.5,4.6,7.1,7.1,6.5,19.6,15.7,11.2,15.7,0.0,26.2,39.3,78.7,5.6,7.1,39.3
202609051312,2026-09-05,13,12R,16:09,2026-09-05T16:00:38.647850+09:00,3.8,4.0,5.3,13.7,23.6,17.9,34.2,48.0,67.4,220.0,11.4,35.7,18.2,37.6,81.9,18.3,51.6,37.0,46.4,126.7,58.8,99.5,110.0,144.1,245.9,245.9,418.1,522.6,597.3,380.1,2.5,3.9,4.7,9.2,42.0,16.8,21.5,33.6,93.5,11.6,20.5,105.1,28.0,84.1,76.5
202609051203,2026-09-05,12,03R,16:11,2026-09-05T16:02:25.930671+09:00,2.9,9.1,14.2,12.3,24.1,5.6,40.2,53.6,11.7,40.2,32.2,48.3,241.5,120.7,96.6,43.9,48.3,241.5,43.9,43.9,40.2,43.9,69.0,161.0,69.0,34.5,53.6,53.6,43.9,48.3,1.3,12.0,12.0,6.9,22.0,88.0,26.4,44.0,44.0,132.0,22.0,132.0,44.0,66.0,52.8
202609051112,2026-09-05,11,12R,16:14,2026-09-05T16:04:19.348816+09:00,2.6,8.1,5.5,20.4,39.1,10.6,18.3,20.4,31.8,57.3,78.2,34.4,143.3,215.0,430.1,13.6,26.8,78.2,33.0,107.5,34.4,35.8,143.3,57.3,215.0,71.6,78.2,860.2,860.2,0.0,3.3,3.6,3.1,31.6,63.3,31.6,14.0,11.5,0.0,31.6,42.2,63.3,14.0,21.1,63.3
202609051711,2026-09-05,17,11R,16:17,2026-09-05T16:08:21.621371+09:00,3.7,12.6,4.5,32.0,43.4,7.3,10.1,6.5,86.8,33.7,60.8,101.3,76.0,76.0,152.0,35.7,33.7,76.0,76.0,46.7,67.5,121.6,152.0,76.0,76.0,55.2,152.0,202.7,55.2,86.8,2.6,7.5,6.7,18.2,21.2,6.0,8.5,127.5,42.5,5.5,63.7,63.7,127.5,31.8,0.0
202609050703,2026-09-05,07,03R,16:19,2026-09-05T16:10:26.173966+09:00,14.0,9.0,42.2,38.0,63.3,10.2,7.6,18.1,23.7,76.0,7.9,7.0,7.6,18.1,23.7,42.2,54.3,14.0,38.0,29.2,126.7,190.1,126.7,126.7,380.2,76.0,95.0,126.7,95.0,380.2,4.8,5.1,15.4,25.7,15.4,6.4,5.1,0.0,77.2,7.0,12.8,15.4,15.4,25.7,77.2
202609052210,2026-09-05,22,10R,16:23,2026-09-05T16:14:20.615501+09:00,4.9,3.4,7.5,15.3,3.8,84.5,56.3,338.2,169.1,112.7,24.1,67.6,67.6,67.6,84.5,112.7,338.2,67.6,37.5,84.5,30.7,84.5,84.5,112.7,112.7,28.1,84.5,37.5,56.3,112.7,4.7,1.9,33.3,66.7,4.1,16.6,66.7,66.7,33.3,22.2,22.2,22.2,66.7,66.7,33.3
202609050312,2026-09-05,03,12R,16:25,2026-09-05T16:16:19.102788+09:00,14.3,9.7,4.4,16.5,21.0,24.3,42.9,32.7,29.6,42.9,19.4,49.7,14.4,29.6,65.4,7.1,31.9,17.7,15.9,27.0,36.5,42.9,59.2,35.5,69.1,103.6,124.4,138.2,54.0,138.2,1.6,6.8,6.0,20.2,11.1,58.3,35.8,38.8,66.6,13.7,35.8,46.6,31.1,29.1,51.8
202609052003,2026-09-05,20,03R,16:27,2026-09-05T16:18:21.199205+09:00,6.6,7.9,14.5,6.2,11.3,29.0,37.2,43.5,52.2,65.2,10.8,29.0,37.2,32.6,43.5,26.1,32.6,52.2,52.2,52.2,20.0,87.0,52.2,37.2,26.1,23.7,65.2,65.2,37.2,23.7,16.3,9.0,8.1,5.8,4.8,9.0,11.6,20.4,8.1,13.6,40.8,40.8,16.3,16.3,20.4
202609050212,2026-09-05,02,12R,16:30,2026-09-05T16:20:22.302419+09:00,11.5,4.9,21.3,3.2,5.9,38.3,75.3,95.9,63.9,131.9,35.1,72.7,49.0,25.7,68.0,50.2,131.9,87.9,43.0,105.5,13.2,39.8,37.0,51.4,22.2,35.1,111.0,100.5,162.3,49.0,12.7,6.8,20.1,2.9,8.1,17.5,32.4,15.6,42.2,23.4,6.4,21.1,16.8,60.3,10.0
202609050104,2026-09-05,01,04R,16:33,2026-09-05T16:24:18.673870+09:00,34.9,19.6,24.1,11.2,16.5,34.9,17.4,62.8,9.5,44.8,14.2,14.2,44.8,9.5,26.1,17.4,62.8,52.3,24.1,18.4,24.1,34.9,62.8,52.3,15.7,19.6,39.2,39.2,44.8,20.9,9.0,6.5,10.2,10.2,12.0,12.0,18.0,14.4,12.0,24.0,9.0,18.0,14.4,14.4,6.5
202609050912,2026-09-05,09,12R,16:35,2026-09-05T16:26:20.103112+09:00,2.5,9.2,11.1,9.2,22.5,4.9,19.1,24.9,26.6,33.5,31.6,50.2,98.0,116.8,184.7,39.5,56.7,120.3,69.0,98.0,36.4,67.9,180.5,120.3,136.9,130.2,169.0,496.5,378.3,418.1,1.6,3.9,15.4,12.8,22.9,14.9,24.7,21.7,31.2,68.9,71.9,118.2,47.2,82.7,71.9
202609050412,2026-09-05,04,12R,16:38,2026-09-05T16:28:20.878857+09:00,9.0,3.7,7.5,23.2,5.0,36.3,58.1,90.8,100.2,88.1,12.5,35.8,27.4,31.2,30.9,24.0,61.8,67.6,85.5,36.8,103.8,264.3,116.3,207.6,242.3,14.0,43.3,39.8,42.1,69.2,8.8,3.4,5.8,13.8,4.4,16.7,60.5,20.1,34.6,16.7,22.0,11.2,32.3,17.9,37.2
202609051204,2026-09-05,12,04R,16:44,2026-09-05T16:34:21.441764+09:00,3.5,5.6,54.3,37.6,6.7,7.1,25.7,48.9,244.5,21.2,10.1,18.8,69.8,69.8,22.2,69.8,54.3,244.5,97.8,97.8,97.8,122.2,244.5,489.0,489.0,13.2,32.6,61.1,163.0,0.0,4.4,3.2,13.2,24.2,3.7,9.0,20.7,0.0,9.7,72.7,48.5,13.2,0.0,29.1,145.5
202609050704,2026-09-05,07,04R,16:46,2026-09-05T16:36:23.507997+09:00,19.9,15.7,11.4,23.6,6.1,75.7,54.1,126.2,75.7,42.0,54.1,47.3,378.7,189.3,126.2,14.5,29.1,75.7,27.0,7.5,94.6,126.2,378.7,94.6,47.3,5.8,21.0,47.3,6.2,18.0,25.2,25.2,7.8,21.0,2.3,126.0,12.6,31.5,14.0,126.0,126.0,63.0,9.0,3.5,31.5
202609051712,2026-09-05,17,12R,16:49,2026-09-05T16:40:20.412443+09:00,1.6,4.1,5.4,21.6,15.5,44.0,127.8,159.8,255.7,255.7,55.5,182.6,159.8,106.5,255.7,67.3,142.0,213.1,319.6,142.0,85.2,319.6,116.2,255.7,426.2,159.8,182.6,255.7,213.1,319.6,1.6,8.3,6.7,12.7,9.7,13.5,18.6,24.3,81.0,22.0,243.0,243.0,40.5,81.0,243.0
202609052211,2026-09-05,22,11R,16:51,2026-09-05T16:42:21.554414+09:00,2.9,2.3,27.0,11.6,102.7,24.4,34.2,46.7,64.2,128.4,17.1,42.8,64.2,46.7,171.2,42.8,64.2,102.7,39.5,128.4,23.3,102.7,73.3,73.3,256.8,128.4,513.7,256.8,128.4,513.7,2.7,2.2,21.7,5.4,0.0,7.2,65.2,65.2,65.2,32.6,13.0,0.0,0.0,0.0,0.0
202609052004,2026-09-05,20,04R,16:54,2026-09-05T16:44:22.869464+09:00,5.8,8.1,21.2,3.8,16.2,55.2,30.6,92.0,92.0,276.0,14.5,17.2,69.0,30.6,39.4,138.0,39.4,55.2,27.6,55.2,16.2,30.6,34.5,39.4,39.4,23.0,55.2,55.2,69.0,46.0,7.2,12.9,14.4,1.8,7.6,21.6,18.5,32.4,25.9,43.2,32.4,32.4,25.9,43.2,16.2
202609051206,2026-09-05,12,06R,17:37,2026-09-05T17:28:01.576328+09:00,3.0,5.7,5.8,19.2,6.2,13.3,93.3,163.3,130.6,34.3,16.7,65.3,93.3,93.3,81.6,130.6,217.7,163.3,65.3,130.6,217.7,217.7,217.7,326.6,326.6,14.8,25.1,40.8,59.3,163.3,3.0,4.7,17.4,31.3,2.3,26.1,52.2,0.0,12.0,31.3,78.3,15.6,78.3,78.3,0.0
202609050706,2026-09-05,07,06R,17:44,2026-09-05T17:38:51.620885+09:00,4.5,23.8,28.3,31.3,41.7,2.8,25.5,18.5,16.7,12.0,48.5,53.7,83.5,150.4,214.9,32.7,26.3,88.5,22.4,44.2,34.1,25.9,167.1,34.1,40.6,75.2,47.0,214.9,188.0,136.7,1.0,42.5,45.1,27.8,26.7,28.9,27.8,24.1,15.7,180.7,103.2,103.2,42.5,80.3,51.6
202609050107,2026-09-05,01,07R,17:57,2026-09-05T17:49:04.903297+09:00,26.4,3.7,14.7,14.9,27.2,64.2,99.9,112.4,49.9,128.4,3.4,35.9,15.7,18.3,23.6,27.2,69.1,26.4,21.4,39.0,49.9,74.9,81.7,40.8,81.7,37.4,59.9,112.4,69.1,149.8,15.3,1.8,15.3,9.5,17.0,11.7,30.6,30.6,51.0,10.2,13.9,17.0,21.8,30.6,76.5
202609052006,2026-09-05,20,06R,17:51,2026-09-05T17:49:04.903297+09:00,2.4,10.0,12.2,4.1,24.6,9.6,76.8,95.1,20.1,181.5,53.9,117.4,249.6,166.4,399.4,71.3,221.9,221.9,71.3,285.3,9.7,32.2,83.2,76.8,55.4,105.1,166.4,399.4,332.8,199.7,2.1,12.1,9.3,2.8,11.2,56.1,31.1,14.7,35.0,280.5,140.2,140.2,31.1,46.7,35.0
202609051207,2026-09-05,12,07R,18:04,2026-09-05T17:58:16.684127+09:00,3.9,9.4,3.5,16.3,5.6,27.0,123.2,55.4,158.4,85.3,58.3,85.3,123.2,92.4,184.8,11.0,61.6,100.8,41.0,29.1,85.3,158.4,277.3,158.4,138.6,16.8,69.3,138.6,50.4,123.2,2.7,24.7,3.0,17.1,2.7,222.7,27.8,222.7,37.1,222.7,74.2,0.0,37.1,22.2,74.2
202609052007,2026-09-05,20,07R,18:18,2026-09-05T18:13:03.799661+09:00,10.5,1.9,8.2,25.5,9.8,52.0,62.5,113.6,416.7,113.6,13.4,59.5,21.5,54.3,29.0,32.0,104.1,48.0,69.4,69.4,138.9,312.5,208.3,250.0,156.2,21.9,78.1,54.3,104.1,156.2,10.4,2.5,10.9,8.4,2.5,73.0,43.8,31.2,109.5,21.9,219.0,21.9,109.5,27.3,43.8
202609051208,2026-09-05,12,08R,18:32,2026-09-05T18:25:25.647045+09:00,5.6,2.5,20.8,6.3,11.2,23.1,30.9,181.5,181.5,127.0,7.2,28.8,66.8,31.7,74.7,63.5,141.1,181.5,97.7,141.1,39.7,211.7,60.5,317.6,97.7,55.2,211.7,211.7,254.1,423.5,7.5,2.6,11.6,5.6,4.2,35.0,42.0,70.0,210.0,105.0,10.5,19.0,105.0,52.5,13.1
202609050708,2026-09-05,07,08R,18:39,2026-09-05T18:36:21.040803+09:00,6.3,10.5,3.5,50.4,17.4,42.2,87.4,46.8,218.5,262.2,30.4,69.0,36.4,145.6,145.6,6.0,16.3,21.4,26.2,10.1,45.2,65.5,77.1,54.6,81.9,39.7,100.8,187.2,30.4,262.2,8.8,14.5,1.7,19.4,9.0,58.3,14.5,204.3,45.4,17.0,204.3,58.3,16.3,6.3,51.0
202609052008,2026-09-05,20,08R,18:46,2026-09-05T18:36:21.040803+09:00,1.6,20.2,23.7,17.3,36.4,7.0,40.5,52.0,37.7,29.5,34.1,52.0,91.1,64.3,99.4,68.3,60.7,72.9,39.0,78.1,29.5,72.9,109.3,84.1,121.5,36.4,84.1,156.2,182.2,121.5,1.3,14.3,16.9,11.6,20.7,26.6,18.6,15.5,46.6,46.6,37.3,93.3,23.3,46.6,37.3
202609050109,2026-09-05,01,09R,18:54,2026-09-05T18:45:41.359286+09:00,4.2,7.7,21.2,9.4,54.7,5.5,7.5,19.4,44.2,42.5,26.1,12.3,45.9,76.6,49.9,37.0,41.0,45.9,39.6,52.2,71.8,143.7,114.9,143.7,164.2,49.9,54.7,191.6,191.6,383.2,2.7,6.6,5.6,16.0,28.1,6.6,8.6,22.5,16.0,28.1,28.1,56.2,22.5,37.5,112.5
202609051209,2026-09-05,12,09R,19:02,2026-09-05T18:55:17.741442+09:00,4.3,11.9,4.2,9.5,36.5,6.3,11.5,19.8,25.7,48.6,38.7,58.4,58.4,64.2,247.2,20.3,24.3,86.8,45.2,89.2,42.2,71.4,100.4,82.4,160.6,160.6,160.6,401.7,321.3,401.7,2.1,3.9,10.3,15.5,38.5,15.2,15.9,24.4,56.3,21.5,9.1,30.5,43.0,52.2,52.2
202609050709,2026-09-05,07,09R,19:09,2026-09-05T19:05:29.765980+09:00,3.6,3.3,11.1,9.8,6.9,39.0,47.3,159.0,111.3,111.3,22.7,50.6,92.7,82.4,35.9,79.5,202.4,139.1,65.4,79.5,30.9,96.8,117.1,247.4,58.5,24.4,49.4,41.2,89.0,48.4,2.5,3.8,23.3,9.0,4.6,28.3,39.7,33.1,24.8,66.2,44.1,14.7,36.1,66.2,26.5
202609052009,2026-09-05,20,09R,19:16,2026-09-05T19:13:01.887772+09:00,2.1,4.4,17.5,27.1,11.2,10.1,27.4,45.6,47.2,47.2,24.9,48.9,84.1,117.0,76.9,50.8,96.1,92.8,67.3,103.5,107.7,141.7,336.5,158.3,244.7,32.4,56.0,128.2,149.5,141.7,1.8,4.5,11.7,14.6,8.4,17.8,32.1,68.8,17.2,43.8,60.2,26.7,53.5,53.5,80.3
202609051210,2026-09-05,12,10R,19:32,2026-09-05T19:26:35.446921+09:00,4.9,2.9,3.3,18.3,32.9,30.6,52.9,91.8,158.7,158.7,16.0,61.2,32.6,68.4,218.2,14.9,62.3,44.7,37.1,67.1,64.6,218.2,145.5,158.7,249.4,89.5,232.8,232.8,232.8,317.4,4.3,2.9,2.8,12.1,20.2,48.5,17.9,48.5,97.0,23.1,48.5,161.7,17.3,37.3,60.6
202609052010,2026-09-05,20,10R,19:48,2026-09-05T19:43:16.149813+09:00,3.6,11.1,8.7,21.8,58.0,5.9,13.3,11.1,28.2,87.9,23.6,22.9,33.4,109.9,133.7,15.0,14.7,33.4,22.9,45.2,71.5,133.7,219.8,106.1,256.4,219.8,512.8,256.4,615.4,615.4,2.0,7.8,5.3,20.1,28.0,11.4,6.2,29.6,63.0,21.9,45.8,42.0,22.9,100.8,126.0
