レースコード,レース日,レース場コード,レース回,状態,1枠_枠番pt,1枠_寄与_枠番pt,1枠_選手pt,1枠_寄与_選手pt,1枠_モーターpt,1枠_寄与_モーターpt,1枠_展示pt,1枠_寄与_展示pt,1枠_気象pt,1枠_寄与_気象pt,1枠_強さpt,2枠_枠番pt,2枠_寄与_枠番pt,2枠_選手pt,2枠_寄与_選手pt,2枠_モーターpt,2枠_寄与_モーターpt,2枠_展示pt,2枠_寄与_展示pt,2枠_気象pt,2枠_寄与_気象pt,2枠_強さpt,3枠_枠番pt,3枠_寄与_枠番pt,3枠_選手pt,3枠_寄与_選手pt,3枠_モーターpt,3枠_寄与_モーターpt,3枠_展示pt,3枠_寄与_展示pt,3枠_気象pt,3枠_寄与_気象pt,3枠_強さpt,4枠_枠番pt,4枠_寄与_枠番pt,4枠_選手pt,4枠_寄与_選手pt,4枠_モーターpt,4枠_寄与_モーターpt,4枠_展示pt,4枠_寄与_展示pt,4枠_気象pt,4枠_寄与_気象pt,4枠_強さpt,5枠_枠番pt,5枠_寄与_枠番pt,5枠_選手pt,5枠_寄与_選手pt,5枠_モーターpt,5枠_寄与_モーターpt,5枠_展示pt,5枠_寄与_展示pt,5枠_気象pt,5枠_寄与_気象pt,5枠_強さpt,6枠_枠番pt,6枠_寄与_枠番pt,6枠_選手pt,6枠_寄与_選手pt,6枠_モーターpt,6枠_寄与_モーターpt,6枠_展示pt,6枠_寄与_展示pt,6枠_気象pt,6枠_寄与_気象pt,6枠_強さpt
202609120201,2026-09-12,02,1R,daily,66.74,18.18,46.7,12.76,42.13,5.39,50.0,11.89,50.0,4.42,52.65,53.82,14.66,44.74,12.23,46.68,5.98,50.0,11.89,50.0,4.42,49.18,52.69,14.36,42.78,11.69,47.04,6.02,50.0,11.89,50.0,4.42,48.38,48.72,13.27,42.78,11.69,63.97,8.19,50.0,11.89,50.0,4.42,49.47,43.98,11.98,44.74,12.23,64.98,8.32,50.0,11.89,50.0,4.42,48.84,34.86,9.5,34.95,9.55,57.51,7.36,50.0,11.89,50.0,4.42,42.72
202609120201,2026-09-12,02,1R,realtime,66.74,18.18,46.7,12.76,42.13,5.39,79.09,18.81,47.32,4.18,59.33,53.82,14.66,44.74,12.23,46.68,5.97,41.74,9.93,50.23,4.44,47.23,52.69,14.36,42.78,11.69,47.04,6.02,52.72,12.54,48.01,4.24,48.85,48.72,13.27,42.78,11.69,63.97,8.19,34.11,8.11,50.05,4.42,45.69,43.98,11.98,44.74,12.23,64.98,8.32,45.84,10.9,52.86,4.67,48.1,34.86,9.5,34.95,9.55,57.51,7.36,46.48,11.06,51.3,4.53,42.0
202609120202,2026-09-12,02,2R,daily,66.74,18.18,48.66,13.3,55.1,7.05,50.0,11.89,50.0,4.42,54.85,53.82,14.66,66.29,18.12,50.67,6.49,50.0,11.89,50.0,4.42,55.58,52.69,14.36,52.58,14.37,72.18,9.24,50.0,11.89,50.0,4.42,54.28,48.72,13.27,44.74,12.23,47.65,6.1,50.0,11.89,50.0,4.42,47.91,43.98,11.98,44.74,12.23,47.71,6.11,50.0,11.89,50.0,4.42,46.63,34.86,9.5,48.66,13.3,59.39,7.6,50.0,11.89,50.0,4.42,46.71
202609120202,2026-09-12,02,2R,realtime,66.74,18.18,48.66,13.3,55.1,7.05,55.24,13.14,47.32,4.18,55.86,52.69,14.36,66.29,18.12,50.67,6.49,69.79,16.6,48.01,4.24,59.8,48.72,13.27,52.58,14.37,72.18,9.24,59.3,14.1,50.05,4.42,55.41,53.82,14.66,44.74,12.23,47.65,6.1,36.05,8.57,50.23,4.44,46.0,43.98,11.98,44.74,12.23,47.71,6.11,41.82,9.95,52.86,4.67,44.94,34.86,9.5,48.66,13.3,59.39,7.6,37.79,8.99,51.3,4.53,43.92
202609120203,2026-09-12,02,3R,daily,66.74,18.18,46.7,12.76,46.54,5.96,50.0,11.89,50.0,4.42,53.22,53.82,14.66,44.74,12.23,50.96,6.52,50.0,11.89,50.0,4.42,49.73,52.69,14.36,42.78,11.69,47.67,6.1,50.0,11.89,50.0,4.42,48.46,48.72,13.27,54.54,14.91,72.5,9.28,50.0,11.89,50.0,4.42,53.77,43.98,11.98,46.7,12.76,35.21,4.51,50.0,11.89,50.0,4.42,45.56,34.86,9.5,46.7,12.76,61.3,7.85,50.0,11.89,50.0,4.42,46.42
202609120203,2026-09-12,02,3R,realtime,66.74,18.18,46.7,12.76,46.54,5.96,51.38,12.22,48.39,4.28,53.4,53.82,14.66,44.74,12.23,50.96,6.52,56.53,13.44,49.98,4.42,51.28,52.69,14.36,42.78,11.69,47.67,6.1,39.72,9.45,48.23,4.26,45.86,48.72,13.27,54.54,14.91,72.5,9.28,52.17,12.41,49.4,4.37,54.23,43.98,11.98,46.7,12.76,35.21,4.51,48.5,11.53,52.67,4.65,45.44,34.86,9.5,46.7,12.76,61.3,7.85,51.66,12.29,51.11,4.52,46.91
202609120204,2026-09-12,02,4R,daily,66.74,18.18,42.78,11.69,46.84,6.0,50.0,11.89,50.0,4.42,52.18,53.82,14.66,60.42,16.51,66.27,8.48,50.0,11.89,50.0,4.42,55.97,52.69,14.36,46.7,12.76,43.08,5.51,50.0,11.89,50.0,4.42,48.95,48.72,13.27,58.46,15.98,45.93,5.88,50.0,11.89,50.0,4.42,51.44,43.98,11.98,46.7,12.76,58.13,7.44,50.0,11.89,50.0,4.42,48.5,34.86,9.5,46.7,12.76,46.99,6.01,50.0,11.89,50.0,4.42,44.59
202609120205,2026-09-12,02,5R,daily,66.74,18.18,52.58,14.37,39.78,5.09,50.0,11.89,50.0,4.42,53.96,53.82,14.66,42.78,11.69,63.97,8.19,50.0,11.89,50.0,4.42,50.86,52.69,14.36,40.82,11.16,55.51,7.1,50.0,11.89,50.0,4.42,48.93,48.72,13.27,52.58,14.37,32.33,4.14,50.0,11.89,50.0,4.42,48.09,43.98,11.98,46.7,12.76,40.25,5.15,50.0,11.89,50.0,4.42,46.21,34.86,9.5,46.7,12.76,46.42,5.94,50.0,11.89,50.0,4.42,44.51
202609120206,2026-09-12,02,6R,daily,66.74,18.18,46.7,12.76,46.79,5.99,50.0,11.89,50.0,4.42,53.25,53.82,14.66,50.62,13.84,63.17,8.09,50.0,11.89,50.0,4.42,52.9,52.69,14.36,56.5,15.44,53.19,6.81,50.0,11.89,50.0,4.42,52.92,48.72,13.27,48.66,13.3,59.39,7.6,50.0,11.89,50.0,4.42,50.49,43.98,11.98,34.95,9.55,57.51,7.36,50.0,11.89,50.0,4.42,45.21,34.86,9.5,56.5,15.44,51.22,6.56,50.0,11.89,50.0,4.42,47.81
202609120207,2026-09-12,02,7R,daily,66.74,18.18,50.62,13.84,62.58,8.01,50.0,11.89,50.0,4.42,56.34,53.82,14.66,42.78,11.69,47.67,6.1,50.0,11.89,50.0,4.42,48.77,52.69,14.36,46.7,12.76,24.82,3.18,50.0,11.89,50.0,4.42,46.61,48.72,13.27,44.74,12.23,48.29,6.18,50.0,11.89,50.0,4.42,47.99,43.98,11.98,44.74,12.23,46.68,5.98,50.0,11.89,50.0,4.42,46.5,34.86,9.5,46.7,12.76,56.89,7.28,50.0,11.89,50.0,4.42,45.85
202609120208,2026-09-12,02,8R,daily,66.74,18.18,50.62,13.84,49.47,6.33,50.0,11.89,50.0,4.42,54.66,53.82,14.66,50.62,13.84,37.47,4.8,50.0,11.89,50.0,4.42,49.61,52.69,14.36,44.74,12.23,47.65,6.1,50.0,11.89,50.0,4.42,49.0,48.72,13.27,46.7,12.76,35.21,4.51,50.0,11.89,50.0,4.42,46.86,43.98,11.98,60.42,16.51,66.27,8.48,50.0,11.89,50.0,4.42,53.29,34.86,9.5,46.7,12.76,59.44,7.61,50.0,11.89,50.0,4.42,46.18
202609120209,2026-09-12,02,9R,daily,66.74,18.18,46.7,12.76,58.13,7.44,50.0,11.89,50.0,4.42,54.7,53.82,14.66,44.74,12.23,47.71,6.11,50.0,11.89,50.0,4.42,49.31,52.69,14.36,52.58,14.37,39.78,5.09,50.0,11.89,50.0,4.42,50.13,48.72,13.27,54.54,14.91,65.58,8.39,50.0,11.89,50.0,4.42,52.89,43.98,11.98,54.54,14.91,72.5,9.28,50.0,11.89,50.0,4.42,52.48,34.86,9.5,42.78,11.69,47.04,6.02,50.0,11.89,50.0,4.42,43.52
202609120210,2026-09-12,02,10R,daily,66.74,18.18,58.46,15.98,45.93,5.88,50.0,11.89,50.0,4.42,56.35,53.82,14.66,56.5,15.44,51.22,6.56,50.0,11.89,50.0,4.42,52.97,52.69,14.36,46.7,12.76,42.13,5.39,50.0,11.89,50.0,4.42,48.82,48.72,13.27,46.7,12.76,40.25,5.15,50.0,11.89,50.0,4.42,47.5,43.98,11.98,46.7,12.76,61.3,7.85,50.0,11.89,50.0,4.42,48.91,34.86,9.5,48.66,13.3,35.1,4.49,50.0,11.89,50.0,4.42,43.6
202609120211,2026-09-12,02,11R,daily,66.74,18.18,52.58,14.37,52.38,6.7,50.0,11.89,50.0,4.42,55.57,53.82,14.66,46.7,12.76,43.08,5.51,50.0,11.89,50.0,4.42,49.25,52.69,14.36,50.62,13.84,62.58,8.01,50.0,11.89,50.0,4.42,52.51,48.72,13.27,40.82,11.16,55.51,7.1,50.0,11.89,50.0,4.42,47.85,43.98,11.98,50.62,13.84,63.17,8.09,50.0,11.89,50.0,4.42,50.22,34.86,9.5,52.58,14.37,72.18,9.24,50.0,11.89,50.0,4.42,49.42
202609120212,2026-09-12,02,12R,daily,66.74,18.18,52.58,14.37,32.33,4.14,50.0,11.89,50.0,4.42,53.0,53.82,14.66,56.5,15.44,53.19,6.81,50.0,11.89,50.0,4.42,53.22,52.69,14.36,46.7,12.76,56.89,7.28,50.0,11.89,50.0,4.42,50.71,48.72,13.27,44.74,12.23,50.96,6.52,50.0,11.89,50.0,4.42,48.34,43.98,11.98,66.29,18.12,50.67,6.49,50.0,11.89,50.0,4.42,52.9,34.86,9.5,50.62,13.84,37.47,4.8,50.0,11.89,50.0,4.42,44.44
202609120501,2026-09-12,05,1R,daily,68.91,25.09,44.71,12.06,47.99,4.28,50.0,10.1,50.0,3.76,55.28,51.23,18.65,49.53,13.36,42.5,3.79,50.0,10.1,50.0,3.76,49.65,50.59,18.42,47.12,12.71,37.62,3.35,50.0,10.1,50.0,3.76,48.33,48.62,17.7,42.3,11.41,42.02,3.75,50.0,10.1,50.0,3.76,46.71,44.78,16.3,44.71,12.06,45.8,4.08,50.0,10.1,50.0,3.76,46.3,35.65,12.98,42.3,11.41,38.12,3.4,50.0,10.1,50.0,3.76,41.64
202609120501,2026-09-12,05,1R,realtime,68.91,25.09,44.71,12.06,47.99,4.28,67.57,13.64,40.19,3.02,58.09,51.23,18.65,49.53,13.36,42.5,3.79,44.96,9.08,61.23,4.6,49.48,50.59,18.42,47.12,12.71,37.62,3.35,42.91,8.66,64.66,4.86,48.0,48.62,17.7,42.3,11.41,42.02,3.75,41.37,8.35,49.85,3.75,44.96,44.78,16.3,44.71,12.06,45.8,4.08,56.33,11.37,42.83,3.22,47.04,35.65,12.98,42.3,11.41,38.12,3.4,46.78,9.44,41.02,3.08,40.31
202609120502,2026-09-12,05,2R,daily,68.91,25.09,47.12,12.71,45.46,4.05,50.0,10.1,50.0,3.76,55.7,51.23,18.65,37.47,10.11,48.36,4.31,50.0,10.1,50.0,3.76,46.92,50.59,18.42,39.88,10.76,60.18,5.37,50.0,10.1,50.0,3.76,48.39,48.62,17.7,44.71,12.06,45.3,4.04,50.0,10.1,50.0,3.76,47.65,44.78,16.3,44.71,12.06,33.26,2.97,50.0,10.1,50.0,3.76,45.18,35.65,12.98,54.35,14.66,49.58,4.42,50.0,10.1,50.0,3.76,45.91
202609120502,2026-09-12,05,2R,realtime,68.91,25.09,47.12,12.71,45.46,4.05,57.82,11.67,40.4,3.04,56.56,50.59,18.42,37.47,10.11,48.36,4.31,49.78,10.05,65.02,4.89,47.77,48.62,17.7,39.88,10.76,60.18,5.37,52.44,10.59,49.13,3.69,48.11,44.78,16.3,44.71,12.06,45.3,4.04,48.18,9.73,42.64,3.21,45.33,35.65,12.98,44.71,12.06,33.26,2.97,37.74,7.62,40.19,3.02,38.64,51.23,18.65,54.35,14.66,49.58,4.42,53.96,10.9,62.39,4.69,53.32
202609120503,2026-09-12,05,3R,daily,68.91,25.09,49.53,13.36,66.64,5.94,50.0,10.1,50.0,3.76,58.24,51.23,18.65,47.12,12.71,42.9,3.83,50.0,10.1,50.0,3.76,49.04,50.59,18.42,49.53,13.36,48.3,4.31,50.0,10.1,50.0,3.76,49.94,48.62,17.7,56.76,15.31,62.15,5.54,50.0,10.1,50.0,3.76,52.41,44.78,16.3,47.12,12.71,49.79,4.44,50.0,10.1,50.0,3.76,47.31,35.65,12.98,56.76,15.31,57.46,5.12,50.0,10.1,50.0,3.76,47.27
202609120504,2026-09-12,05,4R,daily,68.91,25.09,44.71,12.06,35.2,3.14,50.0,10.1,50.0,3.76,54.14,51.23,18.65,49.53,13.36,62.18,5.54,50.0,10.1,50.0,3.76,51.41,50.59,18.42,44.71,12.06,50.44,4.5,50.0,10.1,50.0,3.76,48.83,48.62,17.7,61.59,16.61,35.72,3.18,50.0,10.1,50.0,3.76,51.35,44.78,16.3,42.3,11.41,27.72,2.47,50.0,10.1,50.0,3.76,44.04,35.65,12.98,51.94,14.01,50.7,4.52,50.0,10.1,50.0,3.76,45.36
202609120505,2026-09-12,05,5R,daily,68.91,25.09,49.53,13.36,41.98,3.74,50.0,10.1,50.0,3.76,56.04,51.23,18.65,44.71,12.06,65.47,5.84,50.0,10.1,50.0,3.76,50.4,50.59,18.42,61.59,16.61,46.35,4.13,50.0,10.1,50.0,3.76,53.01,48.62,17.7,49.53,13.36,33.91,3.02,50.0,10.1,50.0,3.76,47.94,44.78,16.3,44.71,12.06,47.69,4.25,50.0,10.1,50.0,3.76,46.47,35.65,12.98,35.06,9.46,60.42,5.39,50.0,10.1,50.0,3.76,41.68
202609120506,2026-09-12,05,6R,daily,68.91,25.09,51.94,14.01,41.66,3.71,50.0,10.1,50.0,3.76,56.66,51.23,18.65,44.71,12.06,45.8,4.08,50.0,10.1,50.0,3.76,48.65,50.59,18.42,51.94,14.01,51.68,4.61,50.0,10.1,50.0,3.76,50.89,48.62,17.7,44.71,12.06,47.99,4.28,50.0,10.1,50.0,3.76,47.89,44.78,16.3,51.94,14.01,53.55,4.77,50.0,10.1,50.0,3.76,48.94,35.65,12.98,44.71,12.06,42.67,3.8,50.0,10.1,50.0,3.76,42.69
202609120507,2026-09-12,05,7R,daily,68.91,25.09,51.94,14.01,41.71,3.72,50.0,10.1,50.0,3.76,56.67,51.23,18.65,44.71,12.06,33.26,2.97,50.0,10.1,50.0,3.76,47.53,50.59,18.42,47.12,12.71,44.44,3.96,50.0,10.1,50.0,3.76,48.94,48.62,17.7,47.12,12.71,45.46,4.05,50.0,10.1,50.0,3.76,48.32,44.78,16.3,47.12,12.71,42.9,3.83,50.0,10.1,50.0,3.76,46.69,35.65,12.98,49.53,13.36,52.41,4.67,50.0,10.1,50.0,3.76,44.86
202609120508,2026-09-12,05,8R,daily,68.91,25.09,54.35,14.66,43.7,3.9,50.0,10.1,50.0,3.76,57.5,51.23,18.65,42.3,11.41,27.72,2.47,50.0,10.1,50.0,3.76,46.38,50.59,18.42,49.53,13.36,55.01,4.91,50.0,10.1,50.0,3.76,50.53,48.62,17.7,37.47,10.11,48.36,4.31,50.0,10.1,50.0,3.76,45.97,44.78,16.3,39.88,10.76,26.15,2.33,50.0,10.1,50.0,3.76,43.25,35.65,12.98,30.24,8.16,43.37,3.87,50.0,10.1,50.0,3.76,38.86
202609120509,2026-09-12,05,9R,daily,68.91,25.09,42.3,11.41,42.02,3.75,50.0,10.1,50.0,3.76,54.09,51.23,18.65,44.71,12.06,47.69,4.25,50.0,10.1,50.0,3.76,48.81,50.59,18.42,49.53,13.36,40.27,3.59,50.0,10.1,50.0,3.76,49.22,48.62,17.7,35.06,9.46,60.42,5.39,50.0,10.1,50.0,3.76,46.4,44.78,16.3,39.88,10.76,60.18,5.37,50.0,10.1,50.0,3.76,46.28,35.65,12.98,51.94,14.01,57.12,5.09,50.0,10.1,50.0,3.76,45.93
202609120510,2026-09-12,05,10R,daily,68.91,25.09,54.35,14.66,49.58,4.42,50.0,10.1,50.0,3.76,58.02,51.23,18.65,51.94,14.01,53.55,4.77,50.0,10.1,50.0,3.76,51.29,50.59,18.42,61.59,16.61,35.72,3.18,50.0,10.1,50.0,3.76,52.06,48.62,17.7,61.59,16.61,46.35,4.13,50.0,10.1,50.0,3.76,52.3,44.78,16.3,49.53,13.36,62.18,5.54,50.0,10.1,50.0,3.76,49.06,35.65,12.98,49.53,13.36,66.64,5.94,50.0,10.1,50.0,3.76,46.13
202609120511,2026-09-12,05,11R,daily,68.91,25.09,56.76,15.31,57.46,5.12,50.0,10.1,50.0,3.76,59.37,51.23,18.65,51.94,14.01,50.7,4.52,50.0,10.1,50.0,3.76,51.03,50.59,18.42,44.71,12.06,45.3,4.04,50.0,10.1,50.0,3.76,48.37,48.62,17.7,51.94,14.01,51.68,4.61,50.0,10.1,50.0,3.76,50.17,44.78,16.3,49.53,13.36,42.5,3.79,50.0,10.1,50.0,3.76,47.31,35.65,12.98,51.94,14.01,41.71,3.72,50.0,10.1,50.0,3.76,44.56
202609120512,2026-09-12,05,12R,daily,68.91,25.09,49.53,13.36,52.41,4.67,50.0,10.1,50.0,3.76,56.97,51.23,18.65,47.12,12.71,49.79,4.44,50.0,10.1,50.0,3.76,49.65,50.59,18.42,56.76,15.31,62.15,5.54,50.0,10.1,50.0,3.76,53.12,48.62,17.7,44.71,12.06,42.67,3.8,50.0,10.1,50.0,3.76,47.42,44.78,16.3,44.71,12.06,65.47,5.84,50.0,10.1,50.0,3.76,48.05,35.65,12.98,49.53,13.36,41.98,3.74,50.0,10.1,50.0,3.76,43.93
202609120601,2026-09-12,06,1R,daily,69.51,24.92,43.96,9.19,46.48,4.25,50.0,13.18,50.0,3.87,55.41,52.05,18.66,46.04,9.63,56.93,5.2,50.0,13.18,50.0,3.87,50.54,51.1,18.32,37.71,7.88,68.53,6.26,50.0,13.18,50.0,3.87,49.52,48.86,17.52,43.96,9.19,21.31,1.95,50.0,13.18,50.0,3.87,45.71,45.83,16.43,43.96,9.19,51.16,4.68,50.0,13.18,50.0,3.87,47.35,32.64,11.7,31.46,6.58,48.36,4.42,50.0,13.18,50.0,3.87,39.75
202609120601,2026-09-12,06,1R,realtime,69.51,24.92,43.96,9.19,46.48,4.25,62.17,16.39,47.78,3.69,58.45,52.05,18.66,46.04,9.63,56.93,5.2,54.28,14.31,53.18,4.11,51.91,51.1,18.32,37.71,7.88,68.53,6.26,46.28,12.2,46.34,3.58,48.25,48.86,17.52,43.96,9.19,21.31,1.95,36.69,9.68,51.65,3.99,42.32,45.83,16.43,43.96,9.19,51.16,4.68,40.23,10.61,49.97,3.86,44.77,32.64,11.7,31.46,6.58,48.36,4.42,60.49,15.95,51.06,3.95,42.6
202609120602,2026-09-12,06,2R,daily,69.51,24.92,41.87,8.76,50.01,4.57,50.0,13.18,50.0,3.87,55.3,52.05,18.66,41.87,8.76,48.6,4.44,50.0,13.18,50.0,3.87,48.91,51.1,18.32,48.12,10.06,36.25,3.31,50.0,13.18,50.0,3.87,48.74,48.86,17.52,46.04,9.63,57.42,5.25,50.0,13.18,50.0,3.87,49.44,45.83,16.43,48.12,10.06,40.04,3.66,50.0,13.18,50.0,3.87,47.2,32.64,11.7,50.21,10.5,52.01,4.75,50.0,13.18,50.0,3.87,44.0
202609120603,2026-09-12,06,3R,daily,69.51,24.92,41.87,8.76,53.73,4.91,50.0,13.18,50.0,3.87,55.64,52.05,18.66,43.96,9.19,40.9,3.74,50.0,13.18,50.0,3.87,48.64,51.1,18.32,50.21,10.5,30.11,2.75,50.0,13.18,50.0,3.87,48.62,48.86,17.52,48.12,10.06,66.44,6.07,50.0,13.18,50.0,3.87,50.7,45.83,16.43,48.12,10.06,59.02,5.39,50.0,13.18,50.0,3.87,48.93,32.64,11.7,52.29,10.93,66.98,6.12,50.0,13.18,50.0,3.87,45.81
202609120604,2026-09-12,06,4R,daily,69.51,24.92,52.29,10.93,48.09,4.4,50.0,13.18,50.0,3.87,57.3,52.05,18.66,43.96,9.19,43.56,3.98,50.0,13.18,50.0,3.87,48.88,51.1,18.32,46.04,9.63,73.86,6.75,50.0,13.18,50.0,3.87,51.75,48.86,17.52,43.96,9.19,56.57,5.17,50.0,13.18,50.0,3.87,48.93,45.83,16.43,48.12,10.06,66.87,6.11,50.0,13.18,50.0,3.87,49.65,32.64,11.7,41.87,8.76,51.49,4.71,50.0,13.18,50.0,3.87,42.21
202609120605,2026-09-12,06,5R,daily,69.51,24.92,48.12,10.06,54.15,4.95,50.0,13.18,50.0,3.87,56.98,52.05,18.66,39.79,8.32,57.05,5.21,50.0,13.18,50.0,3.87,49.24,51.1,18.32,43.96,9.19,42.13,3.85,50.0,13.18,50.0,3.87,48.41,48.86,17.52,48.12,10.06,54.58,4.99,50.0,13.18,50.0,3.87,49.62,45.83,16.43,48.12,10.06,60.04,5.49,50.0,13.18,50.0,3.87,49.03,32.64,11.7,46.04,9.63,45.12,4.12,50.0,13.18,50.0,3.87,42.5
202609120606,2026-09-12,06,6R,daily,69.51,24.92,41.87,8.76,38.76,3.54,50.0,13.18,50.0,3.87,54.27,52.05,18.66,39.79,8.32,53.28,4.87,50.0,13.18,50.0,3.87,48.9,51.1,18.32,58.54,12.24,53.89,4.93,50.0,13.18,50.0,3.87,52.53,48.86,17.52,50.21,10.5,50.39,4.61,50.0,13.18,50.0,3.87,49.67,45.83,16.43,31.46,6.58,48.36,4.42,50.0,13.18,50.0,3.87,44.48,32.64,11.7,64.79,13.55,48.35,4.42,50.0,13.18,50.0,3.87,46.72
202609120607,2026-09-12,06,7R,daily,69.51,24.92,37.71,7.88,68.53,6.26,50.0,13.18,50.0,3.87,56.12,52.05,18.66,50.21,10.5,55.83,5.1,50.0,13.18,50.0,3.87,51.31,51.1,18.32,48.12,10.06,59.02,5.39,50.0,13.18,50.0,3.87,50.83,48.86,17.52,50.21,10.5,42.32,3.87,50.0,13.18,50.0,3.87,48.93,45.83,16.43,41.87,8.76,50.01,4.57,50.0,13.18,50.0,3.87,46.81,32.64,11.7,48.12,10.06,54.87,5.02,50.0,13.18,50.0,3.87,43.83
202609120608,2026-09-12,06,8R,daily,69.51,24.92,50.21,10.5,55.97,5.12,50.0,13.18,50.0,3.87,57.58,52.05,18.66,43.96,9.19,21.31,1.95,50.0,13.18,50.0,3.87,46.85,51.1,18.32,41.87,8.76,53.73,4.91,50.0,13.18,50.0,3.87,49.04,48.86,17.52,46.04,9.63,57.08,5.22,50.0,13.18,50.0,3.87,49.41,45.83,16.43,46.04,9.63,73.86,6.75,50.0,13.18,50.0,3.87,49.86,32.64,11.7,41.87,8.76,48.6,4.44,50.0,13.18,50.0,3.87,41.95
202609120609,2026-09-12,06,9R,daily,69.51,24.92,43.96,9.19,50.48,4.61,50.0,13.18,50.0,3.87,55.77,52.05,18.66,43.96,9.19,56.57,5.17,50.0,13.18,50.0,3.87,50.07,51.1,18.32,48.12,10.06,60.04,5.49,50.0,13.18,50.0,3.87,50.92,48.86,17.52,43.96,9.19,51.16,4.68,50.0,13.18,50.0,3.87,48.43,45.83,16.43,48.12,10.06,66.44,6.07,50.0,13.18,50.0,3.87,49.61,32.64,11.7,48.12,10.06,61.9,5.66,50.0,13.18,50.0,3.87,44.47
202609120610,2026-09-12,06,10R,daily,69.51,24.92,48.12,10.06,36.25,3.31,50.0,13.18,50.0,3.87,55.35,52.05,18.66,52.29,10.93,66.98,6.12,50.0,13.18,50.0,3.87,52.77,51.1,18.32,48.12,10.06,66.87,6.11,50.0,13.18,50.0,3.87,51.54,48.86,17.52,43.96,9.19,42.13,3.85,50.0,13.18,50.0,3.87,47.61,45.83,16.43,46.04,9.63,56.93,5.2,50.0,13.18,50.0,3.87,48.31,32.64,11.7,50.21,10.5,50.39,4.61,50.0,13.18,50.0,3.87,43.86
202609120611,2026-09-12,06,11R,daily,69.51,24.92,50.21,10.5,55.83,5.1,50.0,13.18,50.0,3.87,57.57,52.05,18.66,48.12,10.06,40.04,3.66,50.0,13.18,50.0,3.87,49.43,51.1,18.32,64.79,13.55,48.35,4.42,50.0,13.18,50.0,3.87,53.34,48.86,17.52,50.21,10.5,30.11,2.75,50.0,13.18,50.0,3.87,47.82,45.83,16.43,43.96,9.19,46.48,4.25,50.0,13.18,50.0,3.87,46.92,32.64,11.7,48.12,10.06,54.58,4.99,50.0,13.18,50.0,3.87,43.8
202609120612,2026-09-12,06,12R,daily,69.51,24.92,46.04,9.63,57.08,5.22,50.0,13.18,50.0,3.87,56.81,52.05,18.66,50.21,10.5,42.32,3.87,50.0,13.18,50.0,3.87,50.08,51.1,18.32,43.96,9.19,43.56,3.98,50.0,13.18,50.0,3.87,48.54,48.86,17.52,50.21,10.5,52.01,4.75,50.0,13.18,50.0,3.87,49.82,45.83,16.43,48.12,10.06,54.15,4.95,50.0,13.18,50.0,3.87,48.49,32.64,11.7,58.54,12.24,53.89,4.93,50.0,13.18,50.0,3.87,45.92
202609120801,2026-09-12,08,1R,daily,67.61,27.13,59.47,13.73,38.48,2.97,50.0,10.67,50.0,3.86,58.37,51.67,20.74,44.91,10.37,51.62,3.98,50.0,10.67,50.0,3.86,49.62,50.0,20.07,38.66,8.93,53.83,4.15,50.0,10.67,50.0,3.86,47.68,49.5,19.87,36.58,8.45,67.46,5.2,50.0,10.67,50.0,3.86,48.05,45.19,18.14,40.74,9.41,45.57,3.52,50.0,10.67,50.0,3.86,45.59,35.29,14.16,42.83,9.89,49.19,3.79,50.0,10.67,50.0,3.86,42.38
202609120801,2026-09-12,08,1R,realtime,67.61,27.13,59.47,13.73,38.48,2.97,64.74,13.82,24.25,1.87,59.52,51.67,20.74,44.91,10.37,51.62,3.98,59.38,12.67,64.35,4.97,52.73,50.0,20.07,38.66,8.93,53.83,4.15,44.01,9.39,41.24,3.19,45.72,49.5,19.87,36.58,8.45,67.46,5.2,51.09,10.9,70.0,5.41,49.83,45.19,18.14,40.74,9.41,45.57,3.51,44.79,9.56,56.59,4.37,44.99,35.29,14.16,42.83,9.89,49.19,3.79,36.01,7.69,43.59,3.37,38.89
202609120802,2026-09-12,08,2R,daily,67.61,27.13,44.91,10.37,53.4,4.12,50.0,10.67,50.0,3.86,56.15,51.67,20.74,44.91,10.37,29.24,2.26,50.0,10.67,50.0,3.86,47.89,50.0,20.07,46.99,10.85,55.03,4.24,50.0,10.67,50.0,3.86,49.69,49.5,19.87,34.5,7.96,50.57,3.9,50.0,10.67,50.0,3.86,46.27,45.19,18.14,42.83,9.89,58.73,4.53,50.0,10.67,50.0,3.86,47.09,35.29,14.16,38.66,8.93,63.76,4.92,50.0,10.67,50.0,3.86,42.54
202609120802,2026-09-12,08,2R,realtime,67.61,27.13,44.91,10.37,53.4,4.12,67.2,14.34,28.01,2.16,58.13,51.67,20.74,44.91,10.37,29.24,2.26,51.86,11.07,66.57,5.14,49.57,50.0,20.07,46.99,10.85,55.03,4.24,36.93,7.88,41.06,3.17,46.21,49.5,19.87,34.5,7.96,50.57,3.9,43.69,9.33,66.08,5.1,46.16,45.19,18.14,42.83,9.89,58.73,4.53,58.4,12.46,55.84,4.31,49.33,35.29,14.16,38.66,8.93,63.76,4.92,41.94,8.95,42.45,3.28,40.24
202609120803,2026-09-12,08,3R,daily,67.61,27.13,42.83,9.89,67.93,5.24,50.0,10.67,50.0,3.86,56.79,51.67,20.74,38.66,8.93,47.65,3.68,50.0,10.67,50.0,3.86,47.87,50.0,20.07,40.74,9.41,50.66,3.91,50.0,10.67,50.0,3.86,47.91,49.5,19.87,34.5,7.96,48.2,3.72,50.0,10.67,50.0,3.86,46.08,45.19,18.14,65.72,15.17,65.38,5.04,50.0,10.67,50.0,3.86,52.88,35.29,14.16,49.07,11.33,38.07,2.94,50.0,10.67,50.0,3.86,42.96
202609120803,2026-09-12,08,3R,realtime,67.61,27.13,42.83,9.89,67.93,5.24,70.66,15.08,26.61,2.06,59.4,51.67,20.74,38.66,8.93,47.65,3.68,41.49,8.86,61.21,4.73,46.92,50.0,20.07,40.74,9.41,50.66,3.91,42.88,9.15,41.84,3.23,45.76,35.29,14.16,34.5,7.96,48.2,3.72,42.91,9.16,44.86,3.46,38.47,49.5,19.87,65.72,15.17,65.38,5.04,59.18,12.63,70.0,5.41,58.12,45.19,18.14,49.07,11.33,38.07,2.94,42.91,9.16,55.5,4.29,45.85
202609120804,2026-09-12,08,4R,daily,67.61,27.13,42.83,9.89,40.86,3.15,50.0,10.67,50.0,3.86,54.71,51.67,20.74,46.99,10.85,46.67,3.6,50.0,10.67,50.0,3.86,49.72,50.0,20.07,38.66,8.93,47.72,3.68,50.0,10.67,50.0,3.86,47.21,49.5,19.87,44.91,10.37,57.23,4.41,50.0,10.67,50.0,3.86,49.18,45.19,18.14,59.47,13.73,66.49,5.13,50.0,10.67,50.0,3.86,51.53,35.29,14.16,34.5,7.96,58.99,4.55,50.0,10.67,50.0,3.86,41.21
202609120805,2026-09-12,08,5R,daily,67.61,27.13,36.58,8.45,67.46,5.2,50.0,10.67,50.0,3.86,55.32,51.67,20.74,42.83,9.89,51.56,3.98,50.0,10.67,50.0,3.86,49.13,50.0,20.07,53.23,12.29,36.36,2.8,50.0,10.67,50.0,3.86,49.69,49.5,19.87,55.31,12.77,48.39,3.73,50.0,10.67,50.0,3.86,50.9,45.19,18.14,40.74,9.41,48.04,3.71,50.0,10.67,50.0,3.86,45.78,35.29,14.16,51.15,11.81,46.75,3.61,50.0,10.67,50.0,3.86,44.11
202609120806,2026-09-12,08,6R,daily,67.61,27.13,49.07,11.33,50.31,3.88,50.0,10.67,50.0,3.86,56.88,51.67,20.74,40.74,9.41,45.24,3.49,50.0,10.67,50.0,3.86,48.17,50.0,20.07,38.66,8.93,63.76,4.92,50.0,10.67,50.0,3.86,48.44,49.5,19.87,44.91,10.37,49.82,3.84,50.0,10.67,50.0,3.86,48.61,45.19,18.14,57.39,13.25,39.0,3.01,50.0,10.67,50.0,3.86,48.93,35.29,14.16,34.5,7.96,51.51,3.97,50.0,10.67,50.0,3.86,40.63
202609120807,2026-09-12,08,7R,daily,67.61,27.13,44.91,10.37,45.68,3.52,50.0,10.67,50.0,3.86,55.56,51.67,20.74,42.83,9.89,69.34,5.35,50.0,10.67,50.0,3.86,50.5,50.0,20.07,42.83,9.89,67.93,5.24,50.0,10.67,50.0,3.86,49.73,49.5,19.87,40.74,9.41,45.57,3.52,50.0,10.67,50.0,3.86,47.32,45.19,18.14,36.58,8.45,57.91,4.47,50.0,10.67,50.0,3.86,45.58,35.29,14.16,46.99,10.85,55.03,4.24,50.0,10.67,50.0,3.86,43.79
202609120808,2026-09-12,08,8R,daily,67.61,27.13,34.5,7.96,45.22,3.49,50.0,10.67,50.0,3.86,53.12,51.67,20.74,49.07,11.33,38.07,2.94,50.0,10.67,50.0,3.86,49.53,50.0,20.07,44.91,10.37,53.4,4.12,50.0,10.67,50.0,3.86,49.09,49.5,19.87,44.91,10.37,51.62,3.98,50.0,10.67,50.0,3.86,48.75,45.19,18.14,57.39,13.25,42.31,3.26,50.0,10.67,50.0,3.86,49.18,35.29,14.16,46.99,10.85,46.67,3.6,50.0,10.67,50.0,3.86,43.14
202609120809,2026-09-12,08,9R,daily,67.61,27.13,40.74,9.41,54.21,4.18,50.0,10.67,50.0,3.86,55.26,51.67,20.74,40.74,9.41,48.04,3.71,50.0,10.67,50.0,3.86,48.38,50.0,20.07,59.47,13.73,66.49,5.13,50.0,10.67,50.0,3.86,53.46,49.5,19.87,42.83,9.89,58.73,4.53,50.0,10.67,50.0,3.86,48.82,45.19,18.14,38.66,8.93,53.83,4.15,50.0,10.67,50.0,3.86,45.75,35.29,14.16,34.5,7.96,48.2,3.72,50.0,10.67,50.0,3.86,40.38
202609120810,2026-09-12,08,10R,daily,67.61,27.13,65.72,15.17,65.38,5.04,50.0,10.67,50.0,3.86,61.88,51.67,20.74,44.91,10.37,57.23,4.41,50.0,10.67,50.0,3.86,50.05,50.0,20.07,42.83,9.89,49.19,3.79,50.0,10.67,50.0,3.86,48.28,49.5,19.87,40.74,9.41,45.24,3.49,50.0,10.67,50.0,3.86,47.3,45.19,18.14,53.23,12.29,36.36,2.8,50.0,10.67,50.0,3.86,47.76,35.29,14.16,34.5,7.96,50.57,3.9,50.0,10.67,50.0,3.86,40.56
202609120811,2026-09-12,08,11R,daily,67.61,27.13,57.39,13.25,39.0,3.01,50.0,10.67,50.0,3.86,57.93,51.67,20.74,40.74,9.41,50.66,3.91,50.0,10.67,50.0,3.86,48.58,50.0,20.07,42.83,9.89,40.86,3.15,50.0,10.67,50.0,3.86,47.64,49.5,19.87,59.47,13.73,38.48,2.97,50.0,10.67,50.0,3.86,51.1,45.19,18.14,42.83,9.89,51.56,3.98,50.0,10.67,50.0,3.86,46.53,35.29,14.16,44.91,10.37,29.24,2.26,50.0,10.67,50.0,3.86,41.32
202609120812,2026-09-12,08,12R,daily,67.61,27.13,78.2,18.05,56.65,4.37,50.0,10.67,50.0,3.86,64.09,51.67,20.74,61.56,14.21,45.63,3.52,50.0,10.67,50.0,3.86,53.0,50.0,20.07,57.39,13.25,42.31,3.26,50.0,10.67,50.0,3.86,51.11,49.5,19.87,59.47,13.73,60.14,4.64,50.0,10.67,50.0,3.86,52.77,45.19,18.14,49.07,11.33,50.31,3.88,50.0,10.67,50.0,3.86,47.88,35.29,14.16,55.31,12.77,48.39,3.73,50.0,10.67,50.0,3.86,45.2
202609120901,2026-09-12,09,1R,daily,67.29,26.9,56.28,12.38,45.64,3.68,50.0,12.11,50.0,2.87,57.94,52.24,20.88,46.34,10.19,51.07,4.12,50.0,12.11,50.0,2.87,50.18,49.94,19.96,46.34,10.19,45.79,3.69,50.0,12.11,50.0,2.87,48.83,48.74,19.48,48.33,10.63,51.68,4.17,50.0,12.11,50.0,2.87,49.27,44.46,17.77,42.37,9.32,62.85,5.07,50.0,12.11,50.0,2.87,47.14,37.0,14.79,46.34,10.19,30.7,2.48,50.0,12.11,50.0,2.87,42.44
202609120901,2026-09-12,09,1R,realtime,67.29,26.9,56.28,12.38,45.64,3.68,64.09,15.53,51.06,2.93,61.42,52.24,20.88,46.34,10.19,51.07,4.12,58.27,14.12,67.82,3.89,53.2,49.94,19.96,46.34,10.19,45.79,3.69,42.29,10.25,33.18,1.91,46.0,48.74,19.48,48.33,10.63,51.68,4.17,45.07,10.92,57.68,3.31,48.51,44.46,17.77,42.37,9.32,62.85,5.07,37.87,9.17,49.08,2.82,44.15,37.0,14.79,46.34,10.19,30.7,2.48,52.48,12.72,41.25,2.37,42.54
202609120902,2026-09-12,09,2R,daily,67.29,26.9,46.34,10.19,38.86,3.13,50.0,12.11,50.0,2.87,55.21,52.24,20.88,44.35,9.75,63.34,5.11,50.0,12.11,50.0,2.87,50.73,49.94,19.96,48.33,10.63,36.04,2.91,50.0,12.11,50.0,2.87,48.48,48.74,19.48,46.34,10.19,31.76,2.56,50.0,12.11,50.0,2.87,47.22,44.46,17.77,44.35,9.75,47.52,3.83,50.0,12.11,50.0,2.87,46.34,37.0,14.79,42.37,9.32,42.29,3.41,50.0,12.11,50.0,2.87,42.5
202609120902,2026-09-12,09,2R,realtime,67.29,26.9,46.34,10.19,38.86,3.13,46.41,11.24,51.06,2.93,54.4,52.24,20.88,44.35,9.75,63.34,5.11,67.6,16.38,67.82,3.89,56.02,49.94,19.96,48.33,10.63,36.04,2.91,54.11,13.11,33.18,1.91,48.52,48.74,19.48,46.34,10.19,31.76,2.56,39.51,9.57,57.68,3.31,45.12,44.46,17.77,44.35,9.75,47.52,3.83,44.21,10.71,49.08,2.82,44.89,37.0,14.79,42.37,9.32,42.29,3.41,48.24,11.69,41.25,2.37,41.57
202609120903,2026-09-12,09,3R,daily,67.29,26.9,42.37,9.32,57.5,4.64,50.0,12.11,50.0,2.87,55.84,52.24,20.88,54.3,11.94,50.45,4.07,50.0,12.11,50.0,2.87,51.87,49.94,19.96,50.32,11.07,56.34,4.54,50.0,12.11,50.0,2.87,50.56,48.74,19.48,44.35,9.75,46.25,3.73,50.0,12.11,50.0,2.87,47.95,44.46,17.77,46.34,10.19,40.11,3.24,50.0,12.11,50.0,2.87,46.18,37.0,14.79,54.3,11.94,57.09,4.6,50.0,12.11,50.0,2.87,46.32
202609120903,2026-09-12,09,3R,realtime,67.29,26.9,42.37,9.32,57.5,4.64,64.27,15.57,42.55,2.44,58.87,52.24,20.88,54.3,11.94,50.45,4.07,54.54,13.21,71.03,4.08,54.18,49.94,19.96,50.32,11.07,56.34,4.54,50.1,12.14,32.1,1.84,49.56,48.74,19.48,44.35,9.75,46.25,3.73,41.2,9.98,54.91,3.15,46.1,44.46,17.77,46.34,10.19,40.11,3.23,41.11,9.96,58.52,3.36,44.52,37.0,14.79,54.3,11.94,57.09,4.6,48.85,11.83,40.95,2.35,45.52
202609120904,2026-09-12,09,4R,daily,67.29,26.9,40.38,8.88,60.43,4.87,50.0,12.11,50.0,2.87,55.64,52.24,20.88,52.31,11.5,26.28,2.12,50.0,12.11,50.0,2.87,49.49,49.94,19.96,42.37,9.32,36.31,2.93,50.0,12.11,50.0,2.87,47.19,48.74,19.48,48.33,10.63,40.18,3.24,50.0,12.11,50.0,2.87,48.34,44.46,17.77,46.34,10.19,44.22,3.57,50.0,12.11,50.0,2.87,46.52,37.0,14.79,46.34,10.19,51.18,4.13,50.0,12.11,50.0,2.87,44.09
202609120905,2026-09-12,09,5R,daily,67.29,26.9,56.28,12.38,45.24,3.65,50.0,12.11,50.0,2.87,57.91,52.24,20.88,48.33,10.63,30.09,2.43,50.0,12.11,50.0,2.87,48.92,49.94,19.96,44.35,9.75,35.64,2.87,50.0,12.11,50.0,2.87,47.58,48.74,19.48,52.31,11.5,47.73,3.85,50.0,12.11,50.0,2.87,49.82,44.46,17.77,46.34,10.19,46.16,3.72,50.0,12.11,50.0,2.87,46.67,37.0,14.79,44.35,9.75,58.58,4.72,50.0,12.11,50.0,2.87,44.25
202609120906,2026-09-12,09,6R,daily,67.29,26.9,48.33,10.63,43.1,3.48,50.0,12.11,50.0,2.87,55.99,52.24,20.88,46.34,10.19,30.7,2.48,50.0,12.11,50.0,2.87,48.53,49.94,19.96,50.32,11.07,53.68,4.33,50.0,12.11,50.0,2.87,50.34,48.74,19.48,52.31,11.5,40.57,3.27,50.0,12.11,50.0,2.87,49.24,44.46,17.77,32.42,7.13,40.87,3.3,50.0,12.11,50.0,2.87,43.18,37.0,14.79,68.21,15.0,51.8,4.18,50.0,12.11,50.0,2.87,48.95
202609120907,2026-09-12,09,7R,daily,67.29,26.9,46.34,10.19,40.11,3.24,50.0,12.11,50.0,2.87,55.31,52.24,20.88,50.32,11.07,44.15,3.56,50.0,12.11,50.0,2.87,50.49,49.94,19.96,50.32,11.07,56.78,4.58,50.0,12.11,50.0,2.87,50.59,48.74,19.48,42.37,9.32,42.29,3.41,50.0,12.11,50.0,2.87,47.2,44.46,17.77,48.33,10.63,54.64,4.41,50.0,12.11,50.0,2.87,47.79,37.0,14.79,56.28,12.38,45.93,3.7,50.0,12.11,50.0,2.87,45.86
202609120908,2026-09-12,09,8R,daily,67.29,26.9,44.35,9.75,46.25,3.73,50.0,12.11,50.0,2.87,55.37,52.24,20.88,48.33,10.63,47.69,3.85,50.0,12.11,50.0,2.87,50.34,49.94,19.96,48.33,10.63,51.68,4.17,50.0,12.11,50.0,2.87,49.75,48.74,19.48,64.24,14.13,53.22,4.29,50.0,12.11,50.0,2.87,52.89,44.46,17.77,46.34,10.19,38.86,3.13,50.0,12.11,50.0,2.87,46.08,37.0,14.79,46.34,10.19,54.45,4.39,50.0,12.11,50.0,2.87,44.36
202609120909,2026-09-12,09,9R,daily,67.29,26.9,46.34,10.19,60.53,4.88,50.0,12.11,50.0,2.87,56.96,52.24,20.88,50.32,11.07,54.81,4.42,50.0,12.11,50.0,2.87,51.35,49.94,19.96,52.31,11.5,47.73,3.85,50.0,12.11,50.0,2.87,50.3,48.74,19.48,44.35,9.75,63.34,5.11,50.0,12.11,50.0,2.87,49.33,44.46,17.77,48.33,10.63,53.18,4.29,50.0,12.11,50.0,2.87,47.67,37.0,14.79,48.33,10.63,40.18,3.24,50.0,12.11,50.0,2.87,43.65
202609120910,2026-09-12,09,10R,daily,67.29,26.9,46.34,10.19,44.22,3.57,50.0,12.11,50.0,2.87,55.64,52.24,20.88,44.35,9.75,47.52,3.83,50.0,12.11,50.0,2.87,49.45,49.94,19.96,52.31,11.5,34.7,2.8,50.0,12.11,50.0,2.87,49.25,48.74,19.48,46.34,10.19,45.79,3.69,50.0,12.11,50.0,2.87,48.35,44.46,17.77,56.28,12.38,45.24,3.65,50.0,12.11,50.0,2.87,48.78,37.0,14.79,50.32,11.07,56.34,4.54,50.0,12.11,50.0,2.87,45.39
202609120911,2026-09-12,09,11R,daily,67.29,26.9,52.31,11.5,60.36,4.87,50.0,12.11,50.0,2.87,58.25,52.24,20.88,56.28,12.38,45.93,3.7,50.0,12.11,50.0,2.87,51.95,49.94,19.96,44.35,9.75,58.58,4.72,50.0,12.11,50.0,2.87,49.43,48.74,19.48,50.32,11.07,53.68,4.33,50.0,12.11,50.0,2.87,49.86,44.46,17.77,46.34,10.19,51.07,4.12,50.0,12.11,50.0,2.87,47.07,37.0,14.79,54.3,11.94,50.45,4.07,50.0,12.11,50.0,2.87,45.78
202609120912,2026-09-12,09,12R,daily,67.29,26.9,64.24,14.13,53.22,4.29,50.0,12.11,50.0,2.87,60.3,52.24,20.88,68.21,15.0,51.8,4.18,50.0,12.11,50.0,2.87,55.04,49.94,19.96,54.3,11.94,57.09,4.6,50.0,12.11,50.0,2.87,51.49,48.74,19.48,50.32,11.07,56.78,4.58,50.0,12.11,50.0,2.87,50.11,44.46,17.77,56.28,12.38,45.64,3.68,50.0,12.11,50.0,2.87,48.82,37.0,14.79,52.31,11.5,26.28,2.12,50.0,12.11,50.0,2.87,43.4
202609121001,2026-09-12,10,1R,daily,66.67,25.75,52.82,15.2,47.0,4.1,50.0,8.44,50.0,3.5,56.99,52.63,20.32,47.48,13.66,39.28,3.42,50.0,8.44,50.0,3.5,49.35,52.81,20.4,47.48,13.66,45.7,3.98,50.0,8.44,50.0,3.5,49.98,47.3,18.27,44.8,12.89,42.44,3.7,50.0,8.44,50.0,3.5,46.8,43.92,16.96,47.48,13.66,46.4,4.04,50.0,8.44,50.0,3.5,46.61,36.48,14.09,39.46,11.35,40.84,3.56,50.0,8.44,50.0,3.5,40.95
202609121001,2026-09-12,10,1R,realtime,66.67,25.75,52.82,15.2,47.0,4.1,71.02,11.99,50.0,3.5,60.54,52.63,20.32,47.48,13.66,39.28,3.42,52.68,8.9,50.0,3.5,49.81,52.81,20.4,47.48,13.66,45.7,3.98,38.81,6.55,50.0,3.5,48.09,47.3,18.27,44.8,12.89,42.44,3.7,39.91,6.74,50.0,3.5,45.1,43.92,16.96,47.48,13.66,46.4,4.04,55.97,9.45,50.0,3.5,47.62,36.48,14.09,39.46,11.35,40.84,3.56,41.69,7.04,50.0,3.5,39.55
202609121002,2026-09-12,10,2R,daily,66.67,25.75,52.82,15.2,51.68,4.5,50.0,8.44,50.0,3.5,57.4,52.63,20.32,52.82,15.2,57.02,4.97,50.0,8.44,50.0,3.5,52.44,52.81,20.4,39.46,11.35,51.48,4.49,50.0,8.44,50.0,3.5,48.18,47.3,18.27,47.48,13.66,26.75,2.33,50.0,8.44,50.0,3.5,46.2,43.92,16.96,50.15,14.43,37.35,3.26,50.0,8.44,50.0,3.5,46.59,36.48,14.09,42.13,12.12,47.14,4.11,50.0,8.44,50.0,3.5,42.27
202609121002,2026-09-12,10,2R,realtime,66.67,25.75,52.82,15.2,51.68,4.5,51.88,8.76,45.28,3.17,57.38,52.63,20.32,52.82,15.2,57.02,4.97,65.43,11.05,51.68,3.62,55.16,52.81,20.4,39.46,11.35,51.48,4.49,37.78,6.38,47.28,3.31,45.93,47.3,18.27,47.48,13.66,26.75,2.33,36.52,6.17,50.61,3.54,43.97,43.92,16.96,50.15,14.43,37.35,3.26,63.22,10.68,52.29,3.66,48.99,36.48,14.09,42.13,12.12,47.14,4.11,45.26,7.64,52.86,3.7,41.67
202609121003,2026-09-12,10,3R,daily,66.67,25.75,47.48,13.66,41.2,3.59,50.0,8.44,50.0,3.5,54.95,52.63,20.32,44.8,12.89,51.34,4.48,50.0,8.44,50.0,3.5,49.64,52.81,20.4,52.82,15.2,46.32,4.04,50.0,8.44,50.0,3.5,51.58,47.3,18.27,44.8,12.89,51.49,4.49,50.0,8.44,50.0,3.5,47.59,43.92,16.96,44.8,12.89,53.03,4.62,50.0,8.44,50.0,3.5,46.42,36.48,14.09,50.15,14.43,35.66,3.11,50.0,8.44,50.0,3.5,43.57
202609121003,2026-09-12,10,3R,realtime,66.67,25.75,47.48,13.66,41.2,3.59,55.2,9.32,45.28,3.17,55.49,52.63,20.32,44.8,12.89,51.34,4.48,59.31,10.02,51.68,3.62,51.33,52.81,20.4,52.82,15.2,46.32,4.04,25.28,4.27,47.28,3.31,47.21,47.3,18.27,44.8,12.89,51.49,4.49,53.52,9.04,50.61,3.54,48.23,43.92,16.96,44.8,12.89,53.03,4.62,54.58,9.22,52.29,3.66,47.36,36.48,14.09,50.15,14.43,35.66,3.11,52.16,8.81,52.86,3.7,44.14
202609121004,2026-09-12,10,4R,daily,66.67,25.75,63.5,18.27,51.58,4.5,50.0,8.44,50.0,3.5,60.46,52.63,20.32,44.8,12.89,41.63,3.63,50.0,8.44,50.0,3.5,48.79,52.81,20.4,50.15,14.43,44.52,3.88,50.0,8.44,50.0,3.5,50.65,47.3,18.27,52.82,15.2,53.33,4.65,50.0,8.44,50.0,3.5,50.06,43.92,16.96,55.49,15.97,58.35,5.09,50.0,8.44,50.0,3.5,49.96,36.48,14.09,50.15,14.43,51.7,4.51,50.0,8.44,50.0,3.5,44.97
202609121004,2026-09-12,10,4R,realtime,66.67,25.75,63.5,18.27,51.58,4.5,67.61,11.42,44.08,3.09,63.02,52.63,20.32,44.8,12.89,41.63,3.63,46.03,7.77,53.0,3.71,48.33,52.81,20.4,50.15,14.43,44.52,3.88,42.58,7.19,49.86,3.49,49.39,47.3,18.27,52.82,15.2,53.33,4.65,55.47,9.37,47.26,3.31,50.79,43.92,16.96,55.49,15.97,58.35,5.09,42.13,7.12,51.39,3.6,48.73,36.48,14.09,50.15,14.43,51.7,4.51,46.26,7.81,54.41,3.81,44.65
202609121005,2026-09-12,10,5R,daily,66.67,25.75,52.82,15.2,52.62,4.59,50.0,8.44,50.0,3.5,57.48,52.63,20.32,44.8,12.89,56.35,4.91,50.0,8.44,50.0,3.5,50.07,52.81,20.4,44.8,12.89,55.5,4.84,50.0,8.44,50.0,3.5,50.07,47.3,18.27,47.48,13.66,39.28,3.42,50.0,8.44,50.0,3.5,47.3,43.92,16.96,42.13,12.12,43.62,3.8,50.0,8.44,50.0,3.5,44.83,36.48,14.09,60.83,17.5,49.51,4.32,50.0,8.44,50.0,3.5,47.85
202609121005,2026-09-12,10,5R,realtime,66.67,25.75,52.82,15.2,52.62,4.59,58.94,9.95,44.08,3.09,58.57,52.63,20.32,44.8,12.89,56.35,4.91,53.69,9.07,53.0,3.71,50.91,52.81,20.4,44.8,12.89,55.5,4.84,55.07,9.3,49.86,3.49,50.92,47.3,18.27,47.48,13.66,39.28,3.42,47.49,8.02,47.26,3.31,46.68,43.92,16.96,42.13,12.12,43.62,3.8,28.26,4.77,51.39,3.6,41.26,36.48,14.09,60.83,17.5,49.51,4.32,56.6,9.56,54.41,3.81,49.28
202609121006,2026-09-12,10,6R,daily,66.67,25.75,39.46,11.35,51.48,4.49,50.0,8.44,50.0,3.5,53.54,52.63,20.32,60.83,17.5,66.68,5.81,50.0,8.44,50.0,3.5,55.58,52.81,20.4,39.46,11.35,40.84,3.56,50.0,8.44,50.0,3.5,47.26,47.3,18.27,55.49,15.97,43.54,3.8,50.0,8.44,50.0,3.5,49.97,43.92,16.96,50.15,14.43,33.76,2.94,50.0,8.44,50.0,3.5,46.28,36.48,14.09,50.15,14.43,38.0,3.31,50.0,8.44,50.0,3.5,43.78
202609121006,2026-09-12,10,6R,realtime,66.67,25.75,39.46,11.35,51.48,4.49,33.39,5.64,42.89,3.0,50.23,52.63,20.32,60.83,17.5,66.68,5.81,55.82,9.43,54.32,3.8,56.87,52.81,20.4,39.46,11.35,40.84,3.56,46.56,7.86,52.43,3.67,46.84,47.3,18.27,55.49,15.97,43.54,3.8,65.14,11.0,43.92,3.08,52.1,43.92,16.96,50.15,14.43,33.76,2.94,51.42,8.68,50.49,3.53,46.55,36.48,14.09,50.15,14.43,38.0,3.31,47.75,8.06,55.96,3.92,43.81
202609121007,2026-09-12,10,7R,daily,66.67,25.75,47.48,13.66,45.7,3.98,50.0,8.44,50.0,3.5,55.34,52.63,20.32,52.82,15.2,49.06,4.28,50.0,8.44,50.0,3.5,51.74,52.81,20.4,50.15,14.43,53.38,4.65,50.0,8.44,50.0,3.5,51.42,47.3,18.27,42.13,12.12,47.14,4.11,50.0,8.44,50.0,3.5,46.44,43.92,16.96,58.16,16.73,49.01,4.27,50.0,8.44,50.0,3.5,49.92,36.48,14.09,55.49,15.97,54.01,4.71,50.0,8.44,50.0,3.5,46.71
202609121007,2026-09-12,10,7R,realtime,66.67,25.75,47.48,13.66,45.7,3.98,54.31,9.17,44.08,3.09,55.65,52.63,20.32,52.82,15.2,49.06,4.28,65.4,11.05,53.0,3.71,54.55,52.81,20.4,50.15,14.43,53.38,4.65,43.56,7.36,49.86,3.49,50.33,47.3,18.27,42.13,12.12,47.14,4.11,47.23,7.98,47.26,3.31,45.78,43.92,16.96,58.16,16.73,49.01,4.27,30.94,5.23,51.39,3.6,46.79,36.48,14.09,55.49,15.97,54.01,4.71,58.62,9.9,54.41,3.81,48.47
202609121008,2026-09-12,10,8R,daily,66.67,25.75,44.8,12.89,51.49,4.49,50.0,8.44,50.0,3.5,55.07,52.63,20.32,52.82,15.2,54.74,4.77,50.0,8.44,50.0,3.5,52.24,52.81,20.4,52.82,15.2,51.68,4.5,50.0,8.44,50.0,3.5,52.04,47.3,18.27,55.49,15.97,57.57,5.02,50.0,8.44,50.0,3.5,51.2,43.92,16.96,44.8,12.89,41.63,3.63,50.0,8.44,50.0,3.5,45.43,36.48,14.09,39.46,11.35,35.28,3.08,50.0,8.44,50.0,3.5,40.46
202609121008,2026-09-12,10,8R,realtime,66.67,25.75,44.8,12.89,51.49,4.49,67.46,11.39,41.71,2.92,57.44,52.63,20.32,52.82,15.2,54.74,4.77,41.01,6.93,54.44,3.81,51.03,52.81,20.4,52.82,15.2,51.68,4.5,39.22,6.62,50.67,3.55,50.27,47.3,18.27,55.49,15.97,57.57,5.02,61.35,10.36,45.24,3.17,52.78,43.92,16.96,44.8,12.89,41.63,3.63,45.51,7.69,51.55,3.61,44.78,36.48,14.09,39.46,11.35,35.28,3.08,45.53,7.69,56.39,3.95,40.16
202609121009,2026-09-12,10,9R,daily,66.67,25.75,55.49,15.97,41.67,3.63,50.0,8.44,50.0,3.5,57.29,52.63,20.32,50.15,14.43,37.35,3.26,50.0,8.44,50.0,3.5,49.95,52.81,20.4,52.82,15.2,52.62,4.59,50.0,8.44,50.0,3.5,52.12,47.3,18.27,50.15,14.43,51.7,4.51,50.0,8.44,50.0,3.5,49.15,43.92,16.96,47.48,13.66,41.2,3.59,50.0,8.44,50.0,3.5,46.16,36.48,14.09,42.13,12.12,44.11,3.84,50.0,8.44,50.0,3.5,42.0
202609121010,2026-09-12,10,10R,daily,66.67,25.75,39.46,11.35,46.47,4.05,50.0,8.44,50.0,3.5,53.1,52.63,20.32,44.8,12.89,55.5,4.84,50.0,8.44,50.0,3.5,50.0,52.81,20.4,50.15,14.43,35.66,3.11,50.0,8.44,50.0,3.5,49.88,47.3,18.27,47.48,13.66,46.4,4.04,50.0,8.44,50.0,3.5,47.92,43.92,16.96,52.82,15.2,53.33,4.65,50.0,8.44,50.0,3.5,48.75,36.48,14.09,60.83,17.5,66.68,5.81,50.0,8.44,50.0,3.5,49.35
202609121011,2026-09-12,10,11R,daily,66.67,25.75,50.15,14.43,44.52,3.88,50.0,8.44,50.0,3.5,56.0,52.63,20.32,50.15,14.43,33.76,2.94,50.0,8.44,50.0,3.5,49.64,52.81,20.4,60.83,17.5,49.51,4.32,50.0,8.44,50.0,3.5,54.16,47.3,18.27,52.82,15.2,49.06,4.28,50.0,8.44,50.0,3.5,49.69,43.92,16.96,52.82,15.2,46.32,4.04,50.0,8.44,50.0,3.5,48.14,36.48,14.09,47.48,13.66,26.75,2.33,50.0,8.44,50.0,3.5,42.03
202609121012,2026-09-12,10,12R,daily,66.67,25.75,55.49,15.97,43.54,3.8,50.0,8.44,50.0,3.5,57.46,52.63,20.32,55.49,15.97,54.01,4.71,50.0,8.44,50.0,3.5,52.94,52.81,20.4,55.49,15.97,57.57,5.02,50.0,8.44,50.0,3.5,53.32,47.3,18.27,52.82,15.2,47.0,4.1,50.0,8.44,50.0,3.5,49.51,43.92,16.96,63.5,18.27,51.58,4.5,50.0,8.44,50.0,3.5,51.68,36.48,14.09,52.82,15.2,57.02,4.97,50.0,8.44,50.0,3.5,46.2
202609121201,2026-09-12,12,1R,daily,67.51,28.3,45.69,9.98,49.62,5.59,50.0,9.62,50.0,2.85,56.36,53.82,22.57,45.69,9.98,51.57,5.81,50.0,9.62,50.0,2.85,50.84,50.27,21.08,45.69,9.98,53.97,6.08,50.0,9.62,50.0,2.85,49.62,48.53,20.35,49.09,10.73,53.73,6.06,50.0,9.62,50.0,2.85,49.6,42.56,17.84,42.29,9.24,33.76,3.8,50.0,9.62,50.0,2.85,43.37,36.8,15.43,40.59,8.87,50.12,5.65,50.0,9.62,50.0,2.85,42.42
202609121202,2026-09-12,12,2R,daily,67.51,28.3,40.59,8.87,54.33,6.12,50.0,9.62,50.0,2.85,55.77,53.82,22.57,42.29,9.24,37.88,4.27,50.0,9.62,50.0,2.85,48.55,50.27,21.08,43.99,9.61,42.57,4.8,50.0,9.62,50.0,2.85,47.96,48.53,20.35,45.69,9.98,48.53,5.47,50.0,9.62,50.0,2.85,48.28,42.56,17.84,50.79,11.1,59.07,6.66,50.0,9.62,50.0,2.85,48.07,36.8,15.43,42.29,9.24,52.47,5.91,50.0,9.62,50.0,2.85,43.06
202609121203,2026-09-12,12,3R,daily,67.51,28.3,40.59,8.87,46.22,5.21,50.0,9.62,50.0,2.85,54.86,53.82,22.57,42.29,9.24,64.88,7.31,50.0,9.62,50.0,2.85,51.6,50.27,21.08,40.59,8.87,56.25,6.34,50.0,9.62,50.0,2.85,48.76,48.53,20.35,40.59,8.87,46.23,5.21,50.0,9.62,50.0,2.85,46.9,42.56,17.84,49.09,10.73,31.19,3.52,50.0,9.62,50.0,2.85,44.56,36.8,15.43,43.99,9.61,43.54,4.91,50.0,9.62,50.0,2.85,42.42
202609121204,2026-09-12,12,4R,daily,67.51,28.3,43.99,9.61,42.28,4.76,50.0,9.62,50.0,2.85,55.16,53.82,22.57,50.79,11.1,54.16,6.1,50.0,9.62,50.0,2.85,52.25,50.27,21.08,45.69,9.98,64.53,7.27,50.0,9.62,50.0,2.85,50.81,48.53,20.35,40.59,8.87,66.58,7.5,50.0,9.62,50.0,2.85,49.19,42.56,17.84,50.79,11.1,42.92,4.84,50.0,9.62,50.0,2.85,46.25,36.8,15.43,49.09,10.73,70.27,7.92,50.0,9.62,50.0,2.85,46.55
202609121205,2026-09-12,12,5R,daily,67.51,28.3,47.39,10.35,46.68,5.26,50.0,9.62,50.0,2.85,56.4,53.82,22.57,43.99,9.61,59.67,6.72,50.0,9.62,50.0,2.85,51.38,50.27,21.08,42.29,9.24,33.76,3.8,50.0,9.62,50.0,2.85,46.6,48.53,20.35,43.99,9.61,49.65,5.6,50.0,9.62,50.0,2.85,48.03,42.56,17.84,42.29,9.24,50.73,5.72,50.0,9.62,50.0,2.85,45.28,36.8,15.43,49.09,10.73,47.68,5.37,50.0,9.62,50.0,2.85,44.0
202609121206,2026-09-12,12,6R,daily,67.51,28.3,43.99,9.61,47.5,5.35,50.0,9.62,50.0,2.85,55.75,53.82,22.57,45.69,9.98,53.19,5.99,50.0,9.62,50.0,2.85,51.02,50.27,21.08,43.99,9.61,50.76,5.72,50.0,9.62,50.0,2.85,48.89,48.53,20.35,42.29,9.24,52.47,5.91,50.0,9.62,50.0,2.85,47.98,42.56,17.84,55.9,12.21,32.97,3.72,50.0,9.62,50.0,2.85,46.25,36.8,15.43,49.09,10.73,53.73,6.06,50.0,9.62,50.0,2.85,44.69
202609121207,2026-09-12,12,7R,daily,67.51,28.3,43.99,9.61,54.45,6.14,50.0,9.62,50.0,2.85,56.53,53.82,22.57,50.79,11.1,51.23,5.77,50.0,9.62,50.0,2.85,51.92,50.27,21.08,45.69,9.98,49.62,5.59,50.0,9.62,50.0,2.85,49.13,48.53,20.35,52.49,11.47,54.67,6.16,50.0,9.62,50.0,2.85,50.45,42.56,17.84,43.99,9.61,49.92,5.63,50.0,9.62,50.0,2.85,45.56,36.8,15.43,42.29,9.24,59.13,6.66,50.0,9.62,50.0,2.85,43.81
202609121208,2026-09-12,12,8R,daily,67.51,28.3,45.69,9.98,53.97,6.08,50.0,9.62,50.0,2.85,56.85,53.82,22.57,47.39,10.35,58.05,6.54,50.0,9.62,50.0,2.85,51.94,50.27,21.08,40.59,8.87,46.22,5.21,50.0,9.62,50.0,2.85,47.63,48.53,20.35,49.09,10.73,57.15,6.44,50.0,9.62,50.0,2.85,49.99,42.56,17.84,42.29,9.24,37.88,4.27,50.0,9.62,50.0,2.85,43.83,36.8,15.43,50.79,11.1,54.16,6.1,50.0,9.62,50.0,2.85,45.11
202609121209,2026-09-12,12,9R,daily,67.51,28.3,47.39,10.35,48.64,5.48,50.0,9.62,50.0,2.85,56.62,53.82,22.57,62.7,13.7,53.51,6.03,50.0,9.62,50.0,2.85,54.77,50.27,21.08,42.29,9.24,50.73,5.72,50.0,9.62,50.0,2.85,48.51,48.53,20.35,50.79,11.1,42.1,4.74,50.0,9.62,50.0,2.85,48.66,42.56,17.84,45.69,9.98,64.53,7.27,50.0,9.62,50.0,2.85,47.58,36.8,15.43,43.99,9.61,42.57,4.8,50.0,9.62,50.0,2.85,42.31
202609121210,2026-09-12,12,10R,daily,67.51,28.3,50.79,11.1,42.92,4.84,50.0,9.62,50.0,2.85,56.72,53.82,22.57,47.39,10.35,47.08,5.31,50.0,9.62,50.0,2.85,50.7,50.27,21.08,47.39,10.35,46.68,5.26,50.0,9.62,50.0,2.85,49.17,48.53,20.35,43.99,9.61,47.5,5.35,50.0,9.62,50.0,2.85,47.79,42.56,17.84,40.59,8.87,56.25,6.34,50.0,9.62,50.0,2.85,45.53,36.8,15.43,47.39,10.35,58.38,6.58,50.0,9.62,50.0,2.85,44.84
202609121211,2026-09-12,12,11R,daily,67.51,28.3,54.2,11.84,37.13,4.18,50.0,9.62,50.0,2.85,56.81,53.82,22.57,43.99,9.61,49.92,5.63,50.0,9.62,50.0,2.85,50.28,50.27,21.08,49.09,10.73,47.68,5.37,50.0,9.62,50.0,2.85,49.65,48.53,20.35,43.99,9.61,50.76,5.72,50.0,9.62,50.0,2.85,48.15,42.56,17.84,49.09,10.73,57.65,6.5,50.0,9.62,50.0,2.85,47.54,36.8,15.43,55.9,12.21,53.49,6.03,50.0,9.62,50.0,2.85,46.14
202609121212,2026-09-12,12,12R,daily,67.51,28.3,49.09,10.73,57.15,6.44,50.0,9.62,50.0,2.85,57.95,53.82,22.57,49.09,10.73,31.19,3.52,50.0,9.62,50.0,2.85,49.29,50.27,21.08,50.79,11.1,59.07,6.66,50.0,9.62,50.0,2.85,51.31,48.53,20.35,49.09,10.73,70.27,7.92,50.0,9.62,50.0,2.85,51.47,42.56,17.84,50.79,11.1,51.23,5.77,50.0,9.62,50.0,2.85,47.19,36.8,15.43,55.9,12.21,32.97,3.72,50.0,9.62,50.0,2.85,43.83
202609121601,2026-09-12,16,1R,daily,66.78,26.29,50.61,11.49,60.08,5.55,50.0,9.39,50.0,4.96,57.68,53.71,21.14,44.06,10.0,47.59,4.39,50.0,9.39,50.0,4.96,49.89,48.8,19.21,39.7,9.01,48.17,4.45,50.0,9.39,50.0,4.96,47.02,49.83,19.61,44.06,10.0,56.99,5.26,50.0,9.39,50.0,4.96,49.23,42.27,16.64,30.97,7.03,54.81,5.06,50.0,9.39,50.0,4.96,43.08,37.78,14.87,37.52,8.52,32.96,3.04,50.0,9.39,50.0,4.96,40.78
202609121601,2026-09-12,16,1R,realtime,66.78,26.29,50.61,11.49,60.08,5.55,71.89,13.5,42.65,4.23,61.06,53.71,21.14,44.06,10.0,47.59,4.39,46.72,8.77,46.56,4.62,48.93,48.8,19.21,39.7,9.01,48.17,4.45,51.05,9.59,46.92,4.66,46.91,49.83,19.61,44.06,10.0,56.99,5.26,51.37,9.65,42.42,4.21,48.74,37.78,14.87,30.97,7.03,54.81,5.06,48.43,9.09,53.28,5.29,41.35,42.27,16.64,37.52,8.52,32.96,3.04,30.53,5.73,68.14,6.76,40.7
202609121602,2026-09-12,16,2R,daily,66.78,26.29,44.06,10.0,42.18,3.9,50.0,9.39,50.0,4.96,54.54,53.71,21.14,41.88,9.51,34.1,3.15,50.0,9.39,50.0,4.96,48.15,48.8,19.21,37.52,8.52,50.28,4.64,50.0,9.39,50.0,4.96,46.72,49.83,19.61,37.52,8.52,53.41,4.93,50.0,9.39,50.0,4.96,47.41,42.27,16.64,44.06,10.0,61.7,5.7,50.0,9.39,50.0,4.96,46.69,37.78,14.87,30.97,7.03,50.13,4.63,50.0,9.39,50.0,4.96,40.88
202609121602,2026-09-12,16,2R,realtime,66.78,26.29,44.06,10.0,42.18,3.89,57.41,10.78,47.41,4.71,55.67,53.71,21.14,41.88,9.51,34.1,3.15,53.42,10.03,42.55,4.22,48.05,48.8,19.21,37.52,8.52,50.28,4.64,52.69,9.89,46.32,4.6,46.86,49.83,19.61,37.52,8.52,53.41,4.93,42.95,8.07,45.4,4.51,45.63,42.27,16.64,44.06,10.0,61.7,5.7,42.74,8.03,66.97,6.65,47.01,37.78,14.87,30.97,7.03,50.13,4.63,50.74,9.53,51.32,5.09,41.15
202609121603,2026-09-12,16,3R,daily,66.78,26.29,41.88,9.51,42.48,3.92,50.0,9.39,50.0,4.96,54.07,53.71,21.14,52.79,11.98,47.19,4.36,50.0,9.39,50.0,4.96,51.84,48.8,19.21,44.06,10.0,44.1,4.07,50.0,9.39,50.0,4.96,47.63,49.83,19.61,46.25,10.5,45.7,4.22,50.0,9.39,50.0,4.96,48.68,42.27,16.64,52.79,11.98,52.34,4.83,50.0,9.39,50.0,4.96,47.81,37.78,14.87,48.43,10.99,39.02,3.6,50.0,9.39,50.0,4.96,43.82
202609121603,2026-09-12,16,3R,realtime,66.78,26.29,41.88,9.51,42.48,3.92,59.89,11.25,44.34,4.4,55.36,53.71,21.14,52.79,11.98,47.19,4.36,59.48,11.17,41.8,4.15,52.8,48.8,19.21,44.06,10.0,44.1,4.07,50.66,9.51,43.6,4.33,47.12,49.83,19.61,46.25,10.5,45.7,4.22,36.04,6.77,39.39,3.91,45.01,42.27,16.64,52.79,11.98,52.34,4.83,42.99,8.07,78.28,7.77,49.3,37.78,14.87,48.43,10.99,39.02,3.6,50.92,9.56,52.57,5.22,44.25
202609121604,2026-09-12,16,4R,daily,66.78,26.29,44.06,10.0,57.66,5.32,50.0,9.39,50.0,4.96,55.97,53.71,21.14,44.06,10.0,70.82,6.54,50.0,9.39,50.0,4.96,52.04,48.8,19.21,59.34,13.47,49.39,4.56,50.0,9.39,50.0,4.96,51.59,49.83,19.61,48.43,10.99,32.7,3.02,50.0,9.39,50.0,4.96,47.98,42.27,16.64,41.88,9.51,46.59,4.3,50.0,9.39,50.0,4.96,44.8,37.78,14.87,50.61,11.49,46.8,4.32,50.0,9.39,50.0,4.96,45.03
202609121605,2026-09-12,16,5R,daily,66.78,26.29,46.25,10.5,63.13,5.83,50.0,9.39,50.0,4.96,56.97,53.71,21.14,39.7,9.01,48.17,4.45,50.0,9.39,50.0,4.96,48.95,48.8,19.21,63.7,14.46,36.14,3.34,50.0,9.39,50.0,4.96,51.36,49.83,19.61,44.06,10.0,58.17,5.37,50.0,9.39,50.0,4.96,49.34,42.27,16.64,41.88,9.51,37.64,3.48,50.0,9.39,50.0,4.96,43.97,37.78,14.87,46.25,10.5,62.92,5.81,50.0,9.39,50.0,4.96,45.53
202609121606,2026-09-12,16,6R,daily,66.78,26.29,48.43,10.99,54.42,5.02,50.0,9.39,50.0,4.96,56.66,53.71,21.14,50.61,11.49,57.24,5.29,50.0,9.39,50.0,4.96,52.27,48.8,19.21,41.88,9.51,35.68,3.3,50.0,9.39,50.0,4.96,46.36,49.83,19.61,44.06,10.0,47.59,4.39,50.0,9.39,50.0,4.96,48.36,42.27,16.64,37.52,8.52,53.41,4.93,50.0,9.39,50.0,4.96,44.44,37.78,14.87,57.15,12.97,52.94,4.89,50.0,9.39,50.0,4.96,47.08
202609121607,2026-09-12,16,7R,daily,66.78,26.29,50.61,11.49,56.89,5.25,50.0,9.39,50.0,4.96,57.38,53.71,21.14,48.43,10.99,39.02,3.6,50.0,9.39,50.0,4.96,50.09,48.8,19.21,41.88,9.51,37.63,3.47,50.0,9.39,50.0,4.96,46.54,49.83,19.61,44.06,10.0,42.18,3.9,50.0,9.39,50.0,4.96,47.86,42.27,16.64,39.7,9.01,45.92,4.24,50.0,9.39,50.0,4.96,44.24,37.78,14.87,30.97,7.03,54.81,5.06,50.0,9.39,50.0,4.96,41.31
202609121608,2026-09-12,16,8R,daily,66.78,26.29,46.25,10.5,45.7,4.22,50.0,9.39,50.0,4.96,55.36,53.71,21.14,44.06,10.0,56.99,5.26,50.0,9.39,50.0,4.96,50.76,48.8,19.21,41.88,9.51,34.1,3.15,50.0,9.39,50.0,4.96,46.22,49.83,19.61,37.52,8.52,50.28,4.64,50.0,9.39,50.0,4.96,47.13,42.27,16.64,44.06,10.0,70.82,6.54,50.0,9.39,50.0,4.96,47.53,37.78,14.87,44.06,10.0,44.1,4.07,50.0,9.39,50.0,4.96,43.3
202609121609,2026-09-12,16,9R,daily,66.78,26.29,46.25,10.5,62.92,5.81,50.0,9.39,50.0,4.96,56.95,53.71,21.14,44.06,10.0,61.7,5.7,50.0,9.39,50.0,4.96,51.19,48.8,19.21,37.52,8.52,32.96,3.04,50.0,9.39,50.0,4.96,45.12,49.83,19.61,44.06,10.0,57.66,5.32,50.0,9.39,50.0,4.96,49.29,42.27,16.64,48.43,10.99,32.7,3.02,50.0,9.39,50.0,4.96,45.0,37.78,14.87,41.88,9.51,42.48,3.92,50.0,9.39,50.0,4.96,42.65
202609121610,2026-09-12,16,10R,daily,66.78,26.29,57.15,12.97,52.94,4.89,50.0,9.39,50.0,4.96,58.5,53.71,21.14,50.61,11.49,60.08,5.55,50.0,9.39,50.0,4.96,52.53,48.8,19.21,52.79,11.98,52.34,4.83,50.0,9.39,50.0,4.96,50.38,49.83,19.61,59.34,13.47,49.39,4.56,50.0,9.39,50.0,4.96,52.0,42.27,16.64,52.79,11.98,47.19,4.36,50.0,9.39,50.0,4.96,47.33,37.78,14.87,46.25,10.5,63.13,5.83,50.0,9.39,50.0,4.96,45.55
202609121611,2026-09-12,16,11R,daily,66.78,26.29,50.61,11.49,46.8,4.32,50.0,9.39,50.0,4.96,56.45,53.71,21.14,50.61,11.49,56.89,5.25,50.0,9.39,50.0,4.96,52.24,48.8,19.21,44.06,10.0,58.17,5.37,50.0,9.39,50.0,4.96,48.93,49.83,19.61,63.7,14.46,36.14,3.34,50.0,9.39,50.0,4.96,51.76,42.27,16.64,50.61,11.49,57.24,5.29,50.0,9.39,50.0,4.96,47.76,37.78,14.87,48.43,10.99,54.42,5.02,50.0,9.39,50.0,4.96,45.24
202609121612,2026-09-12,16,12R,daily,66.78,26.29,52.79,11.98,59.29,5.47,50.0,9.39,50.0,4.96,58.1,53.71,21.14,70.25,15.94,37.49,3.46,50.0,9.39,50.0,4.96,54.9,48.8,19.21,48.43,10.99,50.67,4.68,50.0,9.39,50.0,4.96,49.23,49.83,19.61,74.61,16.93,35.57,3.28,50.0,9.39,50.0,4.96,54.19,42.27,16.64,52.79,11.98,39.63,3.66,50.0,9.39,50.0,4.96,46.63,37.78,14.87,50.61,11.49,35.35,3.26,50.0,9.39,50.0,4.96,43.97
202609121701,2026-09-12,17,1R,daily,68.46,31.03,47.73,9.87,53.01,4.53,50.0,9.53,50.0,3.19,58.15,51.78,23.47,42.03,8.69,50.39,4.31,50.0,9.53,50.0,3.19,49.19,52.98,24.02,47.73,9.87,56.33,4.82,50.0,9.53,50.0,3.19,51.42,48.62,22.04,45.83,9.48,71.95,6.15,50.0,9.53,50.0,3.19,50.39,43.72,19.82,30.63,6.33,49.77,4.26,50.0,9.53,50.0,3.19,43.13,34.4,15.59,45.83,9.48,45.35,3.88,50.0,9.53,50.0,3.19,41.67
202609121701,2026-09-12,17,1R,realtime,68.46,31.03,47.73,9.87,53.01,4.53,70.47,13.43,53.25,3.4,62.26,51.78,23.47,42.03,8.69,50.39,4.31,58.06,11.06,29.93,1.91,49.45,52.98,24.02,47.73,9.87,56.33,4.82,37.65,7.17,37.21,2.38,48.25,48.62,22.04,45.83,9.48,71.95,6.15,39.03,7.44,62.76,4.01,49.11,34.4,15.59,30.63,6.33,49.77,4.25,44.89,8.55,53.34,3.41,38.14,43.72,19.82,45.83,9.48,45.35,3.88,49.88,9.5,63.6,4.06,46.74
202609121702,2026-09-12,17,2R,daily,68.46,31.03,45.83,9.48,60.29,5.15,50.0,9.53,50.0,3.19,58.38,51.78,23.47,42.03,8.69,42.82,3.66,50.0,9.53,50.0,3.19,48.55,52.98,24.02,45.83,9.48,46.18,3.95,50.0,9.53,50.0,3.19,50.16,48.62,22.04,40.13,8.3,46.17,3.95,50.0,9.53,50.0,3.19,47.01,43.72,19.82,53.43,11.05,60.16,5.14,50.0,9.53,50.0,3.19,48.73,34.4,15.59,32.53,6.73,54.26,4.64,50.0,9.53,50.0,3.19,39.68
202609121702,2026-09-12,17,2R,realtime,68.46,31.03,45.83,9.48,60.29,5.15,46.03,8.77,43.51,2.78,57.21,51.78,23.47,42.03,8.69,42.82,3.66,39.74,7.57,32.46,2.07,45.47,52.98,24.02,45.83,9.48,46.18,3.95,50.63,9.65,41.66,2.66,49.75,48.62,22.04,40.13,8.3,46.17,3.95,62.87,11.98,59.51,3.8,50.07,43.72,19.82,53.43,11.05,60.16,5.14,57.71,11.0,66.43,4.24,51.25,34.4,15.59,32.53,6.73,54.26,4.64,43.0,8.19,56.5,3.61,38.76
202609121703,2026-09-12,17,3R,daily,68.46,31.03,45.83,9.48,56.84,4.86,50.0,9.53,50.0,3.19,58.09,51.78,23.47,43.93,9.08,46.33,3.96,50.0,9.53,50.0,3.19,49.24,52.98,24.02,51.53,10.66,55.66,4.76,50.0,9.53,50.0,3.19,52.15,48.62,22.04,42.03,8.69,52.49,4.49,50.0,9.53,50.0,3.19,47.94,43.72,19.82,47.73,9.87,49.21,4.21,50.0,9.53,50.0,3.19,46.62,34.4,15.59,43.93,9.08,37.34,3.19,50.0,9.53,50.0,3.19,40.59
202609121703,2026-09-12,17,3R,realtime,68.46,31.03,45.83,9.48,56.84,4.86,48.45,9.23,43.51,2.78,57.38,51.78,23.47,43.93,9.08,46.33,3.96,43.05,8.2,32.46,2.07,46.79,52.98,24.02,51.53,10.66,55.66,4.76,72.39,13.79,41.66,2.66,55.89,48.62,22.04,42.03,8.69,52.49,4.49,29.69,5.66,59.51,3.8,44.68,43.72,19.82,47.73,9.87,49.21,4.21,44.21,8.42,66.43,4.24,46.56,34.4,15.59,43.93,9.08,37.34,3.19,62.19,11.85,56.5,3.61,43.33
202609121704,2026-09-12,17,4R,daily,68.46,31.03,45.83,9.48,59.35,5.07,50.0,9.53,50.0,3.19,58.3,51.78,23.47,47.73,9.87,60.93,5.21,50.0,9.53,50.0,3.19,51.27,52.98,24.02,43.93,9.08,43.36,3.71,50.0,9.53,50.0,3.19,49.53,48.62,22.04,49.63,10.26,58.33,4.99,50.0,9.53,50.0,3.19,50.01,43.72,19.82,43.93,9.08,53.81,4.6,50.0,9.53,50.0,3.19,46.22,34.4,15.59,59.13,12.23,67.22,5.75,50.0,9.53,50.0,3.19,46.29
202609121705,2026-09-12,17,5R,daily,68.46,31.03,51.53,10.66,36.52,3.12,50.0,9.53,50.0,3.19,57.53,51.78,23.47,47.73,9.87,64.49,5.51,50.0,9.53,50.0,3.19,51.58,52.98,24.02,43.93,9.08,58.32,4.99,50.0,9.53,50.0,3.19,50.81,48.62,22.04,47.73,9.87,54.24,4.64,50.0,9.53,50.0,3.19,49.27,43.72,19.82,34.43,7.12,39.27,3.36,50.0,9.53,50.0,3.19,43.02,34.4,15.59,49.63,10.26,46.42,3.97,50.0,9.53,50.0,3.19,42.54
202609121706,2026-09-12,17,6R,daily,68.46,31.03,59.13,12.23,42.31,3.62,50.0,9.53,50.0,3.19,59.6,51.78,23.47,43.93,9.08,62.27,5.32,50.0,9.53,50.0,3.19,50.6,52.98,24.02,43.93,9.08,57.76,4.94,50.0,9.53,50.0,3.19,50.76,48.62,22.04,53.43,11.05,54.91,4.69,50.0,9.53,50.0,3.19,50.5,43.72,19.82,42.03,8.69,50.39,4.31,50.0,9.53,50.0,3.19,45.54,34.4,15.59,61.03,12.62,71.97,6.15,50.0,9.53,50.0,3.19,47.09
202609121707,2026-09-12,17,7R,daily,68.46,31.03,45.83,9.48,71.95,6.15,50.0,9.53,50.0,3.19,59.38,51.78,23.47,47.73,9.87,39.72,3.4,50.0,9.53,50.0,3.19,49.46,52.98,24.02,45.83,9.48,44.5,3.8,50.0,9.53,50.0,3.19,50.02,48.62,22.04,32.53,6.73,54.26,4.64,50.0,9.53,50.0,3.19,46.13,43.72,19.82,49.63,10.26,39.54,3.38,50.0,9.53,50.0,3.19,46.18,34.4,15.59,43.93,9.08,46.33,3.96,50.0,9.53,50.0,3.19,41.36
202609121708,2026-09-12,17,8R,daily,68.46,31.03,51.53,10.66,38.76,3.31,50.0,9.53,50.0,3.19,57.72,51.78,23.47,45.83,9.48,46.18,3.95,50.0,9.53,50.0,3.19,49.62,52.98,24.02,47.73,9.87,61.95,5.3,50.0,9.53,50.0,3.19,51.9,48.62,22.04,49.63,10.26,28.58,2.44,50.0,9.53,50.0,3.19,47.47,43.72,19.82,43.93,9.08,43.36,3.71,50.0,9.53,50.0,3.19,45.33,34.4,15.59,30.63,6.33,49.77,4.26,50.0,9.53,50.0,3.19,38.9
202609121709,2026-09-12,17,9R,daily,68.46,31.03,40.13,8.3,46.17,3.95,50.0,9.53,50.0,3.19,56.0,51.78,23.47,43.93,9.08,37.34,3.19,50.0,9.53,50.0,3.19,48.47,52.98,24.02,47.73,9.87,57.64,4.93,50.0,9.53,50.0,3.19,51.54,48.62,22.04,49.63,10.26,36.94,3.16,50.0,9.53,50.0,3.19,48.18,43.72,19.82,43.93,9.08,58.32,4.99,50.0,9.53,50.0,3.19,46.61,34.4,15.59,34.43,7.12,39.27,3.36,50.0,9.53,50.0,3.19,38.79
202609121710,2026-09-12,17,10R,daily,68.46,31.03,59.13,12.23,67.22,5.75,50.0,9.53,50.0,3.19,61.73,51.78,23.47,45.83,9.48,60.29,5.15,50.0,9.53,50.0,3.19,50.83,52.98,24.02,47.73,9.87,53.01,4.53,50.0,9.53,50.0,3.19,51.14,48.62,22.04,47.73,9.87,56.33,4.82,50.0,9.53,50.0,3.19,49.45,43.72,19.82,47.73,9.87,64.49,5.51,50.0,9.53,50.0,3.19,47.92,34.4,15.59,51.53,10.66,36.52,3.12,50.0,9.53,50.0,3.19,42.09
202609121711,2026-09-12,17,11R,daily,68.46,31.03,49.63,10.26,46.42,3.97,50.0,9.53,50.0,3.19,57.98,51.78,23.47,59.13,12.23,42.31,3.62,50.0,9.53,50.0,3.19,52.04,52.98,24.02,53.43,11.05,54.91,4.69,50.0,9.53,50.0,3.19,52.48,48.62,22.04,51.53,10.66,55.66,4.76,50.0,9.53,50.0,3.19,50.17,43.72,19.82,45.83,9.48,59.35,5.07,50.0,9.53,50.0,3.19,47.09,34.4,15.59,47.73,9.87,39.72,3.4,50.0,9.53,50.0,3.19,41.58
202609121712,2026-09-12,17,12R,daily,68.46,31.03,61.03,12.62,71.97,6.15,50.0,9.53,50.0,3.19,62.52,51.78,23.47,53.43,11.05,60.16,5.14,50.0,9.53,50.0,3.19,52.39,52.98,24.02,49.63,10.26,58.33,4.99,50.0,9.53,50.0,3.19,51.99,48.62,22.04,45.83,9.48,44.5,3.8,50.0,9.53,50.0,3.19,48.04,43.72,19.82,45.83,9.48,56.84,4.86,50.0,9.53,50.0,3.19,46.88,34.4,15.59,51.53,10.66,38.76,3.31,50.0,9.53,50.0,3.19,42.28
202609121801,2026-09-12,18,1R,daily,66.88,29.03,79.23,20.52,54.36,4.14,50.0,9.24,50.0,2.3,65.23,50.78,22.04,86.68,22.45,44.85,3.41,50.0,9.24,50.0,2.3,59.45,51.63,22.41,64.32,16.66,38.53,2.93,50.0,9.24,50.0,2.3,53.54,49.9,21.66,91.64,23.74,53.75,4.09,50.0,9.24,50.0,2.3,61.03,43.48,18.87,79.23,20.52,64.27,4.89,50.0,9.24,50.0,2.3,55.83,36.97,16.05,59.35,15.37,69.09,5.26,50.0,9.24,50.0,2.3,48.22
202609121801,2026-09-12,18,1R,realtime,66.88,29.03,79.23,20.52,54.36,4.14,60.42,11.17,46.84,2.15,67.01,50.78,22.04,86.68,22.45,44.85,3.41,51.03,9.43,57.62,2.65,59.99,51.63,22.41,64.32,16.66,38.53,2.93,38.88,7.18,65.37,3.01,52.2,49.9,21.66,91.64,23.74,53.75,4.09,49.5,9.15,33.31,1.53,60.17,43.48,18.87,79.23,20.52,64.27,4.89,48.22,8.91,59.89,2.75,55.95,36.97,16.05,59.35,15.37,69.09,5.26,51.86,9.58,36.93,1.7,47.96
202609121802,2026-09-12,18,2R,daily,66.88,29.03,51.9,13.44,60.48,4.6,50.0,9.24,50.0,2.3,58.62,50.78,22.04,79.23,20.52,45.55,3.47,50.0,9.24,50.0,2.3,57.57,51.63,22.41,64.32,16.66,51.13,3.89,50.0,9.24,50.0,2.3,54.5,49.9,21.66,54.39,14.09,60.78,4.63,50.0,9.24,50.0,2.3,51.91,43.48,18.87,71.77,18.59,52.44,3.99,50.0,9.24,50.0,2.3,53.0,36.97,16.05,74.26,19.23,44.04,3.35,50.0,9.24,50.0,2.3,50.17
202609121802,2026-09-12,18,2R,realtime,66.88,29.03,51.9,13.44,60.48,4.6,62.55,11.56,46.84,2.15,60.79,50.78,22.04,79.23,20.52,45.55,3.47,58.5,10.81,57.62,2.65,59.49,51.63,22.41,64.32,16.66,51.13,3.89,32.52,6.01,65.37,3.01,51.98,49.9,21.66,54.39,14.09,60.78,4.63,52.24,9.65,33.31,1.53,51.56,43.48,18.87,71.77,18.59,52.44,3.99,37.9,7.0,59.89,2.75,51.21,36.97,16.05,74.26,19.23,44.04,3.35,56.18,10.38,36.93,1.7,50.71
202609121803,2026-09-12,18,3R,daily,66.88,29.03,66.81,17.3,40.57,3.09,50.0,9.24,50.0,2.3,60.96,50.78,22.04,96.61,25.02,40.55,3.09,50.0,9.24,50.0,2.3,61.69,51.63,22.41,64.32,16.66,44.51,3.39,50.0,9.24,50.0,2.3,54.0,49.9,21.66,59.35,15.37,54.01,4.11,50.0,9.24,50.0,2.3,52.68,43.48,18.87,71.77,18.59,41.35,3.15,50.0,9.24,50.0,2.3,52.15,36.97,16.05,59.35,15.37,54.17,4.12,50.0,9.24,50.0,2.3,47.08
202609121803,2026-09-12,18,3R,realtime,66.88,29.03,66.81,17.3,40.57,3.09,55.69,10.29,37.84,1.74,61.45,50.78,22.04,96.61,25.02,40.55,3.09,64.34,11.89,54.14,2.49,64.53,51.63,22.41,64.32,16.66,44.51,3.39,58.26,10.77,71.3,3.28,56.5,49.9,21.66,59.35,15.37,54.01,4.11,35.69,6.59,32.64,1.5,49.24,43.48,18.87,71.77,18.59,41.35,3.15,32.17,5.94,68.68,3.16,49.72,36.97,16.05,59.35,15.37,54.17,4.12,53.77,9.94,35.36,1.63,47.11
202609121804,2026-09-12,18,4R,daily,66.88,29.03,74.26,19.23,47.6,3.62,50.0,9.24,50.0,2.3,63.43,50.78,22.04,61.84,16.02,40.73,3.1,50.0,9.24,50.0,2.3,52.7,51.63,22.41,69.29,17.95,54.26,4.13,50.0,9.24,50.0,2.3,56.03,49.9,21.66,74.26,19.23,38.36,2.92,50.0,9.24,50.0,2.3,55.35,43.48,18.87,74.26,19.23,57.95,4.41,50.0,9.24,50.0,2.3,54.06,36.97,16.05,64.32,16.66,58.26,4.43,50.0,9.24,50.0,2.3,48.68
202609121805,2026-09-12,18,5R,daily,66.88,29.03,69.29,17.95,61.04,4.65,50.0,9.24,50.0,2.3,63.16,50.78,22.04,66.81,17.3,51.7,3.93,50.0,9.24,50.0,2.3,54.82,51.63,22.41,101.58,26.31,39.89,3.04,50.0,9.24,50.0,2.3,63.3,49.9,21.66,59.35,15.37,52.91,4.03,50.0,9.24,50.0,2.3,52.6,43.48,18.87,91.64,23.74,44.56,3.39,50.0,9.24,50.0,2.3,57.54,36.97,16.05,61.84,16.02,54.82,4.17,50.0,9.24,50.0,2.3,47.78
202609121806,2026-09-12,18,6R,daily,66.88,29.03,69.29,17.95,51.78,3.94,50.0,9.24,50.0,2.3,62.46,50.78,22.04,54.39,14.09,65.82,5.01,50.0,9.24,50.0,2.3,52.68,51.63,22.41,86.68,22.45,65.62,4.99,50.0,9.24,50.0,2.3,61.4,49.9,21.66,71.77,18.59,45.14,3.44,50.0,9.24,50.0,2.3,55.23,43.48,18.87,76.74,19.88,39.6,3.01,50.0,9.24,50.0,2.3,53.31,36.97,16.05,86.68,22.45,44.85,3.41,50.0,9.24,50.0,2.3,53.45
202609121807,2026-09-12,18,7R,daily,66.88,29.03,66.81,17.3,39.14,2.98,50.0,9.24,50.0,2.3,60.85,50.78,22.04,74.26,19.23,44.04,3.35,50.0,9.24,50.0,2.3,56.17,51.63,22.41,56.87,14.73,60.82,4.63,50.0,9.24,50.0,2.3,53.31,49.9,21.66,69.29,17.95,64.28,4.89,50.0,9.24,50.0,2.3,56.04,43.48,18.87,69.29,17.95,43.42,3.3,50.0,9.24,50.0,2.3,51.67,36.97,16.05,56.87,14.73,54.43,4.14,50.0,9.24,50.0,2.3,46.46
202609121808,2026-09-12,18,8R,daily,66.88,29.03,56.87,14.73,36.97,2.81,50.0,9.24,50.0,2.3,58.11,50.78,22.04,69.29,17.95,38.08,2.9,50.0,9.24,50.0,2.3,54.43,51.63,22.41,74.26,19.23,33.47,2.55,50.0,9.24,50.0,2.3,55.73,49.9,21.66,79.23,20.52,54.36,4.14,50.0,9.24,50.0,2.3,57.86,43.48,18.87,51.9,13.44,60.48,4.6,50.0,9.24,50.0,2.3,48.46,36.97,16.05,96.61,25.02,40.55,3.09,50.0,9.24,50.0,2.3,55.7
202609121809,2026-09-12,18,9R,daily,66.88,29.03,91.64,23.74,53.75,4.09,50.0,9.24,50.0,2.3,68.4,50.78,22.04,66.81,17.3,29.53,2.25,50.0,9.24,50.0,2.3,53.13,51.63,22.41,71.77,18.59,52.44,3.99,50.0,9.24,50.0,2.3,56.53,49.9,21.66,64.32,16.66,53.68,4.09,50.0,9.24,50.0,2.3,53.95,43.48,18.87,69.29,17.95,54.26,4.13,50.0,9.24,50.0,2.3,52.49,36.97,16.05,64.32,16.66,44.51,3.39,50.0,9.24,50.0,2.3,47.63
202609121810,2026-09-12,18,10R,daily,66.88,29.03,74.26,19.23,57.95,4.41,50.0,9.24,50.0,2.3,64.21,50.78,22.04,66.81,17.3,55.21,4.2,50.0,9.24,50.0,2.3,55.09,51.63,22.41,79.23,20.52,64.27,4.89,50.0,9.24,50.0,2.3,59.36,49.9,21.66,101.58,26.31,39.89,3.04,50.0,9.24,50.0,2.3,62.55,43.48,18.87,66.81,17.3,40.57,3.09,50.0,9.24,50.0,2.3,50.81,36.97,16.05,64.32,16.66,51.13,3.89,50.0,9.24,50.0,2.3,48.14
202609121811,2026-09-12,18,11R,daily,66.88,29.03,74.26,19.23,38.36,2.92,50.0,9.24,50.0,2.3,62.72,50.78,22.04,59.35,15.37,54.17,4.12,50.0,9.24,50.0,2.3,53.08,51.63,22.41,59.35,15.37,69.09,5.26,50.0,9.24,50.0,2.3,54.58,49.9,21.66,86.68,22.45,65.62,4.99,50.0,9.24,50.0,2.3,60.65,43.48,18.87,66.81,17.3,51.7,3.93,50.0,9.24,50.0,2.3,51.65,36.97,16.05,79.23,20.52,45.55,3.47,50.0,9.24,50.0,2.3,51.57
202609121812,2026-09-12,18,12R,daily,66.88,29.03,84.19,21.81,39.39,3.0,50.0,9.24,50.0,2.3,65.37,50.78,22.04,86.68,22.45,62.5,4.76,50.0,9.24,50.0,2.3,60.79,51.63,22.41,96.61,25.02,58.93,4.49,50.0,9.24,50.0,2.3,63.46,49.9,21.66,104.06,26.95,74.17,5.65,50.0,9.24,50.0,2.3,65.8,43.48,18.87,96.61,25.02,46.32,3.53,50.0,9.24,50.0,2.3,58.96,36.97,16.05,84.19,21.81,37.19,2.83,50.0,9.24,50.0,2.3,52.22
202609122001,2026-09-12,20,1R,daily,70.3,27.22,42.29,10.86,25.47,1.76,50.0,9.67,50.0,4.67,54.19,52.16,20.2,49.42,12.7,60.67,4.19,50.0,9.67,50.0,4.67,51.42,52.04,20.15,44.67,11.47,31.36,2.16,50.0,9.67,50.0,4.67,48.13,46.67,18.07,47.05,12.08,48.81,3.37,50.0,9.67,50.0,4.67,47.87,43.57,16.87,30.41,7.81,46.53,3.21,50.0,9.67,50.0,4.67,42.24,35.62,13.79,47.05,12.08,40.74,2.81,50.0,9.67,50.0,4.67,43.03
202609122002,2026-09-12,20,2R,daily,70.3,27.22,44.67,11.47,41.64,2.87,50.0,9.67,50.0,4.67,55.91,52.16,20.2,47.05,12.08,68.38,4.72,50.0,9.67,50.0,4.67,51.35,52.04,20.15,44.67,11.47,28.44,1.96,50.0,9.67,50.0,4.67,47.93,46.67,18.07,47.05,12.08,73.52,5.07,50.0,9.67,50.0,4.67,49.58,43.57,16.87,51.8,13.31,41.79,2.88,50.0,9.67,50.0,4.67,47.41,35.62,13.79,30.41,7.81,32.67,2.25,50.0,9.67,50.0,4.67,38.2
202609122003,2026-09-12,20,3R,daily,70.3,27.22,44.67,11.47,66.97,4.62,50.0,9.67,50.0,4.67,57.66,52.16,20.2,49.42,12.7,53.92,3.72,50.0,9.67,50.0,4.67,50.96,52.04,20.15,49.42,12.7,48.24,3.33,50.0,9.67,50.0,4.67,50.52,46.67,18.07,39.92,10.25,47.54,3.28,50.0,9.67,50.0,4.67,45.95,43.57,16.87,66.06,16.97,57.02,3.93,50.0,9.67,50.0,4.67,52.12,35.62,13.79,47.05,12.08,47.31,3.26,50.0,9.67,50.0,4.67,43.49
202609122004,2026-09-12,20,4R,daily,70.3,27.22,47.05,12.08,70.81,4.89,50.0,9.67,50.0,4.67,58.54,52.16,20.2,42.29,10.86,32.49,2.24,50.0,9.67,50.0,4.67,47.65,52.04,20.15,47.05,12.08,61.3,4.23,50.0,9.67,50.0,4.67,50.81,46.67,18.07,35.16,9.03,45.96,3.17,50.0,9.67,50.0,4.67,44.62,43.57,16.87,54.18,13.92,41.87,2.89,50.0,9.67,50.0,4.67,48.02,35.62,13.79,56.55,14.53,57.09,3.94,50.0,9.67,50.0,4.67,46.6
202609122005,2026-09-12,20,5R,daily,70.3,27.22,77.95,20.02,51.32,3.54,50.0,9.67,50.0,4.67,65.13,52.16,20.2,54.18,13.92,47.13,3.25,50.0,9.67,50.0,4.67,51.71,52.04,20.15,47.05,12.08,46.86,3.23,50.0,9.67,50.0,4.67,49.81,46.67,18.07,49.42,12.7,36.68,2.53,50.0,9.67,50.0,4.67,47.64,43.57,16.87,39.92,10.25,46.28,3.19,50.0,9.67,50.0,4.67,44.66,35.62,13.79,30.41,7.81,46.53,3.21,50.0,9.67,50.0,4.67,39.16
202609122006,2026-09-12,20,6R,daily,70.3,27.22,47.05,12.08,34.91,2.41,50.0,9.67,50.0,4.67,56.06,52.16,20.2,44.67,11.47,50.78,3.5,50.0,9.67,50.0,4.67,49.52,52.04,20.15,51.8,13.31,50.62,3.49,50.0,9.67,50.0,4.67,51.29,46.67,18.07,42.29,10.86,40.8,2.81,50.0,9.67,50.0,4.67,46.1,43.57,16.87,30.41,7.81,32.67,2.25,50.0,9.67,50.0,4.67,41.28,35.62,13.79,51.8,13.31,48.84,3.37,50.0,9.67,50.0,4.67,44.81
202609122007,2026-09-12,20,7R,daily,70.3,27.22,56.55,14.53,48.04,3.31,50.0,9.67,50.0,4.67,59.41,52.16,20.2,39.92,10.25,47.54,3.28,50.0,9.67,50.0,4.67,48.08,52.04,20.15,58.93,15.14,52.59,3.63,50.0,9.67,50.0,4.67,53.26,46.67,18.07,44.67,11.47,41.64,2.87,50.0,9.67,50.0,4.67,46.77,43.57,16.87,54.18,13.92,37.65,2.6,50.0,9.67,50.0,4.67,47.73,35.62,13.79,47.05,12.08,32.79,2.26,50.0,9.67,50.0,4.67,42.49
202609122008,2026-09-12,20,8R,daily,70.3,27.22,51.8,13.31,46.66,3.22,50.0,9.67,50.0,4.67,58.09,52.16,20.2,51.8,13.31,60.52,4.18,50.0,9.67,50.0,4.67,52.02,52.04,20.15,54.18,13.92,41.87,2.89,50.0,9.67,50.0,4.67,51.3,46.67,18.07,44.67,11.47,66.97,4.62,50.0,9.67,50.0,4.67,48.51,43.57,16.87,47.05,12.08,37.06,2.56,50.0,9.67,50.0,4.67,45.86,35.62,13.79,44.67,11.47,31.36,2.16,50.0,9.67,50.0,4.67,41.78
202609122009,2026-09-12,20,9R,daily,70.3,27.22,51.8,13.31,41.79,2.88,50.0,9.67,50.0,4.67,57.76,52.16,20.2,49.42,12.7,57.88,3.99,50.0,9.67,50.0,4.67,51.23,52.04,20.15,35.16,9.03,45.96,3.17,50.0,9.67,50.0,4.67,46.7,46.67,18.07,44.67,11.47,50.84,3.51,50.0,9.67,50.0,4.67,47.4,43.57,16.87,49.42,12.7,44.03,3.04,50.0,9.67,50.0,4.67,46.95,35.62,13.79,49.42,12.7,53.92,3.72,50.0,9.67,50.0,4.67,44.55
202609122010,2026-09-12,20,10R,daily,70.3,27.22,66.06,16.97,57.02,3.93,50.0,9.67,50.0,4.67,62.47,52.16,20.2,44.67,11.47,28.44,1.96,50.0,9.67,50.0,4.67,47.98,52.04,20.15,47.05,12.08,70.81,4.89,50.0,9.67,50.0,4.67,51.47,46.67,18.07,47.05,12.08,34.91,2.41,50.0,9.67,50.0,4.67,46.91,43.57,16.87,49.42,12.7,60.67,4.19,50.0,9.67,50.0,4.67,48.1,35.62,13.79,54.18,13.92,47.13,3.25,50.0,9.67,50.0,4.67,45.31
202609122011,2026-09-12,20,11R,daily,70.3,27.22,49.42,12.7,36.68,2.53,50.0,9.67,50.0,4.67,56.79,52.16,20.2,56.55,14.53,48.04,3.31,50.0,9.67,50.0,4.67,52.38,52.04,20.15,42.29,10.86,40.8,2.81,50.0,9.67,50.0,4.67,48.18,46.67,18.07,49.42,12.7,48.24,3.33,50.0,9.67,50.0,4.67,48.44,43.57,16.87,47.05,12.08,68.38,4.72,50.0,9.67,50.0,4.67,48.02,35.62,13.79,47.05,12.08,48.81,3.37,50.0,9.67,50.0,4.67,43.59
202609122012,2026-09-12,20,12R,daily,70.3,27.22,51.8,13.31,50.62,3.49,50.0,9.67,50.0,4.67,58.37,52.16,20.2,51.8,13.31,46.66,3.22,50.0,9.67,50.0,4.67,51.07,52.04,20.15,77.95,20.02,51.32,3.54,50.0,9.67,50.0,4.67,58.06,46.67,18.07,56.55,14.53,57.09,3.94,50.0,9.67,50.0,4.67,50.88,43.57,16.87,58.93,15.14,52.59,3.63,50.0,9.67,50.0,4.67,49.98,35.62,13.79,47.05,12.08,73.52,5.07,50.0,9.67,50.0,4.67,45.3
202609122101,2026-09-12,21,1R,daily,69.97,28.06,46.11,8.49,43.78,4.38,50.0,10.93,50.0,4.82,56.67,50.5,20.25,40.45,7.45,39.67,3.97,50.0,10.93,50.0,4.82,47.41,49.25,19.75,48.0,8.84,33.67,3.37,50.0,10.93,50.0,4.82,47.7,49.12,19.69,42.34,7.8,42.91,4.29,50.0,10.93,50.0,4.82,47.53,45.87,18.39,42.34,7.8,50.47,5.05,50.0,10.93,50.0,4.82,46.98,35.57,14.26,34.78,6.4,58.18,5.82,50.0,10.93,50.0,4.82,42.23
202609122101,2026-09-12,21,1R,realtime,69.97,28.06,46.11,8.49,43.78,4.38,66.94,14.63,54.16,5.22,60.77,50.5,20.25,40.45,7.45,39.67,3.97,53.02,11.59,51.48,4.96,48.21,49.25,19.75,48.0,8.84,33.67,3.37,29.25,6.39,48.64,4.69,43.03,49.12,19.69,42.34,7.8,42.91,4.29,59.25,12.95,31.62,3.05,47.78,45.87,18.39,42.34,7.8,50.47,5.05,48.28,10.55,56.47,5.44,47.23,35.57,14.26,34.78,6.4,58.18,5.82,43.24,9.45,57.66,5.56,41.49
202609122102,2026-09-12,21,2R,daily,69.97,28.06,44.23,8.14,41.11,4.11,50.0,10.93,50.0,4.82,56.06,50.5,20.25,44.23,8.14,42.2,4.22,50.0,10.93,50.0,4.82,48.36,49.25,19.75,46.11,8.49,67.15,6.72,50.0,10.93,50.0,4.82,50.7,49.12,19.69,51.78,9.53,49.9,4.99,50.0,10.93,50.0,4.82,49.97,45.87,18.39,32.89,6.06,50.69,5.07,50.0,10.93,50.0,4.82,45.26,35.57,14.26,44.23,8.14,30.17,3.02,50.0,10.93,50.0,4.82,41.17
202609122102,2026-09-12,21,2R,realtime,69.97,28.06,44.23,8.14,41.11,4.11,60.48,13.22,44.16,4.26,57.78,50.5,20.25,44.23,8.14,42.2,4.22,59.76,13.06,57.36,5.53,51.2,49.25,19.75,46.11,8.49,67.15,6.72,52.93,11.57,51.82,4.99,51.52,49.12,19.69,51.78,9.53,49.9,4.99,42.65,9.32,44.42,4.28,47.82,35.57,14.26,32.89,6.06,50.69,5.07,54.13,11.83,57.03,5.5,42.71,45.87,18.39,44.23,8.14,30.17,3.02,30.04,6.56,45.23,4.36,40.47
202609122103,2026-09-12,21,3R,daily,69.97,28.06,46.11,8.49,53.9,5.39,50.0,10.93,50.0,4.82,57.68,50.5,20.25,46.11,8.49,54.78,5.48,50.0,10.93,50.0,4.82,49.96,49.25,19.75,55.56,10.23,52.93,5.29,50.0,10.93,50.0,4.82,51.02,49.12,19.69,40.45,7.45,38.39,3.84,50.0,10.93,50.0,4.82,46.73,45.87,18.39,51.78,9.53,48.84,4.88,50.0,10.93,50.0,4.82,48.55,35.57,14.26,40.45,7.45,36.48,3.65,50.0,10.93,50.0,4.82,41.1
202609122103,2026-09-12,21,3R,realtime,69.97,28.06,46.11,8.49,53.9,5.39,63.33,13.84,50.96,4.91,60.69,50.5,20.25,46.11,8.49,54.78,5.48,48.63,10.63,56.14,5.41,50.26,49.25,19.75,55.56,10.23,52.93,5.29,67.42,14.73,51.21,4.94,54.94,49.12,19.69,40.45,7.45,38.39,3.84,38.61,8.44,26.69,2.57,41.99,45.87,18.39,51.78,9.53,48.84,4.88,45.27,9.89,53.0,5.11,47.81,35.57,14.26,40.45,7.45,36.48,3.65,36.72,8.03,62.04,5.98,39.36
202609122104,2026-09-12,21,4R,daily,69.97,28.06,66.89,12.32,47.97,4.8,50.0,10.93,50.0,4.82,60.92,50.5,20.25,42.34,7.8,59.13,5.91,50.0,10.93,50.0,4.82,49.7,49.25,19.75,55.56,10.23,54.16,5.42,50.0,10.93,50.0,4.82,51.14,49.12,19.69,48.0,8.84,61.97,6.2,50.0,10.93,50.0,4.82,50.48,45.87,18.39,48.0,8.84,38.91,3.89,50.0,10.93,50.0,4.82,46.87,35.57,14.26,46.11,8.49,54.66,5.47,50.0,10.93,50.0,4.82,43.96
202609122104,2026-09-12,21,4R,realtime,69.97,28.06,66.89,12.32,47.97,4.8,66.35,14.5,48.08,4.63,64.3,50.5,20.25,42.34,7.8,59.13,5.91,60.71,13.27,59.67,5.75,52.98,49.25,19.75,55.56,10.23,54.16,5.42,48.76,10.66,51.86,5.0,51.05,49.12,19.69,48.0,8.84,61.97,6.2,43.38,9.48,24.23,2.34,46.55,45.87,18.39,48.0,8.84,38.91,3.89,35.13,7.68,50.78,4.89,43.69,35.57,14.26,46.11,8.49,54.66,5.47,45.65,9.98,65.41,6.3,44.5
202609122105,2026-09-12,21,5R,daily,69.97,28.06,53.67,9.88,32.95,3.3,50.0,10.93,50.0,4.82,56.98,50.5,20.25,48.0,8.84,33.67,3.37,50.0,10.93,50.0,4.82,48.2,49.25,19.75,36.67,6.75,43.58,4.36,50.0,10.93,50.0,4.82,46.6,49.12,19.69,51.78,9.53,40.06,4.01,50.0,10.93,50.0,4.82,48.98,45.87,18.39,51.78,9.53,44.36,4.44,50.0,10.93,50.0,4.82,48.11,35.57,14.26,46.11,8.49,55.05,5.51,50.0,10.93,50.0,4.82,44.0
202609122105,2026-09-12,21,5R,realtime,69.97,28.06,53.67,9.88,32.95,3.3,54.2,11.85,48.03,4.63,57.71,50.5,20.25,48.0,8.84,33.67,3.37,42.59,9.31,59.81,5.76,47.53,49.25,19.75,36.67,6.75,43.58,4.36,47.01,10.27,52.12,5.02,46.15,45.87,18.39,51.78,9.53,40.06,4.01,51.48,11.25,50.61,4.88,48.06,35.57,14.26,51.78,9.53,44.36,4.44,56.46,12.34,65.55,6.32,46.89,49.12,19.69,46.11,8.49,55.05,5.51,48.25,10.54,23.9,2.3,46.54
202609122106,2026-09-12,21,6R,daily,69.97,28.06,44.23,8.14,67.27,6.73,50.0,10.93,50.0,4.82,58.67,50.5,20.25,48.0,8.84,45.78,4.58,50.0,10.93,50.0,4.82,49.41,49.25,19.75,42.34,7.8,42.91,4.29,50.0,10.93,50.0,4.82,47.58,49.12,19.69,46.11,8.49,52.77,5.28,50.0,10.93,50.0,4.82,49.21,45.87,18.39,32.89,6.06,42.26,4.23,50.0,10.93,50.0,4.82,44.42,35.57,14.26,53.67,9.88,56.39,5.64,50.0,10.93,50.0,4.82,45.53
202609122106,2026-09-12,21,6R,realtime,69.97,28.06,44.23,8.14,67.27,6.73,58.53,12.79,47.92,4.62,60.34,49.25,19.75,48.0,8.84,45.78,4.58,54.4,11.89,52.75,5.08,50.14,49.12,19.69,42.34,7.8,42.91,4.29,56.54,12.36,23.08,2.22,46.36,45.87,18.39,46.11,8.49,52.77,5.28,45.33,9.91,50.19,4.84,46.9,35.57,14.26,32.89,6.06,42.26,4.23,28.7,6.27,65.88,6.35,37.16,50.5,20.25,53.67,9.88,56.39,5.64,56.5,12.35,60.19,5.8,53.92
202609122107,2026-09-12,21,7R,daily,69.97,28.06,42.34,7.8,50.47,5.05,50.0,10.93,50.0,4.82,56.64,50.5,20.25,40.45,7.45,44.07,4.41,50.0,10.93,50.0,4.82,47.85,49.25,19.75,42.34,7.8,52.78,5.28,50.0,10.93,50.0,4.82,48.57,49.12,19.69,44.23,8.14,42.2,4.22,50.0,10.93,50.0,4.82,47.8,45.87,18.39,40.45,7.45,38.39,3.84,50.0,10.93,50.0,4.82,45.42,35.57,14.26,48.0,8.84,56.96,5.7,50.0,10.93,50.0,4.82,44.54
202609122107,2026-09-12,21,7R,realtime,69.97,28.06,42.34,7.8,50.47,5.05,58.24,12.73,47.9,4.62,58.24,50.5,20.25,40.45,7.45,44.07,4.41,46.41,10.14,60.27,5.81,48.06,49.25,19.75,42.34,7.8,52.78,5.28,27.98,6.11,52.88,5.1,44.03,49.12,19.69,44.23,8.14,42.2,4.22,60.9,13.31,22.92,2.21,47.58,45.87,18.39,40.45,7.45,38.39,3.84,53.62,11.72,50.11,4.83,46.23,35.57,14.26,48.0,8.84,56.96,5.7,52.85,11.55,65.95,6.36,46.7
202609122108,2026-09-12,21,8R,daily,69.97,28.06,46.11,8.49,67.15,6.72,50.0,10.93,50.0,4.82,59.01,50.5,20.25,38.56,7.1,43.71,4.37,50.0,10.93,50.0,4.82,47.47,49.25,19.75,53.67,9.88,43.58,4.36,50.0,10.93,50.0,4.82,49.73,49.12,19.69,46.11,8.49,54.78,5.48,50.0,10.93,50.0,4.82,49.41,45.87,18.39,34.78,6.4,58.18,5.82,50.0,10.93,50.0,4.82,46.36,35.57,14.26,49.89,9.19,70.43,7.04,50.0,10.93,50.0,4.82,46.24
202609122109,2026-09-12,21,9R,daily,69.97,28.06,48.0,8.84,38.91,3.89,50.0,10.93,50.0,4.82,56.53,50.5,20.25,46.11,8.49,54.66,5.47,50.0,10.93,50.0,4.82,49.95,49.25,19.75,46.11,8.49,53.41,5.34,50.0,10.93,50.0,4.82,49.32,49.12,19.69,32.89,6.06,50.69,5.07,50.0,10.93,50.0,4.82,46.57,45.87,18.39,46.11,8.49,43.78,4.38,50.0,10.93,50.0,4.82,47.01,35.57,14.26,51.78,9.53,44.36,4.44,50.0,10.93,50.0,4.82,43.98
202609122110,2026-09-12,21,10R,daily,69.97,28.06,53.67,9.88,27.7,2.77,50.0,10.93,50.0,4.82,56.45,50.5,20.25,55.56,10.23,52.93,5.29,50.0,10.93,50.0,4.82,51.52,49.25,19.75,42.34,7.8,59.13,5.91,50.0,10.93,50.0,4.82,49.2,49.12,19.69,44.23,8.14,50.84,5.09,50.0,10.93,50.0,4.82,48.67,45.87,18.39,46.11,8.49,55.05,5.51,50.0,10.93,50.0,4.82,48.13,35.57,14.26,46.11,8.49,52.77,5.28,50.0,10.93,50.0,4.82,43.77
202609122111,2026-09-12,21,11R,daily,69.97,28.06,51.78,9.53,48.84,4.88,50.0,10.93,50.0,4.82,58.22,50.5,20.25,53.67,9.88,32.95,3.3,50.0,10.93,50.0,4.82,49.17,49.25,19.75,44.23,8.14,41.11,4.11,50.0,10.93,50.0,4.82,47.75,49.12,19.69,38.56,7.1,46.55,4.66,50.0,10.93,50.0,4.82,47.2,45.87,18.39,40.45,7.45,44.07,4.41,50.0,10.93,50.0,4.82,45.99,35.57,14.26,53.67,9.88,47.57,4.76,50.0,10.93,50.0,4.82,44.65
202609122112,2026-09-12,21,12R,daily,69.97,28.06,51.78,9.53,49.9,4.99,50.0,10.93,50.0,4.82,58.33,50.5,20.25,49.89,9.19,70.43,7.04,50.0,10.93,50.0,4.82,52.23,49.25,19.75,48.0,8.84,56.96,5.7,50.0,10.93,50.0,4.82,50.03,49.12,19.69,55.56,10.23,54.16,5.42,50.0,10.93,50.0,4.82,51.09,45.87,18.39,46.11,8.49,53.9,5.39,50.0,10.93,50.0,4.82,48.02,35.57,14.26,48.0,8.84,45.78,4.58,50.0,10.93,50.0,4.82,43.42
202609122401,2026-09-12,24,1R,daily,69.95,30.87,75.93,15.03,52.35,4.5,50.0,10.05,50.0,3.69,64.14,50.25,22.17,53.04,10.5,48.57,4.17,50.0,10.05,50.0,3.69,50.59,52.33,23.09,61.36,12.15,57.14,4.91,50.0,10.05,50.0,3.69,53.89,46.7,20.61,59.28,11.74,59.84,5.14,50.0,10.05,50.0,3.69,51.23,43.87,19.36,59.28,11.74,51.14,4.39,50.0,10.05,50.0,3.69,49.23,36.68,16.19,65.52,12.97,55.64,4.78,50.0,10.05,50.0,3.69,47.68
202609122402,2026-09-12,24,2R,daily,69.95,30.87,53.04,10.5,66.46,5.71,50.0,10.05,50.0,3.69,60.82,50.25,22.17,63.44,12.56,50.51,4.34,50.0,10.05,50.0,3.69,52.81,52.33,23.09,71.77,14.21,39.81,3.42,50.0,10.05,50.0,3.69,54.46,46.7,20.61,53.04,10.5,37.06,3.18,50.0,10.05,50.0,3.69,48.03,43.87,19.36,59.28,11.74,60.94,5.24,50.0,10.05,50.0,3.69,50.07,36.68,16.19,78.01,15.45,49.02,4.21,50.0,10.05,50.0,3.69,49.58
202609122403,2026-09-12,24,3R,daily,69.95,30.87,57.2,11.32,52.86,4.54,50.0,10.05,50.0,3.69,60.48,50.25,22.17,67.6,13.39,43.88,3.77,50.0,10.05,50.0,3.69,53.07,52.33,23.09,59.28,11.74,59.64,5.12,50.0,10.05,50.0,3.69,53.69,46.7,20.61,80.09,15.86,55.84,4.8,50.0,10.05,50.0,3.69,55.0,43.87,19.36,53.04,10.5,55.79,4.79,50.0,10.05,50.0,3.69,48.39,36.68,16.19,53.04,10.5,43.11,3.7,50.0,10.05,50.0,3.69,44.13
202609122404,2026-09-12,24,4R,daily,69.95,30.87,75.93,15.03,66.57,5.72,50.0,10.05,50.0,3.69,65.36,50.25,22.17,67.6,13.39,47.26,4.06,50.0,10.05,50.0,3.69,53.36,52.33,23.09,67.6,13.39,53.53,4.6,50.0,10.05,50.0,3.69,54.82,46.7,20.61,84.25,16.68,43.03,3.7,50.0,10.05,50.0,3.69,54.73,43.87,19.36,59.28,11.74,51.06,4.39,50.0,10.05,50.0,3.69,49.22,36.68,16.19,65.52,12.97,72.2,6.2,50.0,10.05,50.0,3.69,49.1
202609122405,2026-09-12,24,5R,daily,69.95,30.87,57.2,11.32,52.1,4.48,50.0,10.05,50.0,3.69,60.41,50.25,22.17,61.36,12.15,47.69,4.1,50.0,10.05,50.0,3.69,52.16,52.33,23.09,69.68,13.8,47.56,4.09,50.0,10.05,50.0,3.69,54.72,46.7,20.61,57.2,11.32,56.69,4.87,50.0,10.05,50.0,3.69,50.54,43.87,19.36,65.52,12.97,55.64,4.78,50.0,10.05,50.0,3.69,50.85,36.68,16.19,61.36,12.15,53.81,4.62,50.0,10.05,50.0,3.69,46.7
202609122406,2026-09-12,24,6R,daily,69.95,30.87,67.6,13.39,61.54,5.29,50.0,10.05,50.0,3.69,63.28,50.25,22.17,63.44,12.56,45.76,3.93,50.0,10.05,50.0,3.69,52.41,52.33,23.09,92.58,18.33,58.02,4.98,50.0,10.05,50.0,3.69,60.15,46.7,20.61,53.04,10.5,48.57,4.17,50.0,10.05,50.0,3.69,49.02,43.87,19.36,53.04,10.5,37.06,3.18,50.0,10.05,50.0,3.69,46.78,36.68,16.19,71.77,14.21,59.38,5.1,50.0,10.05,50.0,3.69,49.24
202609122407,2026-09-12,24,7R,daily,69.95,30.87,88.41,17.51,56.26,4.83,50.0,10.05,50.0,3.69,66.95,50.25,22.17,53.04,10.5,45.38,3.9,50.0,10.05,50.0,3.69,50.31,52.33,23.09,59.28,11.74,51.14,4.39,50.0,10.05,50.0,3.69,52.96,46.7,20.61,71.77,14.21,39.81,3.42,50.0,10.05,50.0,3.69,51.98,43.87,19.36,59.28,11.74,28.72,2.47,50.0,10.05,50.0,3.69,47.3,36.68,16.19,67.6,13.39,52.99,4.55,50.0,10.05,50.0,3.69,47.86
202609122408,2026-09-12,24,8R,daily,69.95,30.87,86.33,17.09,54.16,4.65,50.0,10.05,50.0,3.69,66.36,50.25,22.17,80.09,15.86,55.84,4.8,50.0,10.05,50.0,3.69,56.57,52.33,23.09,69.68,13.8,38.46,3.3,50.0,10.05,50.0,3.69,53.93,46.7,20.61,59.28,11.74,60.94,5.24,50.0,10.05,50.0,3.69,51.32,43.87,19.36,55.12,10.91,43.52,3.74,50.0,10.05,50.0,3.69,47.75,36.68,16.19,67.6,13.39,53.53,4.6,50.0,10.05,50.0,3.69,47.91
202609122409,2026-09-12,24,9R,daily,69.95,30.87,84.25,16.68,43.03,3.7,50.0,10.05,50.0,3.69,64.99,50.25,22.17,53.04,10.5,55.79,4.79,50.0,10.05,50.0,3.69,51.21,52.33,23.09,59.28,11.74,59.84,5.14,50.0,10.05,50.0,3.69,53.71,46.7,20.61,61.36,12.15,57.14,4.91,50.0,10.05,50.0,3.69,51.41,43.87,19.36,59.28,11.74,59.64,5.12,50.0,10.05,50.0,3.69,49.96,36.68,16.19,69.68,13.8,47.56,4.09,50.0,10.05,50.0,3.69,47.81
202609122410,2026-09-12,24,10R,daily,69.95,30.87,57.2,11.32,56.69,4.87,50.0,10.05,50.0,3.69,60.81,50.25,22.17,53.04,10.5,66.46,5.71,50.0,10.05,50.0,3.69,52.12,52.33,23.09,57.2,11.32,52.86,4.54,50.0,10.05,50.0,3.69,52.7,46.7,20.61,75.93,15.03,66.57,5.72,50.0,10.05,50.0,3.69,55.1,43.87,19.36,67.6,13.39,61.54,5.29,50.0,10.05,50.0,3.69,51.77,36.68,16.19,75.93,15.03,52.35,4.5,50.0,10.05,50.0,3.69,49.46
202609122411,2026-09-12,24,11R,daily,69.95,30.87,71.77,14.21,59.38,5.1,50.0,10.05,50.0,3.69,63.92,50.25,22.17,86.33,17.09,54.16,4.65,50.0,10.05,50.0,3.69,57.66,52.33,23.09,67.6,13.39,47.26,4.06,50.0,10.05,50.0,3.69,54.28,46.7,20.61,88.41,17.51,56.26,4.83,50.0,10.05,50.0,3.69,56.69,43.87,19.36,63.44,12.56,50.51,4.34,50.0,10.05,50.0,3.69,50.0,36.68,16.19,57.2,11.32,52.1,4.48,50.0,10.05,50.0,3.69,45.73
202609122412,2026-09-12,24,12R,daily,69.95,30.87,86.33,17.09,66.65,5.73,50.0,10.05,50.0,3.69,67.43,50.25,22.17,86.33,17.09,61.24,5.26,50.0,10.05,50.0,3.69,58.27,52.33,23.09,84.25,16.68,55.04,4.73,50.0,10.05,50.0,3.69,58.24,46.7,20.61,63.44,12.56,60.1,5.16,50.0,10.05,50.0,3.69,52.07,43.87,19.36,55.12,10.91,61.61,5.29,50.0,10.05,50.0,3.69,49.31,36.68,16.19,73.85,14.62,54.0,4.64,50.0,10.05,50.0,3.69,49.19
