登録番号,重み付き和,重み付き二乗和,重み計,基準日
2538,5.6374548276,1.3669059563,26.6366832043,2026-09-13
2878,4.396185365,0.815623829,26.7773824339,2026-09-13
3024,0.18712971,0.0358737536,1.1422124198,2026-09-13
3054,3.0961159222,0.6329745284,16.9211541513,2026-09-13
3070,0.4960240389,0.0956710727,2.9965861394,2026-09-13
3072,4.5415612551,0.8510367496,27.8812336851,2026-09-13
3075,2.4542991302,0.3860514395,20.2716237332,2026-09-13
3081,0.2070628944,0.0373162691,1.3725819682,2026-09-13
3105,3.3250108728,0.5486239401,23.0707727996,2026-09-13
3107,2.8532542538,0.5976425527,15.6381474537,2026-09-13
3156,3.3503402875,0.6361778737,20.351397075,2026-09-13
3158,4.2502315311,0.6686719243,32.0131442871,2026-09-13
3159,0.2590290553,0.0505465305,1.5611988363,2026-09-13
3161,3.5232138323,0.6835247942,22.6063407518,2026-09-13
3175,3.9947104636,0.6926663194,26.8456867599,2026-09-13
3176,0.0536463202,0.0126861107,0.2655977403,2026-09-13
3202,4.9513107695,1.097027712,25.0818997064,2026-09-13
3207,1.0796250064,0.2297027219,6.2106113937,2026-09-13
3211,4.8047531596,0.9135825872,29.1368252858,2026-09-13
3212,3.0757489883,0.5642511046,19.8398013516,2026-09-13
3224,3.9518193455,0.7840931997,21.7500773706,2026-09-13
3226,4.0312301132,0.7973525148,24.3421789971,2026-09-13
3232,3.3094892159,0.5670217017,21.0942935398,2026-09-13
3233,3.4339664625,0.7242287503,19.9240179751,2026-09-13
3246,0.1050352933,0.0200088462,0.6913671674,2026-09-13
3251,6.4727762753,1.3288632563,34.5337025847,2026-09-13
3256,4.7228272656,0.7785623081,34.028324236,2026-09-13
3257,3.6359237204,0.696841169,25.2617540565,2026-09-13
3265,3.7858005048,0.6132720319,27.8519710098,2026-09-13
3268,4.7730624487,0.8728128859,29.7952763807,2026-09-13
3277,4.1123266291,0.7408757916,26.3463526197,2026-09-13
3282,5.0440513624,1.1378782067,25.4776402489,2026-09-13
3284,5.8287688765,1.5062485809,25.4633812908,2026-09-13
3286,3.1052876013,0.6245416057,17.8634941542,2026-09-13
3289,0.8514009763,0.1978172735,4.1471535054,2026-09-13
3293,4.3518387642,0.938485742,23.8213870119,2026-09-13
3294,3.2194356973,0.5833903184,20.1987078121,2026-09-13
3297,5.0471367424,1.1425671573,24.7146731036,2026-09-13
3300,3.5841953916,0.6030294037,24.5859828749,2026-09-13
3302,3.6020478958,0.7277127406,21.0288186754,2026-09-13
3303,6.3157815151,1.4621717988,31.5818450482,2026-09-13
3304,5.0188339528,0.8883014484,31.1594314871,2026-09-13
3305,4.1593104894,0.7615580445,26.6964026873,2026-09-13
3306,4.0009820668,0.7538901373,25.6177828713,2026-09-13
3313,3.8266302549,0.7242113729,23.8187434149,2026-09-13
3315,3.4787549925,0.6795695345,23.1927628698,2026-09-13
3319,5.7785745051,1.020456364,35.8324036723,2026-09-13
3327,4.4638218737,0.9319655758,25.5503502396,2026-09-13
3333,5.1070638338,0.910110803,35.3124811022,2026-09-13
3334,4.8080556868,1.016780887,25.5007800189,2026-09-13
3339,2.7248636845,0.4568608368,19.1980591353,2026-09-13
3340,4.5534686415,0.8756545357,26.3889941211,2026-09-13
3346,0.0131224517,0.0027665716,0.0776256924,2026-09-13
3349,4.3170369519,0.8047590175,27.7569847082,2026-09-13
3350,2.5537136031,0.4492800993,16.1129170606,2026-09-13
3352,4.2497420469,0.8090061657,26.9688748453,2026-09-13
3353,1.851952227,0.3683522215,12.160112464,2026-09-13
3355,1.3769560419,0.4019182829,5.0435661808,2026-09-13
3357,5.4299404695,1.2706701739,26.5144939179,2026-09-13
3361,3.2314666671,0.5723356638,20.8027358396,2026-09-13
3362,4.7590693595,0.9643339283,26.7806557973,2026-09-13
3370,2.9353117681,0.6552645715,14.8314757208,2026-09-13
3372,2.4864886145,0.5405698274,12.3610396432,2026-09-13
3377,4.8204275445,1.2903155877,21.7002117838,2026-09-13
3381,3.2328900103,0.511207172,25.3462926291,2026-09-13
3385,3.4066142124,0.6044699989,22.285376742,2026-09-13
3388,3.2322233439,0.5900498891,20.017461939,2026-09-13
3391,2.9779009798,0.6528241776,15.379919946,2026-09-13
3392,5.3280450009,1.1006719659,29.2090031077,2026-09-13
3401,5.4369218001,1.1700610886,28.5098588361,2026-09-13
3406,4.2203933319,0.7589543499,28.3571129087,2026-09-13
3411,2.1055455904,0.4439633281,11.5373853382,2026-09-13
3412,4.6765690596,0.8103023784,30.023437072,2026-09-13
3414,0.0001246095,1.86913e-05,0.0008307297,2026-09-13
3415,4.5216952528,0.7473225446,31.7142299409,2026-09-13
3419,1.5749560759,0.4104575408,7.2855462563,2026-09-13
3422,4.7952645395,0.8737641369,29.9786824156,2026-09-13
3430,4.1418612443,0.7240543962,26.6269210199,2026-09-13
3432,3.0662964455,0.6014860162,18.2531668823,2026-09-13
3434,3.9110880495,0.7803679331,23.9000054659,2026-09-13
3435,3.7877358564,0.6826611832,24.587431378,2026-09-13
3436,3.0455298472,0.5554685019,22.0758827236,2026-09-13
3439,4.4917199729,0.7688628643,29.3435238324,2026-09-13
3441,3.8486170264,0.7854483509,21.9124995242,2026-09-13
3442,4.4998880676,0.749787264,30.2752409517,2026-09-13
3444,0.137230426,0.0244167744,0.9170718763,2026-09-13
3445,3.5591356112,0.6895252643,21.9785941504,2026-09-13
3448,2.3145932017,0.5671584928,10.6858794654,2026-09-13
3454,2.6464837647,0.4254099373,18.8707317675,2026-09-13
3455,4.0667641525,0.8810068973,25.798366736,2026-09-13
3458,3.4478039636,0.6399271903,21.4941354711,2026-09-13
3459,3.1861121312,0.5814750431,21.0569278584,2026-09-13
3461,2.5797688798,0.5675606151,13.5392992987,2026-09-13
3463,4.5477409253,0.8294629564,27.9027464798,2026-09-13
3467,4.4137000417,0.8797386952,24.9830030113,2026-09-13
3470,3.729029436,0.7846203313,21.2822157439,2026-09-13
3471,3.7303273076,0.7687973587,21.4089485873,2026-09-13
3473,4.0659047051,0.6167365571,30.9273389263,2026-09-13
3474,4.619256902,0.9045117504,26.9136595207,2026-09-13
3475,4.6866657737,0.955112807,26.9697070538,2026-09-13
3477,4.7251463388,0.9624366685,25.4880234799,2026-09-13
3478,4.1938863045,0.7206620424,27.9634335666,2026-09-13
3482,3.6698778162,0.6094656324,25.7120056019,2026-09-13
3484,4.9676596429,0.9577747566,28.8537288053,2026-09-13
3489,5.9831447322,0.9687571665,42.1536106901,2026-09-13
3497,3.5793290536,0.7229618949,20.6626902998,2026-09-13
3499,3.2573138315,0.6014552908,20.5941243498,2026-09-13
3502,5.8167746823,1.1950249846,34.4864546106,2026-09-13
3503,4.5629834507,0.7914237071,31.3821719718,2026-09-13
3505,4.1815367673,0.687059555,29.8230718674,2026-09-13
3507,4.4124370322,0.9678848204,23.1780872252,2026-09-13
3508,5.4870641828,1.1380407324,29.1165418438,2026-09-13
3509,3.0258963132,0.5285604775,21.8519442462,2026-09-13
3514,4.9742033439,0.9227047899,29.081021198,2026-09-13
3516,4.3863740839,0.8157829814,27.8971212982,2026-09-13
3517,3.8261926074,0.6087584243,28.0872011645,2026-09-13
3518,4.3446653122,1.1140658566,20.7748439517,2026-09-13
3519,4.2819614023,1.1616558528,22.9262069841,2026-09-13
3523,3.6036883163,0.6605878321,21.668505034,2026-09-13
3527,4.5156249414,0.8809278431,26.8514041081,2026-09-13
3528,3.8390328694,0.8436015304,19.6831128833,2026-09-13
3532,2.3212482657,0.4472496198,14.8400231775,2026-09-13
3535,3.2322708331,0.6668909559,17.2777732694,2026-09-13
3538,3.32884283,0.7850644382,16.1760851978,2026-09-13
3539,4.9370962019,0.9885918301,27.4929695905,2026-09-13
3541,5.1653803369,0.9709801781,30.4744855988,2026-09-13
3542,3.9486973462,0.828642639,21.580344728,2026-09-13
3543,3.7243571685,0.7165680999,21.6328780833,2026-09-13
3544,4.0637231869,0.8182217021,23.0590156658,2026-09-13
3546,4.9166388535,1.0993156465,25.9395261297,2026-09-13
3548,3.8203525368,0.5872421228,29.3172185796,2026-09-13
3550,4.4439937907,0.85192612,27.9243513364,2026-09-13
3551,3.5407423359,0.7095915436,21.7427090047,2026-09-13
3554,6.5210099925,1.3696238521,34.0284964897,2026-09-13
3556,5.0307343402,0.8884557538,32.1212927333,2026-09-13
3557,4.7055753378,0.9147346247,30.4896211237,2026-09-13
3558,4.2837444005,0.7962348447,27.7356859455,2026-09-13
3562,4.7964266162,0.845477001,31.3012493411,2026-09-13
3563,4.2278514216,0.7188877109,28.640166419,2026-09-13
3564,4.0885343677,0.7500734152,25.4674479956,2026-09-13
3566,4.7439735055,1.0179391193,26.1230456218,2026-09-13
3567,3.1171232614,0.6263983693,17.6116297021,2026-09-13
3568,4.0873460869,0.7471155291,24.6172413024,2026-09-13
3569,4.3508270303,0.9418166899,22.3854773561,2026-09-13
3572,5.0258957053,1.2267388859,25.0479465552,2026-09-13
3574,5.1053937169,0.9194709642,32.0708263415,2026-09-13
3576,4.7659001491,0.866058913,30.0068610952,2026-09-13
3577,3.2514195492,0.5434476883,24.2300073207,2026-09-13
3578,0.3478479101,0.0822864928,1.7583523383,2026-09-13
3579,2.9042889932,0.5547818469,18.3307759086,2026-09-13
3580,4.1892519294,0.8644992537,24.7087112447,2026-09-13
3581,4.7700297366,0.9369160018,27.0461598064,2026-09-13
3582,4.871038743,0.8350793907,32.1582305401,2026-09-13
3583,4.1241361534,0.9736422796,21.5651711134,2026-09-13
3584,4.8717216594,0.9478526257,27.5323175316,2026-09-13
3587,2.5355333291,0.4471200872,16.8287293321,2026-09-13
3589,3.1132432887,0.583258458,19.7657355469,2026-09-13
3590,3.7311694645,0.5708098176,31.0326636488,2026-09-13
3591,1.5797301122,0.339804773,9.2041965745,2026-09-13
3596,3.2295380118,0.6554734002,18.7451951895,2026-09-13
3602,4.2404306212,0.8861424987,24.2855191176,2026-09-13
3604,3.5877829979,0.7695361069,18.2064834288,2026-09-13
3605,4.3397738758,0.9437712912,22.2280125509,2026-09-13
3606,3.8348886319,0.6984127568,23.7324658657,2026-09-13
3611,3.9156856294,0.6330997183,28.1102068222,2026-09-13
3612,4.4851383323,0.739570627,31.3310604425,2026-09-13
3613,4.3382052801,0.6882537522,31.145575851,2026-09-13
3614,4.5484756688,0.8969861574,25.9153849104,2026-09-13
3615,3.1141311434,0.486919661,21.8703038288,2026-09-13
3616,2.0046643204,0.3310653127,14.2789096461,2026-09-13
3617,4.7693858619,1.0379958579,24.8595560455,2026-09-13
3618,5.5830057444,1.1514140651,31.7941345892,2026-09-13
3619,3.6289666615,0.6883066614,20.565912304,2026-09-13
3620,3.3421510434,0.6197136559,19.5033094201,2026-09-13
3621,0.5469032669,0.1330593797,2.984601462,2026-09-13
3623,3.80029044,0.7736837441,22.767795886,2026-09-13
3627,4.5943929639,0.9709763234,23.8600680093,2026-09-13
3629,3.7119045662,0.7814657635,19.8293661862,2026-09-13
3630,3.3398322409,0.5946548179,21.7790924561,2026-09-13
3631,0.6516064606,0.1479111249,3.4153684372,2026-09-13
3635,3.6525340158,0.6983263743,21.7702412398,2026-09-13
3637,3.4771703003,0.7276710625,19.5686526853,2026-09-13
3641,6.1684826991,1.2617848453,34.3347494383,2026-09-13
3642,4.3534095933,0.9266264602,24.4978619665,2026-09-13
3643,4.5166372698,0.9198414955,24.9383180624,2026-09-13
3645,1.0315248153,0.1712347582,6.8342607305,2026-09-13
3647,4.0847848569,0.7106978507,29.6572953555,2026-09-13
3652,3.4302189893,0.6888849909,20.185297073,2026-09-13
3653,4.7886683242,1.197602559,21.3275031899,2026-09-13
3654,3.4983649748,0.6049240534,24.6975573848,2026-09-13
3655,5.4944159446,1.2413776226,26.2111283862,2026-09-13
3656,2.4287489998,0.4945955895,13.612896125,2026-09-13
3659,4.6760899641,0.9212687614,27.0509835217,2026-09-13
3660,4.8368541867,1.1264873367,23.4166304908,2026-09-13
3661,4.9342334962,0.9544622049,29.2240940901,2026-09-13
3662,5.1425811126,1.0350372129,29.9731066924,2026-09-13
3663,4.8432262698,0.9161326652,28.6311370155,2026-09-13
3664,3.830362413,0.7434579997,22.5433145651,2026-09-13
3679,4.488438838,0.7215271704,31.5910633428,2026-09-13
3680,5.9086901428,1.3779189757,30.0056003466,2026-09-13
3681,3.5669453431,0.6314021374,22.8823142087,2026-09-13
3684,4.0288290638,0.9219757478,23.1423455048,2026-09-13
3685,3.8784014873,0.9140323072,20.6916077565,2026-09-13
3686,4.0996390832,0.7731152067,23.6766575303,2026-09-13
3687,3.4694286362,0.7877121396,21.5152413984,2026-09-13
3690,5.2509178081,1.1075754347,27.7584380497,2026-09-13
3692,5.0326968035,0.8096680995,38.0926637739,2026-09-13
3696,4.0040951677,0.7239207992,24.6235339612,2026-09-13
3699,4.5000587381,0.9588419793,24.3653972698,2026-09-13
3701,3.09320872,0.5510489385,20.8804518238,2026-09-13
3703,4.5156315259,0.9336686204,26.0585951411,2026-09-13
3704,2.0379706491,0.522061398,8.7468834465,2026-09-13
3708,4.3722089342,0.7898955687,27.5987070953,2026-09-13
3710,3.749236985,0.7047705643,23.2715941385,2026-09-13
3711,4.8924583489,0.8773484994,30.5311863491,2026-09-13
3712,2.9210218184,0.4841473439,21.032418973,2026-09-13
3713,5.3414074621,0.9876665814,31.0525658326,2026-09-13
3714,3.4558308039,0.5714302963,24.6266893132,2026-09-13
3715,4.049266914,0.8063721067,25.200371733,2026-09-13
3716,3.8604593932,0.5617263721,30.620925572,2026-09-13
3717,3.0577149729,0.5429075586,20.3618921996,2026-09-13
3718,4.2021785915,0.8220105879,24.5878507739,2026-09-13
3719,4.6533310662,0.7989195805,30.5600522227,2026-09-13
3721,3.9902510217,0.5464981284,35.0604967156,2026-09-13
3722,3.0135666648,0.5533712551,18.6586441493,2026-09-13
3726,2.9398074009,0.5451735748,18.6678831937,2026-09-13
3730,4.4288693148,0.8228344644,27.6827435927,2026-09-13
3731,4.2520505356,0.7657271957,26.224346329,2026-09-13
3736,0.4488643445,0.1147789023,1.7614492813,2026-09-13
3737,3.1808218489,0.5271627217,22.8421724433,2026-09-13
3740,5.2272109956,0.9165163119,34.2819387132,2026-09-13
3741,2.9929880989,0.5380579743,18.6852856298,2026-09-13
3742,3.8823376733,0.7714962807,22.9524558279,2026-09-13
3743,5.2997957103,0.9510931477,34.1705451674,2026-09-13
3744,4.2690394699,0.665708648,35.1201658323,2026-09-13
3745,4.3599771735,0.807303947,27.3727544357,2026-09-13
3746,5.0439306099,0.8966056388,31.1666877923,2026-09-13
3747,3.412620019,0.5879664102,22.6179998656,2026-09-13
3748,3.4725955258,0.6790083201,20.3151736973,2026-09-13
3752,3.3782971926,0.5603630618,23.1841230255,2026-09-13
3757,4.384204675,0.8511297324,26.7843523584,2026-09-13
3761,3.2206880121,0.5587925401,21.2079746156,2026-09-13
3769,4.3273151861,0.8128103739,26.4514520579,2026-09-13
3771,3.5379570611,0.5837698709,25.3652432111,2026-09-13
3772,3.5803866554,0.5590689349,26.4987475819,2026-09-13
3773,3.4870390883,0.6639045154,22.5733471929,2026-09-13
3775,4.7509422135,0.9234265747,28.2221931762,2026-09-13
3776,4.1741109446,0.9079415772,23.7109029233,2026-09-13
3777,4.5344447655,0.9752388738,23.9240594176,2026-09-13
3778,2.6300786149,0.5953152988,13.3926614944,2026-09-13
3779,2.4197262826,0.316754153,22.5621556971,2026-09-13
3783,4.3908436333,0.7197381177,31.3980471549,2026-09-13
3784,3.8865679344,0.7264125502,24.7233111325,2026-09-13
3787,2.0809285239,0.4546721458,10.5886334257,2026-09-13
3788,2.0891686119,0.3415764984,16.0139851633,2026-09-13
3790,3.5537933611,0.6617417118,22.4443226465,2026-09-13
3792,4.5801099146,0.8510028744,26.5712402,2026-09-13
3793,3.1298008182,0.5992628234,21.4283916931,2026-09-13
3796,3.8158665265,0.7550751875,24.2746089122,2026-09-13
3797,4.7378932787,1.0187397116,23.8815538638,2026-09-13
3800,4.0648282483,0.8525078979,24.85225487,2026-09-13
3801,2.6283731047,0.5143764745,15.1442726523,2026-09-13
3804,5.3931810947,0.9977044164,33.8113704399,2026-09-13
3805,3.5197237528,0.5218066983,26.5025570561,2026-09-13
3807,3.8392502822,0.7097232164,24.8299075461,2026-09-13
3808,2.5576765151,0.4878311771,15.6616669611,2026-09-13
3809,3.3826752199,0.6830475692,19.0722588971,2026-09-13
3811,4.6084517136,0.7925284127,30.7509302382,2026-09-13
3812,4.1417949817,0.8369320697,24.2966426243,2026-09-13
3813,5.2514656895,1.0084366341,31.0605023554,2026-09-13
3814,6.0193509762,1.3518879621,30.0353655448,2026-09-13
3820,0.2106767236,0.0414416713,1.3111584262,2026-09-13
3822,3.8129854796,0.6304133604,26.2667093141,2026-09-13
3825,3.8208900066,0.7728417403,25.7481507774,2026-09-13
3826,3.2354695746,0.5631734182,21.9226557956,2026-09-13
3827,3.8629539787,0.7586853896,23.0633301264,2026-09-13
3828,3.150729917,0.6122599475,18.2107567346,2026-09-13
3831,3.7449210348,0.7021780491,26.6648580197,2026-09-13
3832,1.8659788165,0.364616643,10.7544154047,2026-09-13
3833,3.4158546826,0.540950562,26.5852228239,2026-09-13
3834,4.1009586048,0.8387084126,24.7045746719,2026-09-13
3837,4.7353217509,0.8150748206,31.1009872316,2026-09-13
3838,3.686580519,0.5671568468,27.2024367033,2026-09-13
3839,4.2515169122,1.0280667585,20.7210252726,2026-09-13
3841,4.886783787,0.8629668928,31.312298525,2026-09-13
3842,5.0469501004,1.0467152652,27.8414243772,2026-09-13
3843,3.9161403173,0.758469954,25.3659626585,2026-09-13
3845,4.6012200093,0.9708301925,24.0847107438,2026-09-13
3848,3.8715681842,0.8544400971,23.8635966536,2026-09-13
3849,0.3180173462,0.0518046669,2.2193056618,2026-09-13
3850,4.0671716053,0.6199367608,30.2314935651,2026-09-13
3851,0.0411794423,0.0087002112,0.225972923,2026-09-13
3852,5.3964851514,1.0832686091,30.3796457494,2026-09-13
3853,5.2229220348,1.0384776357,30.3666721696,2026-09-13
3854,3.4134369929,0.5953823456,24.3185923625,2026-09-13
3857,5.0324290642,1.0184985766,27.858129876,2026-09-13
3859,3.6262219714,0.6298891424,25.1620782451,2026-09-13
3860,4.7024860932,0.9814186956,25.9823958177,2026-09-13
3863,3.978882327,0.736401919,25.0668176515,2026-09-13
3866,3.5974405842,0.7410546357,20.6860722453,2026-09-13
3867,4.6553751434,1.051682929,24.6961751783,2026-09-13
3868,4.4320275041,0.8590626059,25.1669317762,2026-09-13
3869,2.834216387,0.5657772071,15.8708442682,2026-09-13
3870,5.1147139239,1.0626773612,28.3291621623,2026-09-13
3871,1.9411976954,0.4426112122,9.4862609183,2026-09-13
3872,5.2022309774,1.1851275511,27.1571409411,2026-09-13
3873,4.1082659848,0.7631710298,25.9781301207,2026-09-13
3874,3.9272009297,0.6540463336,27.6222776802,2026-09-13
3875,4.3764930792,0.846005816,25.2918384583,2026-09-13
3876,4.567758873,0.9286615229,25.4503764551,2026-09-13
3878,3.9040300673,0.8094469778,23.3500511136,2026-09-13
3880,4.2633273627,0.8474375039,24.3791632021,2026-09-13
3882,4.0157272999,0.8537275254,22.9048017234,2026-09-13
3885,4.0461322396,0.7471146428,24.7959565062,2026-09-13
3888,4.5858905507,0.8213059928,29.7650535652,2026-09-13
3889,3.2799429158,0.5373856885,22.8926393114,2026-09-13
3891,4.263626799,0.8126360566,24.8410500717,2026-09-13
3892,4.0671607412,0.7534221518,26.156394883,2026-09-13
3893,4.0891240577,0.785997156,24.6368127347,2026-09-13
3895,1.2496701917,0.3896300154,4.9406319082,2026-09-13
3896,2.7177280802,0.4724940345,18.1505493875,2026-09-13
3897,3.8034751722,0.5252398514,31.8538893037,2026-09-13
3898,4.9113225873,0.8313546124,34.6493082429,2026-09-13
3900,3.3160512427,0.6523041903,19.2450731213,2026-09-13
3901,5.178651424,1.2494594769,24.6423155911,2026-09-13
3904,3.7461527311,0.6942713965,23.2910490796,2026-09-13
3905,3.837086296,0.6288985371,27.2244946581,2026-09-13
3906,3.7544882637,0.8685762077,18.3862040092,2026-09-13
3907,3.4797684131,0.6143551491,22.1708828535,2026-09-13
3908,4.3812059983,0.7710248642,28.9843323906,2026-09-13
3909,2.7788393431,0.2969228189,30.3791233098,2026-09-13
3910,3.7875755059,0.7735435195,22.2736500695,2026-09-13
3911,4.5209309842,0.8732518681,26.5374267572,2026-09-13
3912,3.6628762987,0.6104402836,27.2351604292,2026-09-13
3915,6.1263803912,1.3224348176,32.2241391396,2026-09-13
3918,4.9239129442,0.8899019189,30.5513849824,2026-09-13
3920,2.7238597887,0.5035831309,16.3938128595,2026-09-13
3921,0.0243714187,0.0054971857,0.1182374748,2026-09-13
3922,3.9787021867,0.8013851222,21.4926826224,2026-09-13
3928,3.8112205402,0.7224669083,23.1214287755,2026-09-13
3929,3.9904335432,0.7025241862,26.0306429198,2026-09-13
3930,3.1334828064,0.5449632352,23.1092158866,2026-09-13
3931,4.6186986403,0.7853306607,32.8337795029,2026-09-13
3932,3.5528289251,0.7025377648,21.5821736299,2026-09-13
3933,4.7844488622,0.9714386234,26.4866580559,2026-09-13
3934,5.2000658467,0.9604138894,32.3555930421,2026-09-13
3935,3.5027286612,0.5735528572,25.2518972232,2026-09-13
3939,4.5551784117,0.8746030267,25.9772195264,2026-09-13
3940,4.6878217028,0.7254154793,33.5488305081,2026-09-13
3941,3.9561266197,0.5967297686,32.9630053367,2026-09-13
3942,3.1976553277,0.4907969513,23.1804596347,2026-09-13
3943,1.8482670863,0.3746050381,10.3105508642,2026-09-13
3944,3.9101287107,0.8540947578,20.9834278831,2026-09-13
3945,3.8656843159,0.7992498578,21.0300988995,2026-09-13
3946,5.7311207426,0.996194064,37.410512576,2026-09-13
3947,4.2755784557,0.7696611017,27.1147361906,2026-09-13
3948,4.0552723262,0.851418253,22.3961649389,2026-09-13
3949,3.1305191134,0.6142488746,19.879058411,2026-09-13
3950,2.6890138018,0.4799217831,18.6119234312,2026-09-13
3951,3.8903878737,0.8360859156,20.2264521061,2026-09-13
3952,4.4167469873,0.6704794432,35.2264232112,2026-09-13
3953,3.9961647307,0.8620660075,20.2168836255,2026-09-13
3955,3.2854906338,0.6930371027,18.0181693258,2026-09-13
3956,4.4555968142,0.7963010386,27.3745679958,2026-09-13
3957,6.044147561,1.2052377965,33.9110559617,2026-09-13
3959,4.6203631707,0.7330786394,33.0365931199,2026-09-13
3960,2.7647129401,0.3151529095,28.5858503242,2026-09-13
3961,5.3308972705,0.9810571718,32.8667111802,2026-09-13
3963,4.5998683267,0.8700690488,29.0517297054,2026-09-13
3964,5.1689354819,1.1708822065,25.0815503381,2026-09-13
3965,5.2446672058,1.0300395216,33.7986474597,2026-09-13
3966,5.9587710496,1.1759261353,34.022668173,2026-09-13
3967,4.1108912414,1.2290082774,17.9275931741,2026-09-13
3968,4.6020873372,0.8815399905,27.9395442749,2026-09-13
3973,4.5821424115,0.9418961273,24.8688804067,2026-09-13
3974,4.173088377,0.7746617831,25.8416010868,2026-09-13
3975,3.8351355198,0.5681538905,30.4647654539,2026-09-13
3976,4.423411212,0.9242884858,25.6799668438,2026-09-13
3977,4.058996686,0.7467405337,26.0877894778,2026-09-13
3978,3.0413421402,0.5724887067,17.9408852343,2026-09-13
3981,5.4742770015,1.2067156048,27.2127721047,2026-09-13
3982,3.5075862092,0.6187980145,23.0179679494,2026-09-13
3983,4.4800752024,0.7061176074,33.5065226816,2026-09-13
3984,5.6739356475,0.9556952113,36.213082934,2026-09-13
3986,0.3447199538,0.0638089165,2.0912775579,2026-09-13
3987,4.2741078945,0.7724478739,27.4388565845,2026-09-13
3988,4.6360516056,0.6996723193,35.4657965028,2026-09-13
3989,4.9601869622,1.1452839316,23.7904526246,2026-09-13
3990,4.2935043006,0.8027396385,27.3878336361,2026-09-13
3992,3.1156913194,0.5535282684,20.0846397995,2026-09-13
3993,3.4268317819,0.6400746424,22.1236954486,2026-09-13
3994,3.2694691373,0.6111263747,19.181682111,2026-09-13
3995,2.4210302747,0.3597297375,18.2801386948,2026-09-13
3997,5.275976389,0.8731339433,35.953941441,2026-09-13
3998,4.9182863752,0.9048171953,29.2773823914,2026-09-13
3999,4.8681893691,0.9636645824,27.6428001028,2026-09-13
4000,5.5378450183,1.0264951425,33.5555571658,2026-09-13
4002,4.607306915,0.757281411,31.9409722341,2026-09-13
4003,3.633961246,0.616825889,24.1549828958,2026-09-13
4004,4.493979164,0.8558338704,26.2826722605,2026-09-13
4006,4.815384717,0.9026701782,27.7996155891,2026-09-13
4007,3.0747286793,0.4522841047,25.5918003264,2026-09-13
4009,3.7876029505,0.5440860572,29.7300243323,2026-09-13
4010,3.2467401164,0.6145827413,20.6601878645,2026-09-13
4011,3.7439240092,0.6473932175,26.1853617905,2026-09-13
4012,3.8817159089,0.6440114942,27.9383804567,2026-09-13
4013,4.1273401228,0.686238223,30.6393231239,2026-09-13
4014,4.2498154623,0.8694657928,23.3994841646,2026-09-13
4015,4.4487477687,0.8012660242,27.9883362491,2026-09-13
4016,4.6066333014,0.8496619144,30.2198147037,2026-09-13
4017,3.6387284686,0.6728781918,21.2619796779,2026-09-13
4019,4.6607966341,0.8447693772,29.3651684743,2026-09-13
4020,3.8572832516,0.7157668091,23.3149694774,2026-09-13
4022,3.2829002704,0.5140141967,24.6925463537,2026-09-13
4023,4.711960433,0.936594925,26.5264725511,2026-09-13
4024,5.504028332,0.9742443484,34.637644077,2026-09-13
4025,4.5892331534,0.8745312427,27.3552610199,2026-09-13
4027,2.92662987,0.5697776726,17.6165135613,2026-09-13
4028,4.5573679602,0.8144435751,28.7815910458,2026-09-13
4030,4.7640415148,0.7483362691,35.0064957328,2026-09-13
4031,4.669868977,0.8755778076,29.0900915404,2026-09-13
4033,4.5906124667,0.7316797475,32.8467990567,2026-09-13
4034,4.595709322,0.9126412778,25.8181748796,2026-09-13
4035,5.3368986695,1.1938437965,27.7633907344,2026-09-13
4036,3.6862056604,0.6207517686,25.269045802,2026-09-13
4039,4.3639494851,0.7860635757,28.4129351699,2026-09-13
4040,4.7603936614,0.7904492024,33.5580082341,2026-09-13
4041,5.9044826484,1.5267954661,26.5260653169,2026-09-13
4042,3.8123260062,0.757780685,21.0512667021,2026-09-13
4043,5.222528989,0.9628922084,33.5212791451,2026-09-13
4044,3.5664424263,0.5389189171,27.8871164697,2026-09-13
4045,3.7585664092,0.6797813868,24.3114872189,2026-09-13
4047,3.584509184,0.720278493,19.5644617169,2026-09-13
4049,3.814062258,0.6571764695,27.2198736461,2026-09-13
4050,4.6952840712,0.8441200855,30.0392992922,2026-09-13
4051,1.9261461716,0.4146443325,10.0917627361,2026-09-13
4052,3.0961397424,0.5996895511,18.9769098705,2026-09-13
4053,4.0390780353,0.7886167227,23.9209644074,2026-09-13
4054,2.9695428826,0.5910470332,19.5776227277,2026-09-13
4055,4.5743312664,0.81646532,30.532480225,2026-09-13
4056,0.0013389567,0.000276277,0.0078309873,2026-09-13
4057,4.596001722,0.7879934993,29.4635761164,2026-09-13
4058,5.5015292605,1.0995054778,30.5534465102,2026-09-13
4059,0.7251875936,0.1391925433,4.4389525998,2026-09-13
4060,4.1190588632,0.7331183551,25.9037795694,2026-09-13
4061,4.6500653865,0.7341305754,33.2960252583,2026-09-13
4062,0.8305264874,0.1780962259,4.2176054912,2026-09-13
4063,3.8468796352,0.5680566674,32.8110930046,2026-09-13
4064,5.3843248604,1.0212325943,32.9094333822,2026-09-13
4065,4.2257892115,0.8083217015,24.7437655891,2026-09-13
4066,4.7270255483,0.818016453,31.4642023857,2026-09-13
4067,5.7992356403,1.0347045064,36.7759961634,2026-09-13
4068,4.4870622339,0.7712326446,30.6524394311,2026-09-13
4069,4.339886088,0.9166345668,24.3471123367,2026-09-13
4071,2.8635725103,0.6218797411,15.3974726524,2026-09-13
4072,3.6729543849,0.5694907623,27.2927802652,2026-09-13
4073,4.4237449982,0.7038775004,30.0089764237,2026-09-13
4074,4.6170132024,0.7467810471,33.2643006692,2026-09-13
4075,3.9387375447,0.547324385,33.9093816859,2026-09-13
4076,6.1421446515,1.2992949336,31.7080610259,2026-09-13
4077,5.1551502172,1.0611248645,27.7564769697,2026-09-13
4079,5.3646963316,0.8644587935,37.0903809109,2026-09-13
4080,0.0171111364,0.0029589531,0.1189799433,2026-09-13
4081,4.7865933046,0.8661218846,30.1237003257,2026-09-13
4082,3.3541429141,0.7236114995,18.1443346156,2026-09-13
4083,4.7172493414,0.7275981116,34.4973841201,2026-09-13
4084,4.8849235664,0.785579814,33.4851371659,2026-09-13
4085,4.8057613971,1.1512889234,23.2457206345,2026-09-13
4086,3.5772469965,0.5862642729,25.7645472982,2026-09-13
4089,4.4704102148,0.8275065757,28.2502243727,2026-09-13
4090,4.0642812673,0.700815525,26.2119767591,2026-09-13
4092,4.1487612817,0.7466236705,25.8714552384,2026-09-13
4093,2.7654362094,0.5960044934,14.971608122,2026-09-13
4094,4.7469973944,0.9242058059,26.358683783,2026-09-13
4095,4.3073590273,0.7342179033,28.5785290755,2026-09-13
4096,4.2226594203,0.7121047545,28.9364370884,2026-09-13
4097,4.2729074019,0.9719140722,22.4446312909,2026-09-13
4098,4.1581216302,0.9483904461,19.9160246091,2026-09-13
4099,3.6549995743,0.6115308009,25.1743643595,2026-09-13
4100,4.1794111965,0.7703190521,27.1588028079,2026-09-13
4102,4.9942616021,0.8212466685,35.5599511017,2026-09-13
4103,4.6074417019,1.1077626124,21.6214350947,2026-09-13
4104,2.895403827,0.464114587,21.4244833951,2026-09-13
4105,4.8307267889,1.0631644918,24.7253337687,2026-09-13
4106,3.9086130576,0.8435411116,20.3649217628,2026-09-13
4108,3.2039622869,0.4747869754,26.1894612729,2026-09-13
4109,2.6691394553,0.4153216423,20.0081275571,2026-09-13
4110,2.9935450305,0.5459069154,17.8277933834,2026-09-13
4111,4.3682132734,0.7808599177,29.4001519739,2026-09-13
4112,3.3759915645,0.7078266755,18.3917705503,2026-09-13
4113,4.6886037801,0.8829892415,27.7313473114,2026-09-13
4114,4.6478086252,0.9683460844,24.5818840098,2026-09-13
4116,3.1544812211,0.7056099639,15.1986221223,2026-09-13
4117,4.632071865,0.9779583435,24.1791849099,2026-09-13
4118,4.8887000086,0.8161827604,33.1624308361,2026-09-13
4119,3.8844731283,0.7849239182,22.9089571506,2026-09-13
4120,5.1063138467,0.8998507276,31.3296424051,2026-09-13
4121,4.4782857102,0.7152909679,32.2628683757,2026-09-13
4122,4.9908056005,0.9305574625,30.5614312923,2026-09-13
4123,4.9381572564,1.0176433533,27.86253755,2026-09-13
4124,4.5467739353,0.8965451705,26.6126272965,2026-09-13
4128,3.6174467993,0.6508115784,23.1280957657,2026-09-13
4129,3.8285868859,0.8381925942,21.4846598421,2026-09-13
4131,4.1488016212,0.8038176552,26.6362039577,2026-09-13
4133,3.8247917857,0.6834055974,26.3960616876,2026-09-13
4134,5.6191593546,1.0565264889,32.7468243038,2026-09-13
4136,3.2593565131,0.5955696764,19.9558590447,2026-09-13
4137,4.1192363195,0.58961418,35.066411279,2026-09-13
4138,3.0137268106,0.5132395349,22.0581493057,2026-09-13
4139,4.0097837874,0.7858091966,24.5508935906,2026-09-13
4140,2.2839129639,0.4177066181,13.8453175426,2026-09-13
4142,4.4835137799,0.8460651226,26.549367961,2026-09-13
4143,4.0453421419,0.7118103598,25.0391646568,2026-09-13
4144,2.6657703838,0.4917100174,16.1286273199,2026-09-13
4145,5.9372041143,1.5615326692,24.3219080727,2026-09-13
4146,4.5060831424,0.8516513856,28.2634027891,2026-09-13
4148,3.9384738443,0.6974259085,27.2466719982,2026-09-13
4150,3.5826528446,0.5239193461,27.5852634448,2026-09-13
4151,5.9351904276,1.2850774444,30.4118668344,2026-09-13
4152,5.1591248209,0.9633952452,31.3144246177,2026-09-13
4154,4.8807979954,0.9626687411,27.467242904,2026-09-13
4155,4.5650179098,0.7646491266,31.079993348,2026-09-13
4156,4.3125524765,0.7143195121,30.4361807587,2026-09-13
4158,4.9655575646,0.8783482301,30.7102055726,2026-09-13
4159,4.7601028094,0.7929734705,31.7691104611,2026-09-13
4161,3.806869997,0.6279444066,26.470006154,2026-09-13
4162,0.0625639917,0.0130245097,0.3608763543,2026-09-13
4163,5.1661647912,0.9289622816,32.7747362425,2026-09-13
4164,4.0788088163,0.7883519507,24.3384022926,2026-09-13
4166,3.9123218253,0.5532517714,31.7347860145,2026-09-13
4167,2.9453995334,0.4742606077,20.8225126098,2026-09-13
4168,5.2041802691,0.9289497249,34.4413352365,2026-09-13
4169,4.2737965628,0.826774813,25.6819894178,2026-09-13
4171,4.5892814954,0.8866269789,25.959787301,2026-09-13
4172,4.6934480151,0.8538261109,30.6660208048,2026-09-13
4173,5.045779719,0.9888150873,29.6854644792,2026-09-13
4174,4.9018195919,0.897285802,30.9030070226,2026-09-13
4175,3.2045099989,0.4595934723,26.5154117814,2026-09-13
4176,2.9693019108,0.6070897924,18.7287919984,2026-09-13
4177,3.5209183443,0.6991024752,21.1238371494,2026-09-13
4179,4.7891038217,0.8110946538,31.2462335937,2026-09-13
4180,4.6455373894,0.7816082701,31.5004153053,2026-09-13
4181,5.0036723248,1.0470647877,27.1605375217,2026-09-13
4182,5.0498924223,0.9659688544,30.8473733426,2026-09-13
4183,0.6613183775,0.121433173,4.1395050183,2026-09-13
4184,3.6141260391,0.6013209587,24.9361202995,2026-09-13
4186,4.6475818395,0.8153297859,32.4589597414,2026-09-13
4188,3.6054232952,0.4885354112,33.795005662,2026-09-13
4189,6.5838800424,1.5320465567,33.8925762515,2026-09-13
4190,5.0422844539,0.9498966718,31.119313206,2026-09-13
4191,4.4030214121,0.7611897733,29.4724312948,2026-09-13
4193,4.5437235301,0.7994099051,31.968604253,2026-09-13
4195,2.5994808729,0.3891230657,19.7014496781,2026-09-13
4196,4.8755860951,1.0635256573,27.6440288563,2026-09-13
4197,4.6787274492,1.0063990034,24.3306632892,2026-09-13
4199,5.3170342543,0.8819874243,37.8989779774,2026-09-13
4200,3.5693389761,0.6878837604,22.3106986451,2026-09-13
4201,5.3356608698,0.9564094695,35.8229972586,2026-09-13
4202,4.0466331649,0.793649588,24.0022255063,2026-09-13
4203,3.9228886656,0.7019870059,25.2005039767,2026-09-13
4204,4.3126252131,0.9058399792,23.6643009345,2026-09-13
4205,3.9258113216,0.5682337697,31.3477409614,2026-09-13
4207,2.8134463807,0.4526376557,22.194153546,2026-09-13
4208,5.0015362262,0.8407989237,34.1207745577,2026-09-13
4209,5.0805543891,0.9319406686,30.7967957895,2026-09-13
4210,4.9394085376,0.8061177805,35.2810887787,2026-09-13
4211,3.1432973292,0.4509376752,26.1971884797,2026-09-13
4213,4.1599088894,0.842147613,23.9033127872,2026-09-13
4214,4.0143912329,0.753272078,24.1590760767,2026-09-13
4215,4.6630707998,0.8160109162,31.666167679,2026-09-13
4216,4.0616424789,0.7001160254,26.7105169463,2026-09-13
4218,4.4134334957,0.7141424897,30.6664093557,2026-09-13
4219,4.6717032243,1.1820380636,20.3411897844,2026-09-13
4220,4.1686853439,0.7266822852,26.47113298,2026-09-13
4224,3.0865517593,0.7152255556,14.5543139117,2026-09-13
4225,3.6338045605,0.6314618561,24.2842629087,2026-09-13
4226,3.362146802,0.5464192255,24.1290520964,2026-09-13
4227,3.8782285083,0.7339949297,24.8905785531,2026-09-13
4228,2.6761794068,0.4538708711,17.092369463,2026-09-13
4229,3.9258012767,0.737848393,23.4656047222,2026-09-13
4230,4.2026800285,0.7636914472,26.4810152997,2026-09-13
4231,5.1093152871,0.9757940488,28.935282118,2026-09-13
4232,4.7790155427,0.9424837939,28.1175844466,2026-09-13
4233,5.2282787207,0.9785617394,32.5654762466,2026-09-13
4234,3.6648286597,0.7552264546,20.2920231378,2026-09-13
4236,4.0513999063,0.6005337103,30.0998073898,2026-09-13
4237,4.6341307393,0.7850396471,33.2708913824,2026-09-13
4238,3.5058915625,0.5069671479,28.4514788982,2026-09-13
4239,4.1228006248,0.6808025849,30.1353361416,2026-09-13
4240,4.1046703904,0.6274039694,31.6831159038,2026-09-13
4241,4.8347646457,0.9740853374,29.8949356735,2026-09-13
4243,2.9557358169,0.6749000726,14.5804209752,2026-09-13
4244,2.1678907308,0.3289106643,16.9748069211,2026-09-13
4245,3.6852472253,0.7117801486,23.2448756946,2026-09-13
4246,4.1983556625,0.7971240825,24.3868833221,2026-09-13
4247,3.8190602178,0.6551910219,27.3689628992,2026-09-13
4248,4.2530097322,0.8760657569,23.9817141798,2026-09-13
4251,5.6732479285,1.3873963703,27.8235581852,2026-09-13
4252,4.9257252502,1.0345522723,28.1033787079,2026-09-13
4253,4.6507490069,0.8828190844,26.6797508473,2026-09-13
4254,3.3710034406,0.6095345042,21.7077919719,2026-09-13
4256,4.6538485421,0.7321334408,32.8824657165,2026-09-13
4257,3.0476806084,0.4642167317,24.103332,2026-09-13
4258,5.3251686681,1.2124203451,27.4029851577,2026-09-13
4259,4.5187201871,0.7499022149,30.3794904328,2026-09-13
4260,4.8046679507,0.9050873412,29.1948779725,2026-09-13
4261,5.3162054541,0.9805941599,33.9237373218,2026-09-13
4262,4.3137070603,0.6234235375,33.6426759099,2026-09-13
4263,4.1490478608,0.8510543909,23.0817256086,2026-09-13
4264,5.1188850225,1.1110529474,26.150129093,2026-09-13
4266,4.3992032921,0.8613488806,30.5091128237,2026-09-13
4268,0.1922138175,0.0417291894,1.0439614071,2026-09-13
4269,4.392403299,0.6547194994,32.4033146536,2026-09-13
4270,4.2054738513,0.7680461126,25.8257686137,2026-09-13
4271,1.9012911046,0.3559798243,11.5193051906,2026-09-13
4272,3.6329835843,0.6107213762,26.2254618646,2026-09-13
4273,5.5186679665,1.1680486838,30.4352298679,2026-09-13
4274,3.8630705017,0.6826065818,25.9644255798,2026-09-13
4275,3.2506689549,0.7015460966,17.2048525558,2026-09-13
4276,3.2383988825,0.6354210877,21.0937939035,2026-09-13
4277,3.6887510745,0.6734455574,23.520365055,2026-09-13
4278,3.5560884367,0.4605857711,31.0871362368,2026-09-13
4281,4.1453167115,0.7008030358,28.5271040978,2026-09-13
4283,4.1675442515,0.8655263165,24.5004651592,2026-09-13
4286,4.9800484357,0.7951781669,35.5585193904,2026-09-13
4287,4.960748945,0.8946854573,31.6744160433,2026-09-13
4288,2.7287875667,0.3755674392,25.372612096,2026-09-13
4289,3.5576675889,0.6184075002,24.1612223627,2026-09-13
4290,2.9923711844,0.4759569117,22.7532844969,2026-09-13
4292,3.7980096934,0.6242373701,28.9603144447,2026-09-13
4293,3.6296663088,0.5955327064,24.8242016147,2026-09-13
4294,2.9827473494,0.4492549818,24.7951785341,2026-09-13
4295,4.5116831233,0.683806152,36.785445133,2026-09-13
4296,4.364727372,0.6896943395,32.2859518452,2026-09-13
4297,3.5791605318,0.4809384768,32.1961187049,2026-09-13
4298,4.1128909702,0.7289055189,25.3590734307,2026-09-13
4299,2.7995374925,0.4773814435,18.5240585513,2026-09-13
4300,3.5717080545,0.6391104835,22.9217731975,2026-09-13
4301,3.6232003714,0.6913910936,22.2094095236,2026-09-13
4302,4.5681326792,0.7374461389,33.0229879965,2026-09-13
4303,3.0763230314,0.5465439239,19.7028732399,2026-09-13
4305,4.3352098782,0.688625391,33.4166985276,2026-09-13
4306,4.6414376644,0.9057465608,26.4211503052,2026-09-13
4308,5.2754736512,0.9354532716,33.8216284212,2026-09-13
4311,3.9314977341,0.7683401294,23.6527087346,2026-09-13
4313,3.6030337795,0.6354316964,24.3216296759,2026-09-13
4314,4.397500315,0.8030027953,30.0583018692,2026-09-13
4315,3.8687471537,0.6724125063,24.5131502473,2026-09-13
4317,4.2597540138,0.8499913829,24.5670440103,2026-09-13
4318,3.1856002556,0.6122038489,19.5240777962,2026-09-13
4319,5.9403486173,1.1683004618,33.4952292687,2026-09-13
4320,2.8141721105,0.4217156275,23.4271932716,2026-09-13
4323,3.7607457652,0.6280136084,27.2330886259,2026-09-13
4324,4.5215055037,0.6808725302,34.9324823905,2026-09-13
4325,3.5425137363,0.5877724275,24.2332898881,2026-09-13
4327,4.1186441224,0.8795548859,22.5986003898,2026-09-13
4329,4.18686319,0.8609767336,24.2838984407,2026-09-13
4330,4.4374610899,0.6724554671,34.536408513,2026-09-13
4331,4.2004228994,0.7345933896,29.540313123,2026-09-13
4332,3.9855926979,0.8887632928,20.9880998278,2026-09-13
4335,3.4095565637,0.4798824892,28.3185811278,2026-09-13
4336,3.4905261015,0.5410886142,26.0570125236,2026-09-13
4337,3.9954454773,0.5631505589,32.904303834,2026-09-13
4339,4.1298512051,0.7956138219,24.6182306839,2026-09-13
4340,4.3023714028,1.0452988347,19.8116483211,2026-09-13
4342,4.0778340066,0.7097830355,28.0842063674,2026-09-13
4343,5.0296086167,1.0350816709,28.6612003899,2026-09-13
4344,4.0690254764,0.7387558596,29.2862990021,2026-09-13
4345,3.6210427378,0.6138669675,24.1049136665,2026-09-13
4346,4.3388262781,0.8350353751,26.4365026385,2026-09-13
4347,4.2266072455,0.7543523854,26.9201856194,2026-09-13
4348,3.9405761154,0.6412130526,26.41975881,2026-09-13
4349,2.837783877,0.6408505809,15.1273180933,2026-09-13
4350,4.7286323626,0.6842150729,36.8961865345,2026-09-13
4351,3.227869595,0.4773186282,26.2154431684,2026-09-13
4352,4.2999075603,0.6712066194,31.2398421597,2026-09-13
4355,0.1975476025,0.0472398063,0.9556351549,2026-09-13
4356,4.7307100273,0.8399038343,30.119725757,2026-09-13
4357,5.1808317137,0.9491736577,32.1373874746,2026-09-13
4358,5.8318230273,1.3545773964,27.6966410801,2026-09-13
4359,2.8273341981,0.4397748883,22.6155223393,2026-09-13
4360,4.365313956,1.0183392034,25.7478927182,2026-09-13
4361,4.4289301428,0.7252736961,31.6126847945,2026-09-13
4362,4.9021103694,0.7702173545,35.3216744096,2026-09-13
4363,4.0857819815,0.6141111119,30.6991534171,2026-09-13
4364,3.9880454281,0.5787982338,30.8341008861,2026-09-13
4365,5.3204580696,1.0943177056,30.4157187101,2026-09-13
4366,3.4195751313,0.6094847818,22.6319181696,2026-09-13
4367,4.6073048867,1.0270362357,23.9029051842,2026-09-13
4368,4.3902101605,1.0387471654,22.0177925628,2026-09-13
4369,4.4982183132,0.7538997947,33.0791027548,2026-09-13
4370,3.6140539958,0.6454623699,24.3318818644,2026-09-13
4371,3.4831142037,0.5818267129,24.296470518,2026-09-13
4372,3.7548305557,0.6498922285,24.1837381737,2026-09-13
4373,4.6342373843,0.9219598692,26.9416804249,2026-09-13
4374,3.9460476851,0.6318659096,26.7167324432,2026-09-13
4375,4.5258880808,0.8665198733,30.6543072683,2026-09-13
4376,5.2238749792,0.8389699081,34.8421841651,2026-09-13
4377,4.9512476034,0.8463679103,34.0421014211,2026-09-13
4379,4.1256283881,0.7663952798,26.7365108862,2026-09-13
4380,4.3560431697,0.8226730242,29.4362091379,2026-09-13
4381,4.5779689901,0.8036712192,29.8733605418,2026-09-13
4382,4.8456565365,0.8694117378,31.2136026982,2026-09-13
4383,4.1619320244,0.7968720698,23.5392509513,2026-09-13
4384,4.7528895943,0.9210627278,29.7265806502,2026-09-13
4385,2.040478342,0.446715984,10.2489300944,2026-09-13
4387,4.3746870858,0.7068143551,31.2219376437,2026-09-13
4388,4.9327576746,0.8674021355,31.8044996583,2026-09-13
4389,5.0758579474,0.9817872266,30.2794684053,2026-09-13
4390,4.188118253,0.8389845501,23.8009595591,2026-09-13
4391,5.5566136771,0.9628744974,36.0793049241,2026-09-13
4393,4.0450767507,0.8954346729,20.7204692237,2026-09-13
4394,3.7138524283,0.5272120991,30.9477788157,2026-09-13
4395,3.9857090035,0.8250107513,21.8767775288,2026-09-13
4396,5.1668567571,1.0959024657,29.4664844824,2026-09-13
4397,4.6168942044,0.7007147775,35.654776253,2026-09-13
4398,4.9616778622,0.7867132564,35.8001689788,2026-09-13
4400,4.9942635283,1.05703421,26.0732170232,2026-09-13
4401,3.3580073233,0.5768336421,24.0384997363,2026-09-13
4402,4.383311192,0.7977745489,28.6893346984,2026-09-13
4403,3.8858178463,0.6286722962,29.7371271082,2026-09-13
4404,3.2947540538,0.7017861671,17.2568773307,2026-09-13
4405,3.8615948466,0.7315007214,23.337021877,2026-09-13
4406,4.4173320804,0.7255558675,30.7338244227,2026-09-13
4407,5.0202405512,0.9209418971,31.821091903,2026-09-13
4408,4.5559409927,0.8991798803,26.1740249016,2026-09-13
4409,3.9102654348,0.6820171175,25.5229142571,2026-09-13
4410,4.2457149455,0.7283230395,28.0525081583,2026-09-13
4411,4.808863854,0.9897503509,26.682576767,2026-09-13
4413,4.6043621586,0.8418853166,27.7649172442,2026-09-13
4414,3.081905654,0.590309318,19.4367806213,2026-09-13
4415,4.6763660636,0.7436085621,34.4262760708,2026-09-13
4416,4.5602430953,0.9517146464,25.3737869924,2026-09-13
4417,3.4283756651,0.7055113886,18.4418073321,2026-09-13
4418,3.3965569376,0.4391483279,31.1328417035,2026-09-13
4419,3.6075814626,0.6322109108,23.9412648563,2026-09-13
4420,4.8007256787,0.8401716386,30.7056468091,2026-09-13
4421,3.0487887496,0.7979330385,15.6559977183,2026-09-13
4422,3.0182854318,0.5366523363,19.9725101837,2026-09-13
4423,3.4047150137,0.6195763973,23.0587828489,2026-09-13
4424,4.923491991,0.8632886193,31.8971063205,2026-09-13
4425,2.2391754696,0.4173655717,13.4838240752,2026-09-13
4427,4.6527651497,0.7470427262,33.6947219184,2026-09-13
4428,3.8458363833,0.5474595964,32.172673799,2026-09-13
4429,4.6029868034,0.8988090474,26.8223404757,2026-09-13
4430,4.807835948,0.7964514272,32.2735017158,2026-09-13
4431,3.5916820668,0.6803326856,23.9045032538,2026-09-13
4432,3.7275246913,0.5926190565,28.3999521774,2026-09-13
4433,5.8194463442,1.1938589753,32.4142009524,2026-09-13
4434,4.3158718813,0.7769058192,26.3198527904,2026-09-13
4435,5.4088076712,1.1186492438,30.2112747031,2026-09-13
4436,4.5442112877,0.7913319278,28.9230375606,2026-09-13
4437,5.3326999445,0.9522620887,33.468575199,2026-09-13
4438,3.5216910279,0.4881012633,32.505482269,2026-09-13
4439,2.877407814,0.5498692208,16.6605891139,2026-09-13
4440,4.4097966505,0.9441412928,24.5391902097,2026-09-13
4441,4.213298637,0.583882233,36.6468942743,2026-09-13
4442,3.7437988898,0.7797231713,20.8547100906,2026-09-13
4443,4.900262876,1.0114077959,26.4403441318,2026-09-13
4444,3.1346262798,0.4652223436,24.7323183843,2026-09-13
4445,3.6028439442,0.5700872962,28.8937464527,2026-09-13
4446,4.0220848211,0.5981383209,30.6693022308,2026-09-13
4447,5.2106155736,1.1187585272,28.4171078673,2026-09-13
4448,4.9117276561,0.8487391099,33.7198691305,2026-09-13
4449,4.7068753158,0.9530060895,28.2354419067,2026-09-13
4450,5.357887643,1.0831862831,31.0594091592,2026-09-13
4451,3.5484303658,0.6015758731,25.7916366663,2026-09-13
4452,5.2121210608,0.9950464846,31.6348549063,2026-09-13
4456,3.1575719885,0.5513924912,20.1950939647,2026-09-13
4457,2.6051201663,0.4826071383,16.0828086614,2026-09-13
4458,4.4499293376,0.7527440686,29.7124015116,2026-09-13
4459,2.545043655,0.3880815968,18.0649082098,2026-09-13
4460,4.6990188073,0.865432271,33.3785151383,2026-09-13
4461,4.410894935,0.8106470792,28.8699888295,2026-09-13
4462,3.151213157,0.5818594251,19.7953976058,2026-09-13
4463,3.8635008566,0.6407688374,25.2737975864,2026-09-13
4464,4.7785411357,1.0587809771,24.4343721493,2026-09-13
4465,4.7597224172,1.0858762922,25.2459492029,2026-09-13
4466,4.3575991097,0.7950049593,26.970481128,2026-09-13
4467,4.3241808369,0.6977295559,29.562848776,2026-09-13
4468,4.122211061,0.7708728192,25.8656744626,2026-09-13
4469,4.6153921031,0.9371318785,25.8116299438,2026-09-13
4470,3.7032768804,0.5532104743,29.3602269475,2026-09-13
4471,4.9672161548,0.900354441,34.3670866067,2026-09-13
4472,3.4199605343,0.5252702952,26.0311403126,2026-09-13
4473,2.2062075634,0.3924832006,14.878831312,2026-09-13
4474,3.4843266096,0.6958107593,20.2592480582,2026-09-13
4475,4.8791792389,0.7764340791,35.0732873109,2026-09-13
4477,3.9012378578,0.6056729283,28.6004162655,2026-09-13
4478,3.9221780465,0.6640996411,27.165501597,2026-09-13
4479,3.2807270313,0.6796058358,17.4818894202,2026-09-13
4482,4.392424182,0.7519954841,29.1151085406,2026-09-13
4483,4.7791603033,0.7284761733,35.8195852528,2026-09-13
4484,5.8906464667,1.6150504411,29.6119226603,2026-09-13
4485,2.7350044688,0.5872746144,17.0478425751,2026-09-13
4486,4.8353137296,0.9502599337,29.0857057956,2026-09-13
4487,3.8701223779,0.8374706194,20.5941772027,2026-09-13
4488,3.1578376448,0.5232503582,22.1311751617,2026-09-13
4489,3.9854777784,0.7098405403,27.168316171,2026-09-13
4491,5.3140720652,1.1964175491,27.1767707869,2026-09-13
4492,0.0107008337,0.0023282152,0.0654845544,2026-09-13
4494,3.6171103535,0.5936528632,25.4078914914,2026-09-13
4495,3.5265087067,0.6272187566,22.9387606729,2026-09-13
4496,4.8022227374,0.9107713228,30.5039642168,2026-09-13
4497,3.9921661037,0.6233951689,29.5878586394,2026-09-13
4498,3.8371682194,0.7976804087,21.5138113225,2026-09-13
4499,4.2880863311,0.9190273052,23.2641667595,2026-09-13
4500,2.7582655777,0.3884117749,22.9418986179,2026-09-13
4501,4.348340204,0.9039976799,28.4972960398,2026-09-13
4502,5.68546302,0.9822681598,39.4925851847,2026-09-13
4503,4.3980859147,0.6138183055,36.3829073167,2026-09-13
4504,3.6559763935,0.5492273013,28.0233130473,2026-09-13
4505,4.4322152906,0.8166358484,28.1837495387,2026-09-13
4506,3.7718873922,0.5358047202,29.5355588604,2026-09-13
4508,2.5085337765,0.5292902966,13.8486257436,2026-09-13
4509,5.0297383659,0.9994048359,29.0383198502,2026-09-13
4510,2.6160883715,0.6828624937,11.0806830315,2026-09-13
4511,3.7600026914,0.6853900698,23.8263693274,2026-09-13
4512,5.2230878951,0.8572439205,35.4663413072,2026-09-13
4513,5.125192043,1.028421096,31.4806497931,2026-09-13
4514,6.4718383441,1.3791168364,34.7153960847,2026-09-13
4515,6.0404470241,1.0993446626,36.6160763258,2026-09-13
4516,1.4739476747,0.2511950431,9.9269019946,2026-09-13
4518,3.8876644181,0.8761926501,19.1976957473,2026-09-13
4519,0.0929583554,0.0182679205,0.5570870625,2026-09-13
4520,4.596083118,0.8600888353,28.3188521469,2026-09-13
4521,5.0229400318,1.1716264294,26.7940423773,2026-09-13
4522,3.6175339541,0.588854853,25.4049691556,2026-09-13
4523,4.306829649,0.7849976911,26.3128310652,2026-09-13
4524,3.1298395807,0.5275486575,20.6695720448,2026-09-13
4525,3.5007397083,0.6257060863,22.6301124861,2026-09-13
4526,3.7938872943,0.6206054806,27.8003323164,2026-09-13
4527,4.2029318164,0.8355667653,24.3106567073,2026-09-13
4528,3.9410739889,0.6960144851,25.8550113022,2026-09-13
4529,3.4482850822,0.4903414375,28.0941517358,2026-09-13
4530,4.0361258665,0.652306786,29.2889512314,2026-09-13
4531,5.1179102933,0.8740772802,34.8084154563,2026-09-13
4532,3.5811987349,0.6254045067,24.1213679014,2026-09-13
4533,3.3350285308,0.6127633784,20.7324656608,2026-09-13
4534,2.6441012109,0.5811764893,13.7568251372,2026-09-13
4535,3.3923436513,0.675362673,19.5475439237,2026-09-13
4536,4.8025614116,0.8406611646,32.806438766,2026-09-13
4537,5.1488803084,0.8420606381,36.4192465941,2026-09-13
4538,2.0466609807,0.4099486925,11.6584573897,2026-09-13
4539,4.1415384191,0.6001202493,31.6290419487,2026-09-13
4540,3.307338391,0.5584379885,26.0739689292,2026-09-13
4543,5.6336448483,1.0452197865,35.6494234904,2026-09-13
4544,5.493195432,1.1538001694,29.5960253637,2026-09-13
4545,3.9795291921,0.6743618816,29.2351524318,2026-09-13
4546,4.5383078167,0.7833694021,29.5344221605,2026-09-13
4547,4.6164293254,0.7740613076,32.9961786301,2026-09-13
4548,2.8394646541,0.7336054236,11.6319748001,2026-09-13
4549,4.6086742279,0.9216943004,25.4234242226,2026-09-13
4550,3.895751895,0.6725201595,25.5189822145,2026-09-13
4551,5.5848326685,1.206069632,32.358053909,2026-09-13
4552,3.6013175865,0.6697404612,23.2474414678,2026-09-13
4553,3.9373133298,0.6725666634,25.1241490873,2026-09-13
4555,4.6113702365,0.8962726021,26.6252873422,2026-09-13
4556,3.5315219467,0.607001964,23.3808090323,2026-09-13
4557,4.2933950306,0.8699014494,23.9798446944,2026-09-13
4558,2.5869611354,0.5407442747,14.1694124279,2026-09-13
4560,1.9586885974,0.3311503366,13.322713028,2026-09-13
4561,3.8474670521,1.1374389618,15.6604947764,2026-09-13
4562,5.7584850248,1.1439439689,33.1306576421,2026-09-13
4563,3.7167244969,0.784363612,21.3450530641,2026-09-13
4564,4.75376587,0.8433490796,29.241671646,2026-09-13
4565,4.2902278162,0.7801135513,28.0607240929,2026-09-13
4566,3.1222865621,0.5034557537,23.4550720531,2026-09-13
4567,5.1634935666,1.3460997572,22.3587381615,2026-09-13
4568,2.6256251862,0.3799131546,20.5816329871,2026-09-13
4569,2.4750552256,0.4788635391,14.5620540943,2026-09-13
4570,4.4866032693,0.7681565623,29.4801257401,2026-09-13
4571,3.7632596583,0.6632283701,27.5714278606,2026-09-13
4572,4.4726112605,0.775897797,30.5922095977,2026-09-13
4573,2.5141328022,0.429970025,16.9459997525,2026-09-13
4574,6.0623352953,1.2792145395,32.3735201108,2026-09-13
4575,3.827254817,0.6646573891,23.964055829,2026-09-13
4578,5.3083723439,1.0074472648,33.2885643876,2026-09-13
4579,4.0090731571,0.6758068277,27.9035523665,2026-09-13
4580,4.2900894903,0.7534834543,27.1255909717,2026-09-13
4581,4.5395848498,0.7453344651,32.266256777,2026-09-13
4583,4.5843783396,0.814084181,30.1570837065,2026-09-13
4584,3.0143981087,0.4286545372,25.0246241491,2026-09-13
4586,3.8432820115,0.5209125137,33.1330615599,2026-09-13
4587,5.3791184353,1.2572818826,29.3166063834,2026-09-13
4588,4.3538689292,0.6873740674,32.4946029285,2026-09-13
4589,3.4798717379,0.6031472614,23.7578773614,2026-09-13
4590,2.8672151674,0.4907056066,18.8033791345,2026-09-13
4592,3.6212091135,0.6689116008,22.8676723936,2026-09-13
4593,4.5267096506,0.7677315736,31.1293839272,2026-09-13
4594,4.0987642255,0.6455176654,30.3391337143,2026-09-13
4596,3.4537230493,0.5813450914,23.1241675422,2026-09-13
4598,4.197504328,0.7147514462,30.7486798153,2026-09-13
4600,3.4038043451,0.6406255918,21.3188834348,2026-09-13
4601,3.9368698864,0.5793880041,33.228041588,2026-09-13
4603,4.0030502758,0.7085069484,25.1696191841,2026-09-13
4604,4.3816961845,0.697363561,31.4485414237,2026-09-13
4607,4.5930611359,0.8631669314,30.3183329397,2026-09-13
4608,6.1893520779,1.1211697408,41.056242404,2026-09-13
4610,4.0644038552,0.8674141932,24.6922889846,2026-09-13
4611,4.4087738086,0.7512282291,33.577286307,2026-09-13
4614,2.6412716246,0.4326981118,19.5435539605,2026-09-13
4615,4.3602504718,0.8967528924,24.1997247831,2026-09-13
4618,3.0804128497,0.5958577242,17.6440278319,2026-09-13
4619,4.2491591203,0.8513977416,29.3587552745,2026-09-13
4623,5.0134037555,0.9171778329,32.2586916923,2026-09-13
4624,4.7071502661,0.9270916766,30.1520676572,2026-09-13
4625,2.8663984811,0.5076557606,19.1752305438,2026-09-13
4626,4.625968553,1.0473948236,24.173400435,2026-09-13
4627,4.246503927,0.7113304761,28.8961106597,2026-09-13
4630,3.743645864,0.6975429311,21.5333856472,2026-09-13
4631,3.996869223,0.7547477449,24.8906754982,2026-09-13
4632,4.1488217156,0.8071237474,24.6984765755,2026-09-13
4633,4.821707491,0.8409478231,30.4881530616,2026-09-13
4635,3.0206134523,0.4832755706,24.5679618436,2026-09-13
4636,3.5383857258,0.7488452981,19.0134777304,2026-09-13
4637,3.6104799034,0.6568813156,22.4236991684,2026-09-13
4638,5.0700721347,0.9988239319,29.1497527719,2026-09-13
4639,4.1969059031,0.7869408307,27.0600587354,2026-09-13
4640,5.1169439863,0.9548064758,32.1100671785,2026-09-13
4641,0.587497159,0.13114002,3.0842111356,2026-09-13
4642,5.2639021423,0.9370993375,33.1080342116,2026-09-13
4643,4.2701440111,0.6877346105,30.1757946712,2026-09-13
4644,4.5119296796,0.709829726,31.5807387556,2026-09-13
4645,4.6637489119,0.7587182429,33.6295564205,2026-09-13
4648,2.6990466161,0.4075127847,21.0136931376,2026-09-13
4649,4.0392418226,0.599407402,32.3505899348,2026-09-13
4650,3.6982097488,0.6774489005,23.0502226529,2026-09-13
4651,3.0233614308,0.5879877952,18.7783833141,2026-09-13
4652,4.2745392751,0.9602598014,24.3408328308,2026-09-13
4653,0.324631132,0.050995295,2.3642422121,2026-09-13
4654,2.9876134907,0.4972340218,21.1431502445,2026-09-13
4656,4.31876214,0.6937211067,29.7298187263,2026-09-13
4659,4.495025716,0.779860795,30.5438141415,2026-09-13
4660,2.1827338625,0.5132144147,10.7560591654,2026-09-13
4661,6.0593951658,1.2057745405,35.6616237217,2026-09-13
4663,2.0997317836,0.3564492699,13.9910957864,2026-09-13
4664,4.2469955821,0.8896116234,22.3083691491,2026-09-13
4665,3.5011920147,0.6594234028,22.7782089119,2026-09-13
4666,3.7026592256,0.6281841343,25.621046797,2026-09-13
4669,3.8227963543,0.6935018246,24.806794979,2026-09-13
4672,4.5909686643,0.8408644607,27.9080562134,2026-09-13
4674,3.7110601501,0.5802509501,26.5117607607,2026-09-13
4675,2.5200752754,0.3305716294,23.440586511,2026-09-13
4676,2.7805442787,0.5214755829,17.4528030059,2026-09-13
4677,4.851691373,0.7679464204,34.2785695168,2026-09-13
4678,3.6619041809,0.7255435232,20.2429199209,2026-09-13
4679,4.2212760559,0.7463896378,27.4648400297,2026-09-13
4680,6.1607681988,1.3164702154,33.2699844623,2026-09-13
4681,0.2534706512,0.048349283,1.584428548,2026-09-13
4682,4.722981432,0.7219786694,33.7905300801,2026-09-13
4683,1.9687088825,0.3380883385,14.2915995901,2026-09-13
4684,3.3238545398,0.4603574527,28.6571929392,2026-09-13
4685,3.4041646729,0.5485134433,24.0296567904,2026-09-13
4686,3.480521245,0.4884802228,29.9671485627,2026-09-13
4688,4.9608845175,0.7838440191,36.0512981045,2026-09-13
4689,3.9566003808,0.7447441618,24.2559997322,2026-09-13
4690,3.1818431793,0.6912852127,18.2401490465,2026-09-13
4691,0.1989897247,0.0358863601,1.348807973,2026-09-13
4692,3.4313041772,0.6214269949,22.5995943233,2026-09-13
4693,4.9772759211,1.0288683308,26.1076874043,2026-09-13
4694,3.7511980446,0.7161626101,23.2298708931,2026-09-13
4695,4.2686900551,0.7020664554,29.5824536377,2026-09-13
4697,4.3850556821,0.882084589,26.1346346244,2026-09-13
4700,4.7580645135,0.8775841459,30.4612008106,2026-09-13
4702,3.0551470778,0.4857130492,22.3665800625,2026-09-13
4703,3.9954797601,0.6624271763,28.694903367,2026-09-13
4704,4.6062611567,0.6816887418,36.344961746,2026-09-13
4705,3.150888645,0.639336113,18.7862277902,2026-09-13
4706,4.8014728689,1.0336744825,24.942562701,2026-09-13
4708,4.3375858203,0.9378562456,22.4460808403,2026-09-13
4709,4.1720495082,0.7958509082,23.9590673072,2026-09-13
4710,4.0224182583,0.621002194,31.9479619541,2026-09-13
4711,3.5829796335,0.6534909802,24.9647057406,2026-09-13
4713,3.8301142996,0.5262649295,33.2928992598,2026-09-13
4714,4.3484285961,0.8126734891,27.7219248019,2026-09-13
4715,3.9995459465,0.6042036792,31.7040944581,2026-09-13
4718,4.3323408678,0.9156758185,23.660001518,2026-09-13
4719,3.8424669389,0.5482069676,30.493219075,2026-09-13
4720,4.3378591785,1.074203704,22.0163616796,2026-09-13
4723,2.9804762988,0.6412918226,18.2026183234,2026-09-13
4724,3.5274490664,0.8109286869,19.3023372503,2026-09-13
4725,4.3688544768,0.8312456971,27.2603955461,2026-09-13
4726,0.6096514692,0.1136829651,3.4114997791,2026-09-13
4727,3.3499036549,0.5647726955,23.973407185,2026-09-13
4728,5.2239781051,1.1659767043,25.1038931082,2026-09-13
4729,3.9696790128,0.7702512417,23.1108236702,2026-09-13
4730,3.6311017499,0.6175720194,25.1222437979,2026-09-13
4731,4.0208911094,0.7978169145,22.785636121,2026-09-13
4732,4.0438824479,0.5866205078,33.8077851524,2026-09-13
4733,3.3319012057,0.4912128921,25.4233955555,2026-09-13
4734,4.140804294,0.7054521642,27.5255687899,2026-09-13
4735,3.3085127724,0.6325663572,22.7608862498,2026-09-13
4736,4.0029429873,0.5745806492,32.0894379173,2026-09-13
4737,4.8747651643,0.9913900642,27.6891710762,2026-09-13
4738,5.235283277,0.9089512572,33.7514598139,2026-09-13
4739,5.16794386,0.8482405721,36.1539493893,2026-09-13
4740,3.7404037575,0.726683751,21.0708051084,2026-09-13
4743,4.8165607291,0.7447093258,37.4044363102,2026-09-13
4744,4.5875327751,0.9871945058,23.5402195359,2026-09-13
4746,3.8532010784,0.7838652178,23.3504656936,2026-09-13
4747,2.5354154541,0.5388371321,12.6767547966,2026-09-13
4748,2.2218409954,0.4101061078,14.5935400463,2026-09-13
4750,3.972136481,0.7398486198,24.6760105788,2026-09-13
4752,3.6263980382,0.6586276371,23.6694398376,2026-09-13
4753,1.0876022948,0.1992124077,6.9920600834,2026-09-13
4754,5.7979381979,1.006203397,35.8904021665,2026-09-13
4757,4.0078047392,0.6348163046,30.7648830463,2026-09-13
4758,0.009151443,0.001886307,0.0558050703,2026-09-13
4759,5.3851345283,0.8708202395,37.7550241156,2026-09-13
4760,4.5267474812,0.684481935,34.504784033,2026-09-13
4761,3.4840031952,0.4920083697,28.4499749517,2026-09-13
4762,4.0966715555,0.6151229052,33.0437255969,2026-09-13
4764,2.8698790742,0.5817781003,16.8202700813,2026-09-13
4765,2.2586303401,0.3283154537,16.7528574618,2026-09-13
4766,2.6199090921,0.4066989695,20.7278672745,2026-09-13
4769,2.2418503934,0.3047577202,19.4470089605,2026-09-13
4771,3.8828402375,0.6013371712,29.116401218,2026-09-13
4772,3.4517364982,0.4495368758,31.193430353,2026-09-13
4773,4.3833357248,0.861172977,24.4638705544,2026-09-13
4775,3.2230761328,0.5472701236,25.189960405,2026-09-13
4776,4.2592794125,0.7565593993,28.7415509903,2026-09-13
4778,2.6158197603,0.4726519704,16.427167104,2026-09-13
4779,3.6411611521,0.628085406,25.6045472283,2026-09-13
4781,2.7765875373,0.622176586,14.9511713429,2026-09-13
4782,3.7416905333,0.9223942193,18.5973529873,2026-09-13
4784,2.7001965144,0.6093393639,14.1971702146,2026-09-13
4785,4.2392515208,0.9869021087,21.325412466,2026-09-13
4786,4.0991943932,0.7066766495,31.2837899121,2026-09-13
4787,3.4784423467,0.4996454843,28.7547902724,2026-09-13
4788,4.6390974794,0.7652324667,35.0690882675,2026-09-13
4789,3.7071203042,0.714982965,24.819666088,2026-09-13
4790,4.0783763243,0.7940246518,24.2373661391,2026-09-13
4791,4.9698623903,0.9680321135,29.2262788088,2026-09-13
4792,2.028113333,0.4567165095,10.6776348334,2026-09-13
4793,3.5591930557,0.4806026805,31.2667121116,2026-09-13
4794,4.4222516832,0.7285485299,30.4157353332,2026-09-13
4796,5.3494695042,0.9348118029,35.8862345533,2026-09-13
4797,6.0956593131,1.3846545088,30.6725226049,2026-09-13
4798,3.5374021637,0.476015952,33.4223045718,2026-09-13
4803,3.5631571122,0.7327092823,19.6543243393,2026-09-13
4804,5.6796342357,1.0588559956,34.0993813606,2026-09-13
4808,5.6954650477,1.1195056353,34.0078669633,2026-09-13
4809,4.249174601,0.7422824468,27.9284195264,2026-09-13
4811,4.1936207973,0.7500179267,26.9303983321,2026-09-13
4812,4.0912366956,0.6453557945,33.0020097098,2026-09-13
4813,3.2959717826,0.7785674799,15.4829719132,2026-09-13
4815,3.481324572,0.7205713386,19.6773140792,2026-09-13
4816,4.6467934484,0.8582698431,32.0931833972,2026-09-13
4817,3.3173165082,0.5754730697,24.3696120072,2026-09-13
4818,1.168633145,0.198119919,8.6709707383,2026-09-13
4819,2.192391535,0.4171352211,13.2598905062,2026-09-13
4821,4.0342196567,0.7439606784,24.7171159941,2026-09-13
4822,4.3641797369,0.7563924157,29.6980847564,2026-09-13
4823,2.7353795812,0.4498182491,18.8538136449,2026-09-13
4824,3.513013401,0.5207935628,28.0734331297,2026-09-13
4825,4.1446243746,0.6297339189,32.4759011395,2026-09-13
4826,4.5094285686,0.6907306447,33.823624326,2026-09-13
4828,5.1975958167,0.9592262955,32.0535539798,2026-09-13
4831,3.8136844424,0.5767441883,27.8066890406,2026-09-13
4832,5.3097629011,1.0315938738,33.263550554,2026-09-13
4834,5.377887624,0.9449355215,36.4041747274,2026-09-13
4835,3.6612801383,0.5701354625,25.9821186002,2026-09-13
4836,4.4972386012,0.9565080776,26.8031805792,2026-09-13
4837,3.230676687,0.565871848,21.6280575618,2026-09-13
4839,4.7084563602,0.7956564372,35.2830025395,2026-09-13
4840,5.1851870315,1.0582513649,30.192396208,2026-09-13
4842,4.5611062778,0.8314258918,28.1761481759,2026-09-13
4843,4.0480089544,0.7955807529,23.5770131526,2026-09-13
4844,4.3315434956,0.8463033961,25.905068732,2026-09-13
4845,5.0854383107,1.0543757642,27.025387021,2026-09-13
4846,4.2308094785,0.8712162872,22.966327824,2026-09-13
4847,3.8831833783,0.5845829839,31.9960376163,2026-09-13
4848,5.1439732587,0.9173842432,35.5788281736,2026-09-13
4850,3.370975166,0.4288070826,33.4728584624,2026-09-13
4851,3.9709832556,0.5672398025,31.9704065168,2026-09-13
4852,4.9023226661,0.7903370105,34.8467653474,2026-09-13
4853,6.5101765249,1.473943964,33.4239804614,2026-09-13
4854,2.8603090495,0.5805066263,15.8584015474,2026-09-13
4856,4.9587587883,0.7812558337,36.1032104438,2026-09-13
4857,4.418420641,0.7056003989,32.9889593772,2026-09-13
4861,4.3141253901,0.710418481,31.6839547567,2026-09-13
4863,3.6054462585,0.6954444917,21.5607202098,2026-09-13
4864,2.9514540757,0.5930583512,17.64352268,2026-09-13
4865,1.7085821632,0.3526515908,9.6552922506,2026-09-13
4866,4.1576632622,0.8071207316,24.034908983,2026-09-13
4871,3.6673132001,0.7477919459,20.120933551,2026-09-13
4872,3.2125292672,0.7231753121,16.5268064007,2026-09-13
4873,6.6323637625,1.3719727803,37.42104048,2026-09-13
4874,3.3212557442,0.6783627669,19.386528722,2026-09-13
4875,4.2913662262,0.7906822602,27.5407843626,2026-09-13
4876,4.5225521073,0.7804547837,29.2482493756,2026-09-13
4877,3.5912644057,0.5789726193,25.8545523014,2026-09-13
4878,4.3929532483,0.8575855469,25.9445928346,2026-09-13
4879,4.5877415461,0.9067567659,26.7740241362,2026-09-13
4880,4.3160880659,0.7682697043,27.6354737367,2026-09-13
4882,2.9535608083,0.59385236,17.4210883067,2026-09-13
4883,4.6877031814,0.7894864817,32.7390493442,2026-09-13
4884,0.0097854295,0.0014895628,0.0778390178,2026-09-13
4885,3.767908439,0.5963608441,29.1128125921,2026-09-13
4886,3.781160898,0.6644653652,27.9939775364,2026-09-13
4887,2.5133580274,0.4142718874,16.8402466208,2026-09-13
4888,4.4400799953,0.8081274547,27.8213607739,2026-09-13
4889,0.3767659049,0.0708206584,2.3801581935,2026-09-13
4890,3.7374787332,0.6215001366,26.8781441989,2026-09-13
4891,3.9190348371,0.6790364382,26.2682182248,2026-09-13
4892,4.2742094776,0.7922199415,25.8186792948,2026-09-13
4893,3.4770202567,0.5629987689,27.0881105867,2026-09-13
4894,3.7759132164,0.6790772778,23.4674187032,2026-09-13
4895,4.3405334939,0.7578319277,30.8396678946,2026-09-13
4896,4.4004924491,1.0397585987,22.7231184194,2026-09-13
4897,3.4131047261,0.6813387135,19.8215066605,2026-09-13
4898,3.5276533292,0.6721750917,24.4978714515,2026-09-13
4899,3.4248548174,0.7000180023,22.0402862061,2026-09-13
4900,4.6647816725,0.835086544,30.3868316027,2026-09-13
4901,5.1681032131,0.9325695642,32.2215651325,2026-09-13
4902,5.3763989215,1.1006723096,28.3815091802,2026-09-13
4903,2.8067252702,0.5026810096,17.8501484194,2026-09-13
4904,5.9227972353,1.1420028424,35.4737386253,2026-09-13
4905,5.3525910509,1.0851829292,28.7708944703,2026-09-13
4906,3.9274465515,0.6790939932,25.8670031981,2026-09-13
4907,3.7215801378,0.514307752,28.5476571898,2026-09-13
4908,4.0267686091,0.6218643663,31.543640665,2026-09-13
4909,3.3953014515,0.6035502803,21.2768680114,2026-09-13
4910,4.7952887793,0.7925127002,34.8848267234,2026-09-13
4911,2.8976811769,0.5336555277,17.8842222309,2026-09-13
4914,3.2396651292,0.5120124093,23.1248771308,2026-09-13
4917,3.0209867313,0.4692648607,23.0174947973,2026-09-13
4918,3.1457653202,0.6423099847,19.1768530179,2026-09-13
4919,1.9115482541,0.2968093324,13.8001794933,2026-09-13
4924,5.1479442431,1.0523269169,28.1436577336,2026-09-13
4925,3.24240767,0.452317204,26.4178810391,2026-09-13
4926,2.0650804428,0.303357094,15.6354649478,2026-09-13
4927,4.7020529044,0.7599155194,32.5062617395,2026-09-13
4928,3.7174518722,0.6443691107,27.038052813,2026-09-13
4930,4.097223519,0.6341209798,32.5987843575,2026-09-13
4931,4.9611802874,0.7499862172,38.1209060253,2026-09-13
4932,4.2655995058,0.7702572605,28.5049396576,2026-09-13
4933,3.8889752247,0.5470386,32.0487936432,2026-09-13
4934,4.5647880383,0.851615999,27.4497398642,2026-09-13
4936,3.9885255118,0.8629413305,22.5275645966,2026-09-13
4938,4.8947308791,0.7915487464,35.007143121,2026-09-13
4939,3.6726708804,0.5160827834,30.5126646026,2026-09-13
4940,2.4298689046,0.4658021648,15.6379595889,2026-09-13
4941,5.7438211064,1.2711789107,28.2467205401,2026-09-13
4942,4.0460558461,0.7269309499,25.870692469,2026-09-13
4943,3.5371674548,0.610801156,24.9469045476,2026-09-13
4944,4.1183932327,0.682357066,28.2199107657,2026-09-13
4945,3.4564195775,0.6656608644,19.469430635,2026-09-13
4947,3.5325540486,0.7426126564,18.9773509698,2026-09-13
4948,3.2980403076,0.5434137514,22.0639655312,2026-09-13
4949,4.0103059367,0.7423818373,25.8845019862,2026-09-13
4950,4.4706290003,0.7251930791,31.2533668648,2026-09-13
4951,3.1124080775,0.5200753322,21.6327943819,2026-09-13
4952,4.0238157015,0.8212851126,23.4178024563,2026-09-13
4953,5.4805399812,0.9173354524,36.6771154296,2026-09-13
4954,1.9528771095,0.3382959728,13.3334333196,2026-09-13
4956,0.1896408888,0.0425332789,1.0169305847,2026-09-13
4957,3.9435718604,0.6889632017,26.1313657696,2026-09-13
4958,5.0819455565,0.8810900753,33.1417948724,2026-09-13
4959,4.1897637802,0.6250756641,31.9724853954,2026-09-13
4960,4.1325739528,0.5996879695,34.686458528,2026-09-13
4961,4.0956172664,0.6924119423,30.3160209565,2026-09-13
4962,4.5449651225,0.7613997442,30.9861089828,2026-09-13
4963,3.0954917444,0.5136306221,21.6557052387,2026-09-13
4964,3.4531818118,0.5655007588,24.4267808552,2026-09-13
4965,4.0239201512,0.7653114951,26.1567746546,2026-09-13
4966,3.980334691,0.719896476,25.632227052,2026-09-13
4967,4.4990854396,0.7431010654,31.972291807,2026-09-13
4969,4.7742684052,1.059348308,26.6787292043,2026-09-13
4973,3.7795742782,0.7634361885,20.7388493338,2026-09-13
4974,5.5523942558,0.9634849201,35.2639113987,2026-09-13
4976,4.7023638964,1.0210102403,25.418992587,2026-09-13
4977,5.0133645135,0.9454254994,31.8355962263,2026-09-13
4978,4.0213079563,0.8447642697,23.2331848958,2026-09-13
4979,4.5593953892,0.9337602639,26.6228873531,2026-09-13
4980,4.2032784788,0.6642350467,30.7782143857,2026-09-13
4981,5.2291195243,1.0590760164,28.8138554595,2026-09-13
4982,4.2773691222,0.8604726968,23.9880688892,2026-09-13
4983,4.4975832238,0.7762271049,29.5936196372,2026-09-13
4984,5.0512481121,1.2059303782,25.8196360553,2026-09-13
4985,3.7887021034,0.613203251,27.5563059796,2026-09-13
4987,3.5308072412,0.6421404696,21.8032013406,2026-09-13
4988,2.5062961226,0.3943798744,19.2911692097,2026-09-13
4989,2.5244736358,0.4370610772,17.205012592,2026-09-13
4990,2.6711796819,0.7116195701,12.3497806129,2026-09-13
4991,4.6509830461,0.8821448336,27.5716469806,2026-09-13
4992,3.3509276248,0.5488961444,22.578904397,2026-09-13
4994,5.4371719328,1.0850279311,31.1336171932,2026-09-13
4995,3.2473839508,0.6129420886,18.7788563834,2026-09-13
4997,1.9961436593,0.5089862729,9.9220872986,2026-09-13
4998,2.44632087,0.3309941419,23.3777625388,2026-09-13
5000,2.7293063962,0.4290131826,20.9220043447,2026-09-13
5002,3.5389725095,0.6571832963,22.6409283293,2026-09-13
5003,4.729210586,1.1987831068,28.9176658783,2026-09-13
5004,4.4656886402,0.8423096069,28.1514589745,2026-09-13
5005,4.7579080376,0.8802913328,32.4615471862,2026-09-13
5006,4.410981365,0.9125437546,24.6621488279,2026-09-13
5007,3.6872689103,0.8305651421,20.4356207086,2026-09-13
5008,2.9830458413,0.4321859776,24.113166502,2026-09-13
5009,3.7138660492,0.8073130624,19.4585222742,2026-09-13
5010,3.7188303284,0.6045376827,26.4379875604,2026-09-13
5011,3.9140600818,0.7254059946,25.0462403451,2026-09-13
5012,3.6938679096,0.698364913,23.5894277701,2026-09-13
5013,2.2018902916,0.3550807394,16.5283247296,2026-09-13
5014,2.8937856707,0.5333031285,17.4823326835,2026-09-13
5015,4.3164743416,0.6039403316,34.7651803112,2026-09-13
5016,4.064285331,0.6677027477,30.7786673908,2026-09-13
5017,4.6873471043,0.7503045429,36.7598775408,2026-09-13
5018,5.2815741625,0.8624692677,37.2658565813,2026-09-13
5019,0.4252365697,0.0729774156,3.1110604898,2026-09-13
5020,4.1742134133,0.8885245216,24.3949136014,2026-09-13
5022,3.4599636488,0.6321867344,21.6176659325,2026-09-13
5023,4.7173675907,0.9361084539,28.3638002308,2026-09-13
5026,5.3913257876,1.1046269777,33.4382486713,2026-09-13
5027,1.7095828884,0.3291334158,10.0536840901,2026-09-13
5028,5.5645013083,1.006111238,40.3323088993,2026-09-13
5029,4.9073674496,0.7807539721,36.4698948321,2026-09-13
5031,3.4183908561,0.6221320721,23.3973610563,2026-09-13
5032,4.4549214942,0.8078309253,29.3612567187,2026-09-13
5033,4.7435738159,1.0273635565,25.4082267747,2026-09-13
5034,4.5889724792,0.6955725013,37.6032941059,2026-09-13
5035,4.989239381,0.8885501031,33.3266358286,2026-09-13
5036,4.5123328208,0.6640129979,36.8333288517,2026-09-13
5037,4.066862553,0.7856482407,24.0474688933,2026-09-13
5038,4.529247442,0.7519169682,32.9338249167,2026-09-13
5039,2.342998192,0.4791448325,13.4650504886,2026-09-13
5041,4.6246990064,1.0435304368,24.020920657,2026-09-13
5042,3.6320913139,0.5747285995,26.0589567203,2026-09-13
5043,4.0841911684,0.6128578646,31.5318991729,2026-09-13
5044,2.5923863802,0.4381459192,18.8109219961,2026-09-13
5045,3.9363154271,0.874763296,20.0097998214,2026-09-13
5046,2.9649915032,0.6588697661,14.8615120745,2026-09-13
5047,5.0639248573,1.0628467155,30.8376261866,2026-09-13
5048,4.6102213336,1.0300833472,25.5192029296,2026-09-13
5049,3.1487708119,0.56994998,19.9175217831,2026-09-13
5050,3.9333267707,0.6207873902,28.6323928232,2026-09-13
5051,3.3280000669,0.5315562471,25.5901399664,2026-09-13
5052,2.9528683267,0.6039543827,18.7402133664,2026-09-13
5053,4.7216308947,0.9807784023,25.9327357377,2026-09-13
5054,2.4889479898,0.393026604,19.771409377,2026-09-13
5055,2.8605596781,0.4782819515,21.6194293609,2026-09-13
5056,2.7934527528,0.477651554,18.5847724098,2026-09-13
5057,3.8083232728,0.6876716755,24.3416645003,2026-09-13
5058,6.026764352,1.1637320967,37.8705939203,2026-09-13
5060,4.7534196729,0.830972173,31.0590626742,2026-09-13
5061,1.3724532683,0.2707957305,7.9241506419,2026-09-13
5063,3.8059837385,0.7177412038,23.3438157607,2026-09-13
5064,4.7650661257,0.8906871187,29.9610769714,2026-09-13
5065,2.3457677256,0.3198149779,19.6409168282,2026-09-13
5066,4.6218266777,0.7927672251,32.1947360179,2026-09-13
5067,4.3287919258,0.8010201205,26.8437037653,2026-09-13
5068,4.6657833671,0.8551344762,31.9224440291,2026-09-13
5069,4.4345542325,0.8117280008,29.1197004343,2026-09-13
5070,4.4237334548,0.9271672964,24.4435923837,2026-09-13
5071,2.8659349973,0.4649440261,21.7507671829,2026-09-13
5072,0.3326411527,0.0703207303,1.7469631423,2026-09-13
5073,5.1160320782,0.9791549795,29.7758943025,2026-09-13
5074,4.4984220698,0.9168254909,24.9647729474,2026-09-13
5075,4.1068264884,0.7945716051,24.9281615603,2026-09-13
5076,5.1242464283,0.9572886623,33.7070736801,2026-09-13
5077,1.9660704262,0.4130223865,11.3734686261,2026-09-13
5078,3.8005154776,0.8030746975,20.6410665524,2026-09-13
5079,2.9776863465,0.6283711501,16.7813678622,2026-09-13
5081,3.7654434327,0.9205421147,17.0055435031,2026-09-13
5082,6.3052549746,1.4127387397,32.7545968008,2026-09-13
5083,2.3994085032,0.5292924114,14.7796787721,2026-09-13
5084,2.4082648367,0.3976646772,17.2804130735,2026-09-13
5085,6.0967505693,1.2834317277,32.3604524512,2026-09-13
5086,3.6533794856,0.7285073966,21.3219818574,2026-09-13
5087,5.376332058,1.0161537457,32.7924064625,2026-09-13
5088,4.4604062344,0.7702747658,32.2953426432,2026-09-13
5089,5.1988157173,0.8965345506,33.818889833,2026-09-13
5090,2.0678663672,0.3671113855,12.7575564708,2026-09-13
5091,3.7266384653,0.6462034147,24.2888735642,2026-09-13
5092,2.4130791668,0.4273938736,16.347366647,2026-09-13
5093,3.7154398648,0.8434104718,18.2910124496,2026-09-13
5095,3.8095050113,0.6456061854,25.3005971829,2026-09-13
5096,3.65016146,0.5587802772,26.5813878234,2026-09-13
5098,3.1275629603,0.4980399039,24.0228580452,2026-09-13
5100,4.1280950889,0.9061871625,22.8672487403,2026-09-13
5101,3.4441111758,0.9017701252,16.4866073482,2026-09-13
5102,4.9771680915,1.0787205455,25.8438481984,2026-09-13
5103,4.6070775345,1.1092298714,23.8792922446,2026-09-13
5104,3.47257163,0.5804172136,23.3105949432,2026-09-13
5105,4.7973973136,0.9445932005,27.742501487,2026-09-13
5106,5.1792030256,1.0725415651,29.6972028286,2026-09-13
5107,3.35305586,0.744356774,16.4178373147,2026-09-13
5108,2.7916957074,0.7466795906,11.5457824338,2026-09-13
5109,3.8273097175,0.6993029852,28.063761596,2026-09-13
5110,2.8611883668,0.521568133,17.9252979206,2026-09-13
5111,3.8285491051,0.65435319,26.6355341243,2026-09-13
5112,4.7685621587,0.7796920517,33.4536662289,2026-09-13
5113,0.1289985546,0.0279671079,0.6961706357,2026-09-13
5114,3.9355093413,0.7241590975,22.8942772365,2026-09-13
5115,4.009645825,0.6019257357,31.5341683912,2026-09-13
5117,2.1855960288,0.4083219655,13.5554283953,2026-09-13
5118,0.9356646698,0.1973832696,4.7676560115,2026-09-13
5120,3.3814824881,0.6588319145,20.2672370772,2026-09-13
5121,2.6479077605,0.4071891227,20.5417859524,2026-09-13
5122,3.4245355169,0.7736522209,17.0630203069,2026-09-13
5123,3.4005841643,0.7730176311,19.6971364409,2026-09-13
5124,3.5199163358,0.5789370989,25.1403521895,2026-09-13
5125,5.184390305,1.1294841271,27.3373579885,2026-09-13
5126,3.5123679079,0.5605590435,25.1809295896,2026-09-13
5127,4.9687035185,1.1515542531,24.8398405366,2026-09-13
5128,3.2662371497,0.6353561362,19.3505299963,2026-09-13
5129,4.1451135435,0.6883606473,29.4771440748,2026-09-13
5130,4.4130265947,0.8706630609,25.1803363978,2026-09-13
5131,3.789654729,0.7623522751,21.5977036733,2026-09-13
5132,4.5715608672,0.7177467395,34.5966313172,2026-09-13
5133,3.5149274187,0.7534926218,18.1715525986,2026-09-13
5134,4.8114972874,0.7990489297,32.8324064629,2026-09-13
5135,4.717018433,0.9398126291,28.2789335428,2026-09-13
5136,5.0766203463,0.780501468,37.9652829237,2026-09-13
5137,4.5888649185,0.9622696451,29.6033717799,2026-09-13
5138,4.0290493873,0.7698520194,23.3194015746,2026-09-13
5139,3.6982297318,0.7498743539,22.511554556,2026-09-13
5140,1.3909129361,0.2934112208,7.7564387007,2026-09-13
5141,4.4604352261,0.693082123,32.9793817297,2026-09-13
5142,3.6847269204,0.6131204902,26.595254762,2026-09-13
5143,4.9052224314,1.0023439881,27.2238270973,2026-09-13
5144,3.2882890946,0.7893406067,18.5298545206,2026-09-13
5145,4.9021405134,0.8121357394,32.7655906844,2026-09-13
5146,4.1508052254,0.7427708763,25.7724812721,2026-09-13
5147,1.8642922304,0.3233709989,12.6226062491,2026-09-13
5148,3.0199832481,0.5605505883,18.1761119882,2026-09-13
5150,2.2797380113,0.4226237569,15.3741047119,2026-09-13
5151,4.2936266499,0.942545175,21.4508732581,2026-09-13
5152,4.4710312031,1.0713841136,21.0523242959,2026-09-13
5153,4.3487440348,0.8592944643,26.5308003451,2026-09-13
5154,4.8710416284,0.8973568972,30.0086824651,2026-09-13
5155,4.2573476629,0.7420089095,30.7126962819,2026-09-13
5156,1.1792870202,0.2372724672,6.7324834325,2026-09-13
5157,4.8205237064,0.9321194858,28.765767417,2026-09-13
5158,4.6201420904,0.7634066488,33.8176669345,2026-09-13
5160,5.4077146652,0.8825837982,36.702657245,2026-09-13
5161,4.4660515818,0.787748661,29.3319604001,2026-09-13
5162,0.0259795797,0.0053650598,0.1448151907,2026-09-13
5163,4.2516605838,0.8500500439,23.9512448023,2026-09-13
5164,2.9387830358,0.6178183947,16.6486215028,2026-09-13
5165,5.1067998931,1.1943304483,28.0176796741,2026-09-13
5166,3.9127778882,0.6649538376,26.5484523838,2026-09-13
5167,3.7083523251,0.7397526696,23.1823731022,2026-09-13
5169,2.9311891946,0.6395911159,15.9207098149,2026-09-13
5170,3.9707881695,0.6850403763,27.0092327919,2026-09-13
5172,3.8753424736,0.8028153995,21.2780762157,2026-09-13
5173,2.9078124698,0.5664251132,18.7660988986,2026-09-13
5174,2.7713981867,0.5781473173,15.1718889647,2026-09-13
5175,2.995240582,0.5630889256,19.8630136056,2026-09-13
5176,1.7009198405,0.35661571,9.8494690375,2026-09-13
5177,6.4063853012,1.412486573,31.9428030727,2026-09-13
5178,4.3714671989,0.8967579044,24.2043555433,2026-09-13
5179,4.4805486426,0.9671727165,23.9687515109,2026-09-13
5180,3.9741579503,0.8612800695,22.8107042043,2026-09-13
5181,4.4301900854,0.8962116867,24.7424636828,2026-09-13
5182,2.9470554983,0.5435996376,19.224706157,2026-09-13
5183,3.7622477837,0.6438360899,24.6306212637,2026-09-13
5184,0.9138144582,0.1773128155,5.2038018511,2026-09-13
5185,2.2388512578,0.3868521705,14.9037915047,2026-09-13
5186,4.3591051709,0.8343787371,26.5357592894,2026-09-13
5187,2.9824695735,0.6561305394,15.7820230111,2026-09-13
5188,3.9826524297,0.6662338414,29.7232687724,2026-09-13
5189,6.5416006792,1.5684649167,33.325015042,2026-09-13
5190,3.2602252608,0.6724281344,18.7182410473,2026-09-13
5191,3.9272941897,0.5862724323,34.67507199,2026-09-13
5192,0.9106743661,0.2380596305,4.0649957372,2026-09-13
5193,4.7431642631,0.8817109392,29.7135066065,2026-09-13
5194,3.5411863643,0.6647905218,21.889163359,2026-09-13
5195,3.5896664082,0.5890512655,26.1229282027,2026-09-13
5196,4.5517966359,1.0840510024,21.5059963812,2026-09-13
5197,2.3578224141,0.4281313318,16.4597520578,2026-09-13
5198,3.3507111038,0.6517448418,20.1412880223,2026-09-13
5199,3.4240603923,0.5141323777,27.1395433286,2026-09-13
5200,2.6510228762,0.6503028468,12.5096522326,2026-09-13
5201,3.8817254987,0.7642585397,22.8176646585,2026-09-13
5203,2.6718142424,0.4212710921,18.835342584,2026-09-13
5204,4.034921428,0.8077208718,24.1622849773,2026-09-13
5205,3.2423595793,0.6533239549,19.6204795521,2026-09-13
5206,2.6182460117,0.4573327461,17.4810730202,2026-09-13
5207,2.8448971595,0.5892426582,15.8771238839,2026-09-13
5208,4.0823383827,0.8410841715,22.4430110175,2026-09-13
5209,4.2644202811,0.8873687758,23.8133518004,2026-09-13
5210,3.8281967714,0.6005070181,27.6481043255,2026-09-13
5211,2.7390289657,0.4930916556,18.4611876252,2026-09-13
5212,4.1747721348,0.622005671,34.1483189481,2026-09-13
5213,4.9272525013,0.9660305612,27.1550689894,2026-09-13
5214,4.2502228895,0.8898283448,23.7825766429,2026-09-13
5216,5.6771038042,1.0487025635,35.330812872,2026-09-13
5217,4.6107168363,1.0246784817,23.8152239134,2026-09-13
5218,3.2123100616,0.6358493512,18.2408296759,2026-09-13
5219,5.2360570389,0.9817072107,33.7172958384,2026-09-13
5220,3.2558069693,0.4671346683,29.4289210614,2026-09-13
5221,4.0176683125,0.6554897991,27.9465204374,2026-09-13
5222,5.8782910821,1.1233913021,34.4828010988,2026-09-13
5223,4.9029392255,0.8799128396,31.9479117036,2026-09-13
5224,4.3644108139,0.7110794247,31.2025775184,2026-09-13
5226,4.563103826,0.8600643406,29.1727484414,2026-09-13
5227,1.9768595433,0.4450045478,10.8626045512,2026-09-13
5228,5.2351377555,0.9764591045,33.0655994684,2026-09-13
5229,3.8257151478,0.7178955462,22.7787461605,2026-09-13
5230,5.1803011988,1.2753757954,25.6678695178,2026-09-13
5231,2.4267095176,0.4431703135,15.4016381029,2026-09-13
5232,4.0835058226,0.7861332984,26.1703826688,2026-09-13
5234,5.1308114768,0.8559991183,36.2306377324,2026-09-13
5235,4.1588701432,1.0181196415,21.8934218326,2026-09-13
5236,4.2929903405,0.7687430078,28.382784333,2026-09-13
5237,2.7580698649,0.524564472,16.6463935814,2026-09-13
5238,3.9166532773,0.6957716651,25.6358734277,2026-09-13
5239,3.1019665673,0.5703868725,20.4108280232,2026-09-13
5240,3.7244803401,0.9587621073,19.7566718974,2026-09-13
5241,3.440467635,0.68711742,21.1618819892,2026-09-13
5242,2.5858101125,0.5718442539,15.006870506,2026-09-13
5243,3.3274020007,0.5521819503,22.731339689,2026-09-13
5244,3.3646209044,0.616417932,22.6677403053,2026-09-13
5245,3.0556580157,0.5516170265,19.8599186783,2026-09-13
5246,4.0167885636,0.8326239624,24.8739845412,2026-09-13
5247,3.8472913405,0.6871270327,24.8966627455,2026-09-13
5248,5.0118256648,1.0935602927,28.088572563,2026-09-13
5249,3.5953809712,0.63273558,25.1165267243,2026-09-13
5250,3.5416334159,0.7488686763,20.1604974971,2026-09-13
5251,1.5607205954,0.4096290337,7.8424488638,2026-09-13
5252,3.6731203824,0.5579303619,28.0585302673,2026-09-13
5253,5.6593826516,1.410266262,26.0435510583,2026-09-13
5254,3.909979152,1.0860541732,15.9769800579,2026-09-13
5255,4.9663481663,1.0466325518,26.6016441758,2026-09-13
5256,3.1837819526,0.4834466878,23.878527062,2026-09-13
5257,5.6457581286,0.9524947007,38.2360491832,2026-09-13
5258,3.0887129154,0.6538201665,18.1176564859,2026-09-13
5259,3.0954217535,0.6272414011,19.2844446688,2026-09-13
5261,3.7783902693,0.7101287248,23.8045811701,2026-09-13
5262,3.8926416119,1.0071300319,18.6771703164,2026-09-13
5263,4.0732518675,0.7473716857,25.6950764268,2026-09-13
5264,3.9909980018,0.8041903726,22.7033176837,2026-09-13
5265,4.7946041099,0.8741584089,29.8937371608,2026-09-13
5266,2.5130003993,0.4504903564,16.785627015,2026-09-13
5267,4.2812007401,0.6831058755,31.0884672548,2026-09-13
5268,4.582166976,1.0552980562,25.8704500547,2026-09-13
5269,3.7978360247,0.5546021411,32.7054001661,2026-09-13
5270,3.5377763348,0.7825034595,19.0695500456,2026-09-13
5271,3.8350572737,0.6782933948,26.2097913767,2026-09-13
5272,4.1015207317,0.8446955511,22.6170823555,2026-09-13
5273,4.4015805434,0.9820780817,22.5271408489,2026-09-13
5274,0.5929021733,0.1124047695,3.8862790385,2026-09-13
5275,3.3076369775,0.5396214765,25.3866300385,2026-09-13
5276,3.7304783613,0.638200619,26.4316400689,2026-09-13
5277,3.5188748737,0.6306441376,23.0760928538,2026-09-13
5278,2.8319094846,0.5402345988,17.5140225704,2026-09-13
5279,4.1600826075,0.732313136,30.5576478947,2026-09-13
5280,5.1219548504,0.8628534098,36.1754569324,2026-09-13
5281,2.2165511391,0.4014526537,15.2165514928,2026-09-13
5282,4.0971374632,0.7359112921,29.5796870192,2026-09-13
5283,2.1619041476,0.5795007092,9.8370823932,2026-09-13
5284,4.0541284533,0.7192373412,25.6856243559,2026-09-13
5285,4.1507743017,0.8786571801,22.782886216,2026-09-13
5286,4.3028723897,0.7459078587,29.944568652,2026-09-13
5287,2.4548714077,0.5127274983,13.9872299787,2026-09-13
5288,3.1011253247,0.5121722827,25.6133966011,2026-09-13
5289,4.0660787734,0.7011401263,30.0410359147,2026-09-13
5290,2.2362800356,0.391924345,14.4395776716,2026-09-13
5291,6.409571449,1.5762021608,28.7651052834,2026-09-13
5292,4.4056034234,0.9397568209,26.4635339102,2026-09-13
5293,3.2904732268,0.6073184882,20.8219027635,2026-09-13
5294,3.1788856264,0.5630153052,21.527196976,2026-09-13
5295,1.0955950706,0.2735523426,5.3988279298,2026-09-13
5296,2.2709537291,0.4245343937,14.5750320958,2026-09-13
5297,3.9545351918,0.8572312234,20.4227443592,2026-09-13
5298,4.3506565463,0.6535795089,33.5422449397,2026-09-13
5299,3.9008865105,0.5382420507,35.2636064029,2026-09-13
5300,1.8522751756,0.3591079563,11.4430602504,2026-09-13
5301,4.4091704997,0.7530548005,28.6661348755,2026-09-13
5302,1.9380834828,0.3685681302,11.9755919213,2026-09-13
5303,4.5138106599,0.8131659056,30.0009215052,2026-09-13
5304,1.4766865831,0.3816844937,7.2417713159,2026-09-13
5305,1.4474712901,0.304089461,8.7387860759,2026-09-13
5306,0.6978464022,0.1500119538,3.8251333845,2026-09-13
5307,4.7688981257,1.046059457,27.6561969737,2026-09-13
5308,4.8704905027,0.9345589242,30.0430645734,2026-09-13
5309,2.3119882657,0.428279183,14.8413198491,2026-09-13
5310,4.8547127173,1.3679457877,22.640540955,2026-09-13
5311,5.0368277843,0.9673175337,32.5221690315,2026-09-13
5312,3.5792384712,0.8020643448,19.395583498,2026-09-13
5313,2.7006403991,0.5188021072,16.4288930393,2026-09-13
5314,4.1703300349,0.828889471,25.4844790641,2026-09-13
5315,4.0190337816,0.8261323684,25.2653790576,2026-09-13
5316,4.0109582471,0.6769637922,27.0003417195,2026-09-13
5317,4.2998016509,0.8344402176,27.247731492,2026-09-13
5318,2.2612217049,0.4620044667,12.8631650033,2026-09-13
5319,0.5545697588,0.1152705098,3.2616416106,2026-09-13
5320,3.7931556188,0.6758107301,24.9265927569,2026-09-13
5321,3.9186445465,0.8199680936,21.3730137138,2026-09-13
5322,3.7637609819,0.6911801175,25.7668998026,2026-09-13
5323,2.7327757081,0.4846473795,19.705044212,2026-09-13
5324,4.4269956964,1.0052214036,21.5165666138,2026-09-13
5325,2.9449173273,0.4820685139,20.8521613089,2026-09-13
5326,4.9180369913,0.9043922406,31.24695039,2026-09-13
5327,2.7624530597,0.6542136514,13.3472713798,2026-09-13
5328,4.252371019,0.7237671785,28.8609005294,2026-09-13
5329,4.2421511993,0.8423625766,25.1635666803,2026-09-13
5330,3.982683089,0.7074495378,28.2291797291,2026-09-13
5331,2.7003203384,0.4517633581,20.641138204,2026-09-13
5332,3.0761477573,0.5744468367,18.7915045421,2026-09-13
5333,3.0256263809,0.6641709782,15.7361123946,2026-09-13
5334,4.4063525691,1.1096733636,19.7512879624,2026-09-13
5335,4.5384822116,0.9160100811,26.8295917049,2026-09-13
5336,2.2666968216,0.4567793691,12.7672754822,2026-09-13
5337,3.8093716956,0.80200324,21.5952742975,2026-09-13
5338,3.4547049837,0.6194469841,26.9913121687,2026-09-13
5339,3.4343956106,0.6323271788,21.4765048707,2026-09-13
5340,4.1919662359,0.8533613902,26.5819827154,2026-09-13
5341,2.7782422605,0.7102458035,13.6092615135,2026-09-13
5342,4.8550080458,1.0418590644,25.6644189168,2026-09-13
5343,4.4183657342,0.8420884363,28.3619157384,2026-09-13
5344,2.9546836549,0.4526618205,23.7235077697,2026-09-13
5345,4.1033381914,0.8134019038,25.0200177881,2026-09-13
5346,4.1625711151,0.9781717338,22.0097918366,2026-09-13
5347,3.3497636843,0.8513562722,16.2446823451,2026-09-13
5348,3.6945474278,0.6033249736,26.9512370096,2026-09-13
5349,3.1613050069,0.7217546389,15.4746028271,2026-09-13
5350,3.7195124601,0.73726739,22.443048977,2026-09-13
5351,3.9951710825,0.7475951439,25.9717425036,2026-09-13
5352,3.882308389,0.7571481737,23.622496707,2026-09-13
5353,3.9537910611,0.9248856272,19.3246497784,2026-09-13
5354,4.9652835681,1.0125756465,31.177071574,2026-09-13
5355,3.8954510218,0.8744201353,20.3566092635,2026-09-13
5356,3.8055547165,0.744351118,22.4050287356,2026-09-13
5357,3.0892495549,0.6408315767,20.9613839635,2026-09-13
5358,6.1891040641,1.5427970705,27.7856650522,2026-09-13
5359,1.9866742989,0.3922356919,12.4313685253,2026-09-13
5360,3.2843351287,0.7035853528,17.0383989204,2026-09-13
5361,4.8249840395,1.1312720058,24.3384725554,2026-09-13
5362,2.4053566472,0.5265027216,12.2177756652,2026-09-13
5363,0.198916393,0.0746521028,0.8167517301,2026-09-13
5364,3.7085614279,0.668027428,25.253215508,2026-09-13
5365,4.4864308181,1.2186507209,19.9232513671,2026-09-13
5366,3.3158417146,0.8158445183,17.2400241468,2026-09-13
5367,2.7521077925,0.5919219178,14.4257709933,2026-09-13
5368,3.416047885,0.6091062363,25.3510582994,2026-09-13
5369,4.0443927564,0.7977044348,26.0759631354,2026-09-13
5370,3.5675909961,0.7785393215,20.1568788351,2026-09-13
5371,3.6540091496,0.8941552584,19.7011676908,2026-09-13
5372,3.5967662308,0.9728007681,20.4796108279,2026-09-13
5373,4.1636194993,1.2876076732,19.7524223141,2026-09-13
5374,2.8155636025,0.5061667642,21.9420205918,2026-09-13
5375,3.9514806658,0.7578132629,24.3650861462,2026-09-13
5376,5.3657594923,1.0110687182,33.8136064525,2026-09-13
5377,3.065524429,0.5382123585,19.974846758,2026-09-13
5378,3.8723083056,0.921413475,19.3062181351,2026-09-13
5379,3.5276819953,0.7659252444,23.3503376597,2026-09-13
5380,7.0276300361,1.9609394708,26.9018233135,2026-09-13
5381,3.3573428265,0.6977109911,19.7742907009,2026-09-13
5382,5.1374181212,1.1068369889,27.2132155028,2026-09-13
5383,3.6307870157,0.6315423449,27.2458779032,2026-09-13
5384,4.969897588,1.2410170275,23.7591189575,2026-09-13
5385,2.2652362236,0.3765302177,17.7891746277,2026-09-13
5386,3.561517174,0.614493898,25.1811986737,2026-09-13
5387,2.075360133,0.5388158874,9.275144877,2026-09-13
5388,4.9698795763,1.327635658,20.5532903793,2026-09-13
5389,4.2661067169,0.8364843064,26.2597863225,2026-09-13
5390,2.8024010515,0.5500025085,17.2335394972,2026-09-13
5391,3.4476362027,0.7026232095,20.3833521525,2026-09-13
5392,2.9944948974,0.618650244,19.1254037945,2026-09-13
5393,2.7381507036,0.6772981123,14.9726843222,2026-09-13
5394,4.7128997428,0.9694261545,26.3188048177,2026-09-13
5395,2.5818634293,0.5583420234,15.477388391,2026-09-13
5396,4.3289275441,0.938038509,22.7704265258,2026-09-13
5397,2.4971024997,0.4949483072,15.5223741248,2026-09-13
5398,3.9647064873,0.8868560306,21.5495842848,2026-09-13
5399,2.0247839736,0.4646645522,9.8140344882,2026-09-13
5400,3.3134458472,0.5810111429,21.5769264596,2026-09-13
5401,0.2112815205,0.0564990317,0.856778797,2026-09-13
5402,1.9583373419,0.5023802459,9.0970021233,2026-09-13
5403,1.6267329323,0.3165809788,9.4254070353,2026-09-13
5404,4.5864610496,0.9105115488,26.1011052694,2026-09-13
5405,4.0867942477,0.8606007176,22.6036645413,2026-09-13
5406,2.7697312827,0.5896718655,16.0638385455,2026-09-13
5407,3.7974157739,1.0392511493,19.1730866487,2026-09-13
5408,0.0168159854,0.0038856695,0.0846574704,2026-09-13
5409,2.0719532909,0.3955138466,13.7441860192,2026-09-13
5410,1.994900664,0.3846275909,11.5326263306,2026-09-13
5411,2.392734208,0.4386681581,15.8806284376,2026-09-13
5412,2.4384495033,0.5641854912,14.2433274348,2026-09-13
5413,2.0076362198,0.4246067937,14.0565356378,2026-09-13
5415,2.5128633394,0.7896301526,10.0559371591,2026-09-13
5416,2.7863408867,0.4345771111,22.1319136121,2026-09-13
5417,3.3760608241,0.7949367645,16.642490051,2026-09-13
5418,2.3681071972,0.7033246774,11.0371623563,2026-09-13
5419,4.2940040356,1.0811560013,20.086494074,2026-09-13
5420,2.1830698639,0.3899812391,15.8266546314,2026-09-13
5421,4.18510402,1.1073333475,18.4173687994,2026-09-13
5422,1.487359056,0.3016615069,8.2515101327,2026-09-13
5423,3.9503097113,1.0972467305,17.9875530054,2026-09-13
5424,2.1979941552,0.4784617647,12.0887767793,2026-09-13
5425,3.1190676839,0.7595517743,16.3651927529,2026-09-13
5426,3.1308618262,0.7420567279,16.7523058712,2026-09-13
5427,5.36237929,1.1558746204,27.5547501877,2026-09-13
5428,1.6383857563,0.4217015121,8.0009945913,2026-09-13
5429,3.5093064648,0.8482277953,16.9239044487,2026-09-13
5430,2.4617869457,0.4706476336,17.0982627192,2026-09-13
5431,1.2155394916,0.2819510239,6.2399235432,2026-09-13
5432,2.9433498066,0.4972821234,22.5033056648,2026-09-13
5433,3.9739683133,0.9146639688,20.3966547519,2026-09-13
5434,3.6341516744,0.6691879976,23.0401931051,2026-09-13
5435,3.109120267,0.8117876632,13.8306873037,2026-09-13
5436,4.3475303146,1.0183710839,22.0898974434,2026-09-13
5437,2.6262967846,0.776228052,10.4935080448,2026-09-13
5438,2.3063151604,0.4237981461,14.5791714772,2026-09-13
5439,4.4931268148,1.1940636495,20.503976604,2026-09-13
5440,3.5825586459,0.7843757572,19.1838578619,2026-09-13
5441,3.0300067229,0.6147908264,16.0050866976,2026-09-13
5442,3.4320503709,0.9464339758,16.1994545552,2026-09-13
5443,3.1772115215,0.8843326229,13.9067427375,2026-09-13
5444,2.80381449,0.755121482,11.959752425,2026-09-13
5445,1.9418787956,0.350178311,13.9196410453,2026-09-13
5446,2.4327218873,0.6065903289,11.2873105873,2026-09-13
5447,3.3054202587,0.9415920059,17.4946162215,2026-09-13
5448,3.660781488,0.8682878669,18.781737716,2026-09-13
5449,2.4131546609,0.534870097,14.2913806567,2026-09-13
5450,3.4879353057,0.82362899,17.8419250833,2026-09-13
5451,2.3634215021,0.7605201899,7.9903579698,2026-09-13
5452,2.7600427145,0.5768960614,15.6988481489,2026-09-13
5453,2.2281914715,0.4344719391,15.0721817202,2026-09-13
5454,4.1189585779,0.9721903614,19.3922601451,2026-09-13
5455,3.8908215717,1.0600525754,20.8810326314,2026-09-13
5456,2.0622761156,0.3698530045,14.5106080221,2026-09-13
5457,4.3002134957,1.0197446132,21.6923780591,2026-09-13
5458,2.984361106,0.7402761042,15.4264801533,2026-09-13
5459,2.9181298234,0.6650484491,16.1943318275,2026-09-13
5460,4.0411261496,0.7939276085,23.5629789427,2026-09-13
5461,1.9188611236,0.4119521281,11.5060923634,2026-09-13
5462,1.9099478812,0.4682537939,9.2257306236,2026-09-13
5463,3.9853936992,0.9855990266,18.630948023,2026-09-13
5464,3.3650571356,0.8367455663,16.6293682003,2026-09-13
5465,2.8322655724,0.7464458616,12.882450699,2026-09-13
5466,2.1744540989,0.4554108863,12.2878514783,2026-09-13
5467,3.0573521566,0.707171294,15.96669828,2026-09-13
5468,3.6198782507,0.865695363,18.347590358,2026-09-13
5469,3.7398858126,0.9628137487,18.2219748324,2026-09-13
5470,3.73334342,1.0141062292,16.4276739887,2026-09-13
5471,2.9184872309,0.5933267449,19.305779258,2026-09-13
5472,2.6940687264,0.7892464799,10.5684355688,2026-09-13
