記録日,場コード,モーター番号,節数,走数,Σw,Σw2,n_eff,加重平均残差,素点
2026-09-07,01,11,6,38,25.89332,18.221273,36.795673,0.294466,0.23154
2026-09-07,01,12,6,38,25.287154,17.797565,35.928519,-0.122161,-0.095563
2026-09-07,01,13,6,39,26.84477,19.293146,37.352214,-0.047551,-0.037509
2026-09-07,01,17,6,40,27.79215,20.013463,38.594199,0.211772,0.168192
2026-09-07,01,20,6,38,24.706803,17.106715,35.683421,-0.122037,-0.095324
2026-09-07,01,21,6,38,24.132123,16.599132,35.083726,-0.160135,-0.124615
2026-09-07,01,22,6,33,18.169756,10.759606,30.683282,-0.214527,-0.161796
2026-09-07,01,24,6,35,24.532198,17.855263,33.705957,-0.047674,-0.036766
2026-09-07,01,25,6,38,25.965108,18.476358,36.489162,0.003624,0.002845
2026-09-07,01,26,6,41,26.37247,17.884104,38.889684,0.056457,0.044909
2026-09-07,01,27,6,37,24.35369,16.994161,34.900354,0.163293,0.126925
2026-09-07,01,29,6,37,22.020307,14.600165,33.211539,-0.167116,-0.128442
2026-09-07,01,31,6,37,24.175492,16.676717,35.04613,-0.099231,-0.077202
2026-09-07,01,32,6,40,26.256315,18.257932,37.758605,0.135051,0.106773
2026-09-07,01,34,6,41,26.972839,18.786097,38.727258,-0.091593,-0.072796
2026-09-07,01,36,6,38,26.6856,19.424503,36.660977,-0.332162,-0.260975
2026-09-07,01,37,6,38,26.265791,18.751679,36.790934,0.248536,0.19542
2026-09-07,01,38,6,42,27.609893,19.067117,39.980149,-0.399418,-0.319502
2026-09-07,01,40,6,38,26.344863,18.873118,36.774621,-0.167039,-0.131327
2026-09-07,01,41,6,35,24.350616,17.515018,33.853947,-0.056234,-0.043411
2026-09-07,01,42,6,38,23.493292,15.192451,36.329541,-0.247219,-0.193858
2026-09-07,01,43,5,31,20.103328,14.042896,28.779233,-0.193052,-0.14327
2026-09-07,01,44,6,39,26.299332,18.532751,37.320679,-0.290157,-0.22884
2026-09-07,01,46,6,39,25.745779,17.993196,36.838655,0.370763,0.291605
2026-09-07,01,47,6,38,25.885423,18.435223,36.346461,0.16593,0.130128
2026-09-07,01,48,6,37,24.311065,16.831488,35.114416,0.175775,0.136813
2026-09-07,01,49,6,40,27.77078,19.973947,38.611108,-0.159467,-0.126662
2026-09-07,01,50,6,39,26.989094,19.272926,37.794532,0.029475,0.023308
2026-09-07,01,51,6,38,26.094039,18.764206,36.287113,0.209006,0.163852
2026-09-07,01,52,6,38,26.055762,18.725903,36.254738,0.275373,0.215839
2026-09-07,01,53,6,40,28.035468,20.312997,38.69382,-0.168149,-0.133617
2026-09-07,01,57,6,37,25.943151,18.870267,35.667067,-0.389048,-0.303856
2026-09-07,01,60,6,40,25.580804,17.444979,37.510938,0.10152,0.080152
2026-09-07,01,62,6,40,27.938868,20.210131,38.623221,0.185471,0.147326
2026-09-07,01,63,6,39,21.985175,13.052538,37.030952,0.022015,0.017334
2026-09-07,01,64,6,37,25.863251,18.705569,35.75982,-0.137785,-0.107675
2026-09-07,01,65,6,40,26.178527,18.097163,37.868659,-0.044439,-0.035155
2026-09-07,01,67,6,40,27.804541,20.021332,38.613441,0.120041,0.095348
2026-09-07,01,68,5,23,12.670821,7.50088,21.404117,0.185289,0.126288
2026-09-07,01,69,6,40,26.514429,18.693498,37.607459,-0.150869,-0.119179
2026-09-07,01,70,6,38,26.99944,19.870196,36.686591,-0.413262,-0.324744
2026-09-07,01,71,6,40,26.272848,18.324815,37.668188,0.143886,0.113701
2026-09-07,01,72,6,36,22.750331,15.271467,33.891805,-0.17903,-0.138241
2026-09-07,01,73,6,37,23.930194,16.513067,34.67885,0.345884,0.268468
2026-09-07,01,74,6,41,27.575094,19.503407,38.987333,0.40382,0.321386
2026-09-07,01,75,6,36,25.075344,18.055149,34.825129,0.037264,0.028951
2026-09-07,03,10,6,31,19.984809,13.829396,28.879974,0.386277,0.286926
2026-09-07,03,11,6,32,20.751473,14.41717,29.868805,-0.27394,-0.20523
2026-09-07,03,12,6,33,21.381247,14.857119,30.770281,0.096193,0.072599
2026-09-07,03,13,6,33,21.381247,14.857119,30.770281,0.454899,0.343323
2026-09-07,03,14,6,33,21.912166,15.409657,31.158579,-0.351814,-0.266337
2026-09-07,03,15,6,32,20.751473,14.41717,29.868805,-0.146295,-0.109601
2026-09-07,03,16,6,32,21.291536,15.0263,30.169072,-0.000308,-0.000231
2026-09-07,03,17,6,33,21.606967,15.15329,30.809218,-0.029281,-0.022106
2026-09-07,03,18,6,32,17.845713,10.825603,29.418174,-0.010678,-0.007969
2026-09-07,03,20,6,31,18.091109,11.281042,29.012233,0.430416,0.320088
2026-09-07,03,22,6,33,19.958631,12.677977,31.420388,0.020553,0.015591
2026-09-07,03,23,6,35,22.855709,15.938796,32.774333,-0.202548,-0.155196
2026-09-07,03,24,6,33,19.989651,13.212195,30.243736,0.17877,0.134348
2026-09-07,03,27,5,32,17.514991,10.31568,29.738702,0.053176,0.039795
2026-09-07,03,28,6,35,20.439571,12.755814,32.751814,0.15406,0.118024
2026-09-07,03,29,5,33,20.718982,13.986044,30.693182,-0.499685,-0.376891
2026-09-07,03,30,6,40,23.074556,14.710863,36.19333,0.325639,0.255144
2026-09-07,03,32,6,36,23.807466,16.854919,33.627894,0.229213,0.176675
2026-09-07,03,33,6,36,23.807466,16.854919,33.627894,0.203272,0.15668
2026-09-07,03,34,5,26,18.731049,14.266046,24.593514,0.359896,0.25586
2026-09-07,03,35,6,36,24.424538,17.550109,33.9917,0.006098,0.004712
2026-09-07,03,37,6,34,20.836202,13.518122,32.115949,0.210553,0.16056
2026-09-07,03,38,6,35,20.22717,12.799712,31.964656,0.190588,0.145171
2026-09-07,03,40,6,35,23.088107,16.436572,32.431379,-0.318806,-0.243671
2026-09-07,03,43,6,35,20.419034,12.73702,32.734262,-0.046905,-0.035929
2026-09-07,03,45,5,33,20.697404,13.957733,30.691411,-0.118518,-0.089392
2026-09-07,03,47,5,28,17.206389,11.496894,25.751286,-0.36732,-0.264577
2026-09-07,03,48,6,34,20.022764,12.738584,31.472185,-0.409374,-0.310664
2026-09-07,03,49,5,33,20.697404,13.957733,30.691411,-0.083426,-0.062924
2026-09-07,03,50,6,37,21.267498,13.357615,33.861319,-0.208051,-0.160617
2026-09-07,03,51,6,35,22.544889,15.868063,32.031131,0.02158,0.016445
2026-09-07,03,52,6,42,24.268546,15.425492,38.181105,0.167478,0.132718
2026-09-07,03,56,5,33,20.936433,14.310512,30.630227,0.169203,0.127558
2026-09-07,03,58,6,33,19.837745,12.674202,31.050171,0.131814,0.099704
2026-09-07,03,59,6,42,24.53453,15.804041,38.087926,0.128823,0.102034
2026-09-07,03,60,5,25,14.834864,9.525962,23.102463,-0.33556,-0.23419
2026-09-07,03,61,6,33,22.338439,16.089121,31.015109,-0.016133,-0.0122
2026-09-07,03,62,6,36,19.465826,11.625278,32.594351,0.473645,0.362446
2026-09-07,03,63,5,33,20.148471,13.181385,30.798047,0.150638,0.113715
2026-09-07,03,64,5,28,16.457875,10.807091,25.063327,0.301307,0.215375
2026-09-07,03,65,6,33,19.442204,12.058279,31.347698,-0.051508,-0.039051
2026-09-07,03,66,5,30,18.684454,12.435534,28.073489,-0.510459,-0.376387
2026-09-07,03,67,6,32,19.277148,13.003278,28.578058,0.320517,0.237434
2026-09-07,03,68,6,32,18.820617,11.673087,30.34464,0.319566,0.240357
2026-09-07,03,69,5,33,19.846995,12.770971,30.843638,0.117035,0.08838
2026-09-07,03,71,6,31,21.289043,15.168464,29.879317,0.165519,0.124014
2026-09-07,04,13,6,37,26.283592,19.675705,35.110671,-0.197066,-0.153381
2026-09-07,04,15,6,36,23.390215,15.856845,34.502587,0.090834,0.070423
2026-09-07,04,16,6,39,29.935602,23.497072,38.138379,0.254899,0.201948
2026-09-07,04,17,6,39,26.161552,18.598175,36.80075,-0.120513,-0.094763
2026-09-07,04,18,6,39,24.954018,16.574921,37.568987,-0.115074,-0.090883
2026-09-07,04,20,6,33,23.544413,17.638383,31.428018,0.178473,0.135393
2026-09-07,04,21,6,41,26.080687,17.219888,39.500968,0.231362,0.184623
2026-09-07,04,22,6,33,24.489478,18.800797,31.899419,-0.301042,-0.229193
2026-09-07,04,23,6,42,26.496248,17.39029,40.370295,-0.008463,-0.006783
2026-09-07,04,26,6,36,25.036988,18.26013,34.328931,-0.12467,-0.096546
2026-09-07,04,27,6,35,23.16599,15.77396,34.02209,-0.100572,-0.077726
2026-09-07,04,28,3,13,6.858556,3.844454,12.235755,0.103199,0.056788
2026-09-07,04,29,6,41,26.112827,17.24114,39.549573,0.139034,0.110974
2026-09-07,04,31,6,36,23.410041,15.967751,34.321053,-0.251029,-0.19439
2026-09-07,04,32,6,33,24.71823,19.124589,31.947924,-0.328689,-0.250333
2026-09-07,04,33,6,37,25.889285,18.672742,35.89484,-0.076739,-0.060019
2026-09-07,04,34,6,37,26.78081,20.343387,35.255279,0.097325,0.075819
2026-09-07,04,35,6,34,25.202069,19.348925,32.825819,-0.183848,-0.140918
2026-09-07,04,37,6,39,27.889392,20.517334,37.910295,0.137425,0.108741
2026-09-07,04,39,6,30,22.351543,17.314775,28.853478,-0.507268,-0.376709
2026-09-07,04,40,6,40,24.741976,15.839219,38.648711,0.193702,0.153886
2026-09-07,04,43,6,40,25.043481,16.196424,38.72311,0.011987,0.009527
2026-09-07,04,44,6,29,21.235064,16.232862,27.778708,-0.061373,-0.045127
2026-09-07,04,45,6,34,24.562695,18.770391,32.142429,-0.179027,-0.136546
2026-09-07,04,47,6,35,24.608721,17.856101,33.914971,-0.04358,-0.033656
2026-09-07,04,48,6,35,25.683994,19.453251,33.910402,0.1752,0.135301
2026-09-07,04,49,6,32,23.672696,18.200583,30.790031,-0.068887,-0.051999
2026-09-07,04,52,6,34,23.988629,17.446853,32.983273,-0.10017,-0.076865
2026-09-07,04,53,6,31,21.523853,16.041033,28.880699,0.136649,0.101503
2026-09-07,04,54,6,33,22.219885,15.96365,30.927969,-0.378145,-0.285752
2026-09-07,04,55,6,35,23.288505,16.475343,32.919161,-0.209744,-0.160874
2026-09-07,04,56,6,36,25.598947,19.157488,34.206265,-0.197806,-0.15306
2026-09-07,04,57,6,30,22.21739,17.094564,28.875404,-0.13991,-0.103921
2026-09-07,04,59,6,32,23.28893,17.654506,30.721578,-0.33439,-0.252274
2026-09-07,04,60,6,37,24.260709,16.350671,35.997423,0.368734,0.28857
2026-09-07,04,63,6,35,26.233925,20.258685,33.971543,-0.00123,-0.000951
2026-09-07,04,64,6,34,25.375911,19.383174,33.221434,-0.178754,-0.137396
2026-09-07,04,65,6,36,26.212603,19.681457,34.911061,0.01217,0.00946
2026-09-07,04,66,6,35,25.924131,19.867064,33.827876,-0.136244,-0.105158
2026-09-07,04,67,6,33,23.754319,17.777791,31.740032,-0.269306,-0.204786
2026-09-07,04,69,6,33,24.660313,19.061182,31.904162,0.049527,0.037708
2026-09-07,04,70,6,31,22.94475,17.597231,29.917295,-0.481692,-0.36102
2026-09-07,04,71,6,37,27.397437,20.995336,35.751727,0.198739,0.1553
2026-09-07,04,72,6,31,22.72898,17.375879,29.731246,-0.249087,-0.186394
2026-09-07,04,73,6,36,22.244221,14.255476,34.709846,-0.116531,-0.090467
2026-09-07,04,74,6,34,23.080121,16.195622,32.891109,0.091859,0.070442
2026-09-07,04,75,6,37,24.647921,17.295769,35.125356,-0.012431,-0.009676
2026-09-07,07,11,3,19,16.131458,13.841019,18.800923,0.402198,0.26255
2026-09-07,07,12,3,19,16.188069,13.951061,18.783774,-0.192724,-0.125768
2026-09-07,07,13,2,10,8.145003,6.738204,9.845511,-0.016568,-0.00822
2026-09-07,07,14,3,20,16.891835,14.424059,19.781817,0.597069,0.396588
2026-09-07,07,15,3,18,15.357816,13.245729,17.806683,-0.052157,-0.0334
2026-09-07,07,16,3,22,18.534609,15.787503,21.759727,-0.019225,-0.013172
2026-09-07,07,17,3,19,16.289268,14.111301,18.803386,-0.339908,-0.221898
2026-09-07,07,18,3,19,16.341954,14.208087,18.796299,-0.000977,-0.000637
2026-09-07,07,19,3,19,16.28774,14.106291,18.806535,0.438121,0.28603
2026-09-07,07,20,3,18,15.191931,12.964708,17.801771,-0.280147,-0.179381
2026-09-07,07,21,3,18,15.221893,13.01717,17.800031,-0.032823,-0.021016
2026-09-07,07,22,3,19,16.163386,13.899941,18.795407,-0.190647,-0.12444
2026-09-07,07,23,3,17,13.81743,11.343322,16.831171,-0.253952,-0.159304
2026-09-07,07,24,3,15,12.239447,10.099456,14.832884,-0.360624,-0.215404
2026-09-07,07,25,3,17,14.110011,11.840115,16.815073,0.111063,0.069645
2026-09-07,07,26,3,15,12.304132,10.203007,14.837944,-0.225973,-0.134994
2026-09-07,07,27,2,9,7.896682,6.967384,8.949928,0.598832,0.282825
2026-09-07,07,28,3,16,13.068078,10.781498,15.839604,0.123559,0.075741
2026-09-07,07,29,3,16,13.049914,10.752822,15.837725,0.120764,0.074024
2026-09-07,07,30,3,16,13.06912,10.784754,15.837347,0.312249,0.191397
2026-09-07,07,31,3,20,16.366377,13.537532,19.786346,0.671438,0.44602
2026-09-07,07,32,3,16,13.088849,10.819088,15.834788,0.493912,0.302731
2026-09-07,07,46,3,18,15.430109,13.376405,17.799123,-0.55616,-0.356096
2026-09-07,07,47,3,21,17.67797,15.061297,20.749251,-0.231068,-0.155922
2026-09-07,07,48,3,24,20.392435,17.517917,23.738634,-0.049106,-0.034552
2026-09-07,07,49,3,22,18.674727,16.014663,21.776632,-0.131044,-0.089805
2026-09-07,07,50,3,17,14.466261,12.450275,16.808681,-0.030755,-0.019283
2026-09-07,07,51,3,17,14.435739,12.395919,16.811222,-0.281322,-0.176395
2026-09-07,07,52,3,21,17.644583,14.997059,20.75949,0.195035,0.131628
2026-09-07,07,53,3,21,17.928092,15.462122,20.787346,0.231776,0.156493
2026-09-07,07,54,3,19,16.142681,13.862827,18.797476,-0.661105,-0.431535
2026-09-07,07,55,3,18,15.419637,13.357419,17.800236,-0.424017,-0.271494
2026-09-07,07,56,3,19,16.122392,13.8266,18.799382,-0.665932,-0.434701
2026-09-07,07,57,3,16,13.077824,10.797872,15.839185,-0.43191,-0.264757
2026-09-07,07,58,3,16,13.132851,10.885273,15.844505,-0.972861,-0.596433
2026-09-07,07,59,3,17,14.110011,11.840115,16.815073,0.138829,0.087056
2026-09-07,07,60,3,18,14.70379,12.155251,17.786672,0.339725,0.217463
2026-09-07,07,61,3,14,11.472783,9.511682,13.83822,-0.425754,-0.247152
2026-09-07,07,62,3,16,13.097554,10.832207,15.836655,0.000418,0.000256
2026-09-07,07,63,3,16,13.144074,10.907082,15.839864,0.027793,0.017037
2026-09-07,07,64,3,16,13.05842,10.765348,15.839926,0.115566,0.070842
2026-09-07,07,65,3,18,14.803096,12.310689,17.800113,-0.399483,-0.255784
2026-09-07,07,66,3,18,14.876675,12.427889,17.807968,0.331646,0.212383
2026-09-07,07,77,6,37,24.745802,18.172416,33.696935,-0.03062,-0.023612
2026-09-07,09,11,6,35,26.142578,20.303334,33.66119,0.17464,0.134641
2026-09-07,09,12,6,36,24.77586,17.980304,34.13976,0.228753,0.176928
2026-09-07,09,13,6,39,29.472618,22.955441,37.840059,-0.231369,-0.183006
2026-09-07,09,14,6,35,26.439985,20.693584,33.782103,0.11568,0.089259
2026-09-07,09,15,6,37,25.072678,17.627488,35.662437,-0.039208,-0.030621
2026-09-07,09,16,6,36,25.984374,19.71927,34.239996,-0.332143,-0.257066
2026-09-07,09,20,6,40,28.916091,21.8057,38.345034,-0.243374,-0.193033
2026-09-07,09,22,6,36,22.42918,15.042594,33.44291,-0.122396,-0.094222
2026-09-07,09,23,6,33,23.10447,17.061817,31.287203,0.042877,0.032492
2026-09-07,09,24,6,44,28.221155,19.471629,40.902259,0.185294,0.148892
2026-09-07,09,25,5,29,18.969457,13.402166,26.849413,0.066867,0.048721
2026-09-07,09,26,6,37,27.201173,20.977247,35.271729,0.382453,0.297974
2026-09-07,09,27,5,32,18.206462,11.369716,29.154228,-0.026642,-0.019838
2026-09-07,09,28,6,35,21.942548,14.932447,32.243571,-0.153943,-0.117501
2026-09-07,09,30,6,40,29.221655,22.304147,38.284592,0.265872,0.210808
2026-09-07,09,31,6,38,28.770884,22.448734,36.873517,0.086311,0.067898
2026-09-07,09,32,6,37,27.049192,20.717048,35.31675,0.174097,0.135679
2026-09-07,09,33,6,34,24.28552,18.291161,32.244343,-0.129974,-0.099206
2026-09-07,09,35,6,37,28.162119,22.107758,35.874509,0.194608,0.152187
2026-09-07,09,36,6,43,31.135397,23.492764,41.264321,0.218407,0.175803
2026-09-07,09,37,6,37,25.286829,18.002812,35.517992,0.038269,0.029862
2026-09-07,09,38,6,38,28.772891,22.4275,36.913577,0.345857,0.272135
2026-09-07,09,39,6,35,24.172447,17.540421,33.312038,0.149896,0.115287
2026-09-07,09,40,6,37,27.922095,21.706968,35.916734,0.301835,0.2361
2026-09-07,09,41,6,35,24.034462,17.25328,33.4809,-0.011526,-0.008876
2026-09-07,09,43,6,33,23.427572,17.521857,31.3238,0.078586,0.059569
2026-09-07,09,44,6,34,23.177907,16.472626,32.612612,0.191958,0.146911
2026-09-07,09,47,6,34,22.225669,15.844375,31.177017,-0.05927,-0.044876
2026-09-07,09,48,6,41,29.045346,21.467308,39.298461,0.254467,0.202849
2026-09-07,09,49,6,35,26.491092,20.643503,33.9951,-0.080887,-0.062502
2026-09-07,09,50,6,36,25.353733,18.78073,34.227197,-0.119697,-0.092633
2026-09-07,09,51,6,40,29.352218,22.479575,38.326023,0.114521,0.090823
2026-09-07,09,52,6,32,19.883428,13.762472,28.726723,0.007465,0.005537
2026-09-07,09,53,6,34,22.175857,16.005596,30.724795,-0.031726,-0.023935
2026-09-07,09,54,6,34,25.339226,19.640806,32.690939,0.120243,0.092077
2026-09-07,09,55,6,34,24.788385,19.022041,32.302739,-0.291846,-0.222856
2026-09-07,09,56,6,40,23.847119,15.489355,36.714574,0.316586,0.248816
2026-09-07,09,59,6,35,26.519664,20.717014,33.947584,-0.513847,-0.396924
2026-09-07,09,60,6,32,24.421076,19.186941,31.083067,-0.473852,-0.358512
2026-09-07,09,61,6,35,20.363248,12.773841,32.4618,-0.063071,-0.048217
2026-09-07,09,64,6,33,24.306084,18.780271,31.457784,-0.047253,-0.035855
2026-09-07,09,66,6,31,21.064803,15.331717,28.941698,0.017742,0.013186
2026-09-07,09,67,5,27,17.544596,12.449228,24.725458,0.019589,0.013948
2026-09-07,09,68,6,42,30.488033,23.059268,40.310047,0.164473,0.131781
2026-09-07,09,69,5,29,20.55512,15.70441,26.904095,-0.194488,-0.141787
2026-09-07,09,70,6,35,24.961152,18.684165,33.346906,-0.235265,-0.18099
2026-09-07,09,71,6,37,27.678154,21.341418,35.896406,-0.199231,-0.155822
2026-09-07,09,72,6,34,24.618841,18.724656,32.368408,-0.354925,-0.271154
2026-09-07,09,73,6,39,24.411503,16.401445,36.333475,0.3015,0.236429
2026-09-07,10,11,5,36,23.863604,16.697018,34.106186,-0.105216,-0.081361
2026-09-07,10,14,6,45,32.508351,24.772854,42.659311,0.106582,0.086342
2026-09-07,10,16,6,39,23.98743,15.689621,36.673723,-0.272874,-0.21441
2026-09-07,10,17,6,47,33.810397,25.406913,44.993381,-0.121083,-0.099065
2026-09-07,10,18,6,40,28.350396,21.321304,37.696803,-0.295025,-0.233171
2026-09-07,10,19,6,41,29.079871,21.947576,38.529946,0.367583,0.291839
2026-09-07,10,20,6,42,29.964197,22.392565,40.096035,-0.031267,-0.025026
2026-09-07,10,22,6,36,22.189793,14.539128,33.86633,-0.161845,-0.12495
2026-09-07,10,23,6,45,31.977138,23.904603,42.77575,-0.688917,-0.558381
2026-09-07,10,24,6,43,30.314373,22.467348,40.902077,0.055283,0.044423
2026-09-07,10,25,6,39,27.190572,20.24164,36.525064,-0.32423,-0.25454
2026-09-07,10,26,6,35,21.642863,14.254461,32.860837,0.048345,0.037065
2026-09-07,10,28,6,44,32.622208,24.908842,42.724125,-0.307706,-0.249345
2026-09-07,10,29,6,39,24.234703,16.240966,36.162925,-0.23,-0.180176
2026-09-07,10,30,6,48,34.754946,26.310062,45.910429,0.211529,0.173695
2026-09-07,10,31,6,45,33.001437,25.274849,43.090065,0.335884,0.272617
2026-09-07,10,32,6,37,23.165967,15.537463,34.539875,0.074346,0.057654
2026-09-07,10,33,6,41,28.65609,21.359209,38.445783,0.112432,0.089224
2026-09-07,10,34,6,47,35.475526,27.537283,45.702147,0.271632,0.222867
2026-09-07,10,37,6,44,29.398225,21.233439,40.702575,0.13713,0.110084
2026-09-07,10,38,6,40,24.894732,16.493863,37.574442,-0.098455,-0.07776
2026-09-07,10,39,6,43,24.238532,15.098178,38.912406,0.03541,0.02817
2026-09-07,10,41,6,40,28.541279,21.401787,38.062458,0.017438,0.01381
2026-09-07,10,43,6,48,34.27912,25.675712,45.765356,0.238879,0.196042
2026-09-07,10,44,6,43,30.590138,22.841154,40.968007,0.094566,0.076012
2026-09-07,10,46,6,41,26.485318,18.10862,38.736914,0.144638,0.114961
2026-09-07,10,47,6,40,24.089649,15.760569,36.820446,-0.237669,-0.186907
2026-09-07,10,48,6,41,28.680353,21.134763,38.919889,0.031587,0.02513
2026-09-07,10,49,6,46,32.178248,23.933446,43.263291,0.119438,0.097014
2026-09-07,10,50,6,42,31.018007,23.538731,40.873773,-0.207136,-0.16642
2026-09-07,10,53,6,42,31.178088,23.803976,40.836589,-0.247621,-0.198912
2026-09-07,10,55,6,42,30.086194,22.561905,40.119798,0.126188,0.101011
2026-09-07,10,56,6,40,24.607932,16.177446,37.431761,-0.24086,-0.19008
2026-09-07,10,58,6,47,33.676026,25.120764,45.144913,-0.062458,-0.051132
2026-09-07,10,59,6,35,22.233655,15.085521,32.768865,-0.183881,-0.140887
2026-09-07,10,60,6,43,32.00968,24.540222,41.752664,-0.152856,-0.12332
2026-09-07,10,61,6,48,34.98693,26.611728,45.997962,-0.218931,-0.179834
2026-09-07,10,62,6,47,33.110711,24.809949,44.188692,-0.065445,-0.053367
2026-09-07,10,65,6,45,32.289343,24.406107,42.718886,0.071579,0.058002
2026-09-07,10,66,6,42,30.018606,22.506728,40.037659,-0.079876,-0.063913
2026-09-07,10,67,6,38,23.906523,16.218496,35.238892,-0.157835,-0.122946
2026-09-07,10,68,6,33,18.113675,11.031632,29.742218,-0.474046,-0.354766
2026-09-07,10,69,6,36,20.199987,12.628288,32.311543,0.137519,0.105017
2026-09-07,10,70,6,46,34.819879,27.104664,44.731195,-0.01255,-0.010257
2026-09-07,11,11,6,42,26.777114,18.791741,38.155795,0.386204,0.306005
2026-09-07,11,13,6,46,25.997246,16.263097,41.557695,0.098573,0.079454
2026-09-07,11,14,6,42,27.505636,19.310025,39.179649,0.004855,0.003868
2026-09-07,11,15,6,39,25.370959,18.104716,35.553474,-0.032825,-0.025619
2026-09-07,11,17,6,40,24.067909,15.806916,36.646253,-0.253335,-0.199025
2026-09-07,11,18,6,45,25.907876,16.574534,40.496948,0.147542,0.118324
2026-09-07,11,19,6,42,25.352165,16.373099,39.255384,0.186462,0.148606
2026-09-07,11,20,6,42,24.482287,15.349537,39.04889,0.33871,0.269655
2026-09-07,11,21,6,40,26.819882,19.475131,36.934595,0.059192,0.04658
2026-09-07,11,22,6,39,23.304344,15.226391,35.667837,-0.235054,-0.183584
2026-09-07,11,23,6,40,28.284575,21.146325,37.832447,-0.408227,-0.322882
2026-09-07,11,24,5,33,23.312561,17.691114,30.720253,-0.115985,-0.087502
2026-09-07,11,26,6,44,27.258529,18.578626,39.993668,0.073276,0.058619
2026-09-07,11,27,6,43,28.309825,20.130189,39.813146,-0.039259,-0.031377
2026-09-07,11,29,6,41,24.372378,15.539605,38.225736,0.175032,0.138737
2026-09-07,11,30,6,38,23.449893,15.923087,34.534601,-0.082976,-0.064344
2026-09-07,11,32,6,40,25.082089,17.227353,36.518158,0.154041,0.120927
2026-09-07,11,33,6,43,25.469995,16.946481,38.280552,0.011893,0.00943
2026-09-07,11,34,6,44,25.897483,16.60438,40.39173,-0.231705,-0.185725
2026-09-07,11,35,6,38,24.976541,17.754297,35.13671,-0.092697,-0.07216
2026-09-07,11,36,6,37,25.663175,18.751567,35.12232,0.05591,0.043519
2026-09-07,11,37,6,42,25.07235,16.768595,37.488099,-0.058866,-0.04647
2026-09-07,11,38,6,42,28.08981,20.280051,38.907074,0.034608,0.027531
2026-09-07,11,41,6,41,24.157595,15.431184,37.818834,0.140974,0.111493
2026-09-07,11,44,6,37,23.349182,15.653927,34.82732,0.161448,0.125433
2026-09-07,11,45,6,43,29.327316,21.370117,40.247391,0.053778,0.043075
2026-09-07,11,46,6,42,26.327908,17.975972,38.560291,-0.149609,-0.1188
2026-09-07,11,47,6,42,26.31195,18.103909,38.241395,0.206467,0.163669
2026-09-07,11,48,6,40,25.32002,17.225865,37.217486,0.017533,0.01382
2026-09-07,11,49,6,43,24.63094,15.521889,39.085657,-0.358005,-0.28507
2026-09-07,11,51,6,38,23.446969,15.889773,34.598377,-0.103654,-0.080413
2026-09-07,11,52,6,43,30.175963,22.378951,40.689517,-0.037887,-0.030412
2026-09-07,11,53,6,42,24.5057,15.646422,38.381256,-0.041111,-0.032613
2026-09-07,11,54,6,40,23.865839,15.400562,36.984252,0.120585,0.09492
2026-09-07,11,57,6,42,28.272615,20.576598,38.847082,0.236366,0.187977
2026-09-07,11,58,6,42,23.376556,14.439966,37.843812,0.067234,0.053181
2026-09-07,11,60,6,35,23.619552,17.198498,32.437905,-0.152602,-0.116643
2026-09-07,11,61,6,42,24.590816,15.787196,38.303713,-0.032108,-0.025461
2026-09-07,11,62,6,43,24.538756,15.244813,39.498717,-0.076502,-0.061047
2026-09-07,11,63,6,42,27.569653,19.817881,38.353533,-0.480307,-0.380975
2026-09-07,11,64,5,35,22.255385,15.324236,32.321492,0.051028,0.038971
2026-09-07,11,65,6,42,28.158036,20.317431,39.024374,0.233285,0.185699
2026-09-07,11,66,6,42,24.736782,15.885849,38.519085,0.205999,0.163541
2026-09-07,11,68,6,38,22.261046,14.535435,34.092834,0.072858,0.056334
2026-09-07,11,72,6,43,30.148671,22.337665,40.69102,0.074124,0.059501
2026-09-07,11,73,5,34,22.270925,16.029759,30.94208,-0.107327,-0.081113
2026-09-07,13,1,6,45,29.993831,21.003206,42.832979,-0.294823,-0.23902
2026-09-07,13,2,6,50,32.139676,21.787079,47.411531,0.144275,0.119145
2026-09-07,13,3,6,48,29.453542,19.199964,45.182958,0.168645,0.138084
2026-09-07,13,4,6,47,32.459368,24.030358,43.844982,0.326899,0.266188
2026-09-07,13,5,6,43,30.387998,22.474277,41.088326,-0.252788,-0.203307
2026-09-07,13,7,6,44,30.686155,22.492904,41.863876,0.075759,0.061152
2026-09-07,13,9,6,44,27.773035,19.047327,40.49605,0.162264,0.13013
2026-09-07,13,10,6,41,28.963981,21.41487,39.174286,0.193464,0.154122
2026-09-07,13,12,6,46,30.548914,21.440488,43.526815,0.193325,0.157208
2026-09-07,13,14,6,39,24.640497,16.381134,37.064229,-0.023512,-0.018516
2026-09-07,13,16,6,44,28.099642,19.148605,41.234852,0.205946,0.165749
2026-09-07,13,17,6,44,32.261064,24.877981,41.835237,0.299516,0.241734
2026-09-07,13,19,6,44,32.525147,25.1165,42.119132,-0.06981,-0.056416
2026-09-07,13,20,6,47,31.611427,22.271303,44.868608,-0.308945,-0.252639
2026-09-07,13,21,6,42,27.411344,18.898207,39.759421,-0.148915,-0.118988
2026-09-07,13,22,6,38,21.676315,12.927087,36.347141,-0.274383,-0.215181
2026-09-07,13,23,6,49,32.29804,22.724495,45.9048,0.241791,0.198541
2026-09-07,13,24,6,41,27.907124,20.022535,38.896551,-0.289229,-0.230078
2026-09-07,13,26,6,43,31.855886,24.723353,41.04611,0.046146,0.037106
2026-09-07,13,27,5,36,24.16474,17.225395,33.899638,-0.498226,-0.384734
2026-09-07,13,28,6,42,26.003744,17.329064,39.020843,0.007019,0.005587
2026-09-07,13,29,6,38,25.807577,18.487247,36.026511,-0.244705,-0.191539
2026-09-07,13,30,5,35,23.15643,16.15205,33.198278,-0.268756,-0.206542
2026-09-07,13,31,6,44,29.959046,21.315108,42.10837,-0.010771,-0.008704
2026-09-07,13,33,6,41,26.94845,18.87887,38.467288,-0.185353,-0.14711
2026-09-07,13,36,6,40,28.282081,20.849512,38.364261,-0.027105,-0.0215
2026-09-07,13,37,6,48,33.226369,24.526032,45.013053,0.089353,0.07311
2026-09-07,13,39,6,50,30.781774,20.247861,46.795938,0.260911,0.214973
2026-09-07,13,40,6,50,31.364954,21.090399,46.644936,0.188571,0.155281
2026-09-07,13,41,6,38,24.344917,16.827875,35.219836,-0.162449,-0.126525
2026-09-07,13,42,6,44,30.899066,23.084079,41.359773,-0.117537,-0.094652
2026-09-07,13,43,6,42,24.316617,15.735648,37.576961,-0.407665,-0.32198
2026-09-07,13,44,6,45,29.584026,20.347651,43.013053,0.055769,0.045249
2026-09-07,13,46,6,46,29.929549,21.351746,41.953379,0.297532,0.240263
2026-09-07,13,47,6,39,27.72302,20.728951,37.076929,-0.083604,-0.065845
2026-09-07,13,51,6,40,27.264958,19.66484,37.802391,0.283034,0.223825
2026-09-07,13,53,6,42,27.27007,18.856923,39.4368,0.012958,0.010337
2026-09-07,13,54,6,44,32.365344,24.927513,42.022463,-0.092414,-0.07465
2026-09-07,13,55,6,42,28.883669,20.868731,39.97686,0.233389,0.18669
2026-09-07,13,58,6,40,29.10588,22.271279,38.03788,-0.44588,-0.353062
2026-09-07,13,59,6,44,31.210416,23.493741,41.461682,-0.283355,-0.228294
2026-09-07,13,60,6,41,27.274356,19.245059,38.653582,-0.185232,-0.14716
2026-09-07,13,61,6,44,31.346536,22.999499,42.722901,0.471837,0.382343
2026-09-07,13,62,6,41,26.474448,18.441566,38.006339,-0.183187,-0.145028
2026-09-07,13,63,6,49,30.34477,20.002116,46.035383,0.125899,0.103431
2026-09-07,14,10,5,29,18.064889,12.198201,26.753142,-0.075762,-0.055149
2026-09-07,14,11,4,25,13.48953,7.85945,23.152691,-0.491265,-0.343082
2026-09-07,14,12,4,27,16.322654,10.413885,25.58402,-0.203665,-0.14643
2026-09-07,14,16,4,29,17.002166,10.523998,27.468043,-0.061628,-0.04518
2026-09-07,14,17,5,35,21.012732,13.818118,31.953331,-0.206217,-0.157063
2026-09-07,14,21,5,30,19.294177,13.33574,27.914854,-0.018882,-0.013902
2026-09-07,14,23,4,25,13.611737,7.871219,23.538842,0.061366,0.043069
2026-09-07,14,24,5,30,17.009299,10.34802,27.95861,0.108245,0.079729
2026-09-07,14,25,6,41,24.269843,15.478127,38.055334,0.146288,0.115846
2026-09-07,14,26,5,33,17.911253,10.365277,30.950739,-0.321159,-0.242734
2026-09-07,14,27,5,32,17.871339,10.736544,29.747446,0.090729,0.067902
2026-09-07,14,28,4,25,17.041694,12.152486,23.897934,-0.413722,-0.291672
2026-09-07,14,29,6,41,24.209879,15.426994,37.993031,-0.138066,-0.109298
2026-09-07,14,30,3,18,9.604224,5.539974,16.650102,0.223307,0.139515
2026-09-07,14,31,5,35,20.867772,13.443435,32.39231,-0.493274,-0.376914
2026-09-07,14,32,4,27,16.361537,10.332919,25.907478,-0.139669,-0.100772
2026-09-07,14,33,4,27,16.425104,10.517295,25.651466,-0.033656,-0.024216
2026-09-07,14,35,4,26,13.8216,7.958531,24.004004,-0.072131,-0.050918
2026-09-07,14,36,5,32,20.010972,13.400828,29.88166,0.033642,0.025207
2026-09-07,14,38,4,28,17.916844,12.177074,26.362103,-0.382121,-0.277033
2026-09-07,14,39,5,30,19.302505,13.349677,27.909789,-0.34837,-0.256475
2026-09-07,14,51,5,34,18.849877,11.277818,31.505907,0.223999,0.170031
2026-09-07,14,52,4,30,18.948378,12.89054,27.853063,0.003117,0.002293
2026-09-07,14,53,4,24,16.025831,11.69944,21.9521,0.299799,0.205971
2026-09-07,14,54,4,27,16.044028,10.053397,25.604362,-0.228092,-0.164029
2026-09-07,14,55,3,20,13.186641,9.407507,18.483907,-0.345449,-0.224171
2026-09-07,14,56,4,23,12.902101,7.587798,21.938409,-0.386766,-0.265668
2026-09-07,14,58,4,25,14.636798,9.261911,23.130849,0.201174,0.140453
2026-09-07,14,59,4,26,15.545341,9.808207,24.638306,0.11116,0.079069
2026-09-07,14,60,4,26,16.172549,11.428223,22.886439,0.076254,0.053067
2026-09-07,14,61,5,28,16.348458,10.183443,26.245747,-0.113966,-0.082523
2026-09-07,14,65,4,27,15.860764,9.837422,25.572132,-0.082693,-0.059447
2026-09-07,14,68,5,32,20.279184,13.904385,29.576663,2.4e-05,1.8e-05
2026-09-07,14,69,6,42,24.646535,15.554327,39.05355,-0.278804,-0.221968
2026-09-07,14,70,4,26,15.360401,9.578243,24.633111,-0.377895,-0.268781
2026-09-07,14,71,4,27,15.868588,9.848135,25.569519,0.059777,0.042971
2026-09-07,14,73,4,21,13.315417,9.380088,18.901776,-0.135266,-0.088464
2026-09-07,14,74,5,35,20.689848,13.344332,32.078775,-0.169477,-0.129201
2026-09-07,14,75,5,31,19.220565,12.959447,28.506626,-0.147732,-0.109367
2026-09-07,14,76,5,33,18.910084,11.561217,30.930246,-0.003747,-0.002831
2026-09-07,14,78,5,33,19.913404,13.039071,30.411956,0.121865,0.091709
2026-09-07,14,79,4,28,16.465222,10.185149,26.617531,0.033185,0.024122
2026-09-07,14,80,5,36,19.085827,10.580351,34.428802,-0.241151,-0.186873
2026-09-07,14,83,6,39,23.739608,15.647581,36.016365,-0.483045,-0.378073
2026-09-07,14,84,4,25,14.492112,9.315487,22.545394,-0.391159,-0.27097
2026-09-07,16,11,6,49,29.599981,18.873416,46.42291,-0.003975,-0.003271
2026-09-07,16,12,6,43,27.720763,18.934823,40.583464,-0.349608,-0.280493
2026-09-07,16,14,6,48,30.959263,21.71489,44.139111,-0.026361,-0.021492
2026-09-07,16,15,6,46,28.920164,20.1423,41.523355,-0.276517,-0.222849
2026-09-07,16,16,6,49,34.533579,25.321501,47.097053,0.486129,0.400988
2026-09-07,16,17,6,50,30.76401,20.107678,47.067808,-0.252835,-0.208531
2026-09-07,16,18,6,48,30.247629,20.405823,44.836176,-0.244007,-0.19951
2026-09-07,16,20,6,48,29.35168,19.529861,44.113017,0.3261,0.265837
2026-09-07,16,21,6,50,32.124646,22.551143,45.762331,0.072371,0.059393
2026-09-07,16,22,6,47,29.937917,20.469398,43.786285,0.037169,0.030258
2026-09-07,16,23,6,48,29.934383,20.051505,44.688281,-0.313647,-0.256295
2026-09-07,16,24,6,48,30.598962,20.279661,46.169236,-0.172589,-0.141862
2026-09-07,16,25,6,44,28.813698,20.390734,40.716004,-0.040117,-0.032207
2026-09-07,16,26,6,47,28.517535,18.245896,44.571657,-0.256816,-0.209756
2026-09-07,16,27,6,45,26.166537,16.711293,40.971554,0.015632,0.012565
2026-09-07,16,28,5,37,18.372483,9.497938,35.539095,-0.381394,-0.297643
2026-09-07,16,31,6,47,29.970356,20.212558,44.438822,-0.260736,-0.21284
2026-09-07,16,32,6,52,32.376647,22.40327,46.789923,-0.020326,-0.016747
2026-09-07,16,33,6,43,30.408889,22.741402,40.661545,-0.017525,-0.014066
2026-09-07,16,34,6,51,30.651436,19.740579,47.592855,-0.035125,-0.029026
2026-09-07,16,36,6,49,33.237252,23.872986,46.274685,0.372647,0.306428
2026-09-07,16,37,6,48,33.846127,25.082498,45.6717,0.317589,0.260542
2026-09-07,16,38,6,49,29.927225,19.252929,46.519611,0.141422,0.116401
2026-09-07,16,39,6,45,29.295567,20.202235,42.481945,0.061926,0.050126
2026-09-07,16,40,6,46,25.564384,15.683063,41.671563,-0.218849,-0.176495
2026-09-07,16,41,6,47,31.90858,22.994349,44.278597,0.066083,0.053908
2026-09-07,16,42,6,50,30.507218,19.663254,47.33145,-0.002297,-0.001896
2026-09-07,16,43,4,35,25.726478,19.72141,33.560059,0.237347,0.18286
2026-09-07,16,46,6,48,30.131954,20.994247,43.246831,-0.316163,-0.256786
2026-09-07,16,48,5,39,21.806389,13.315475,35.711726,-0.360616,-0.281727
2026-09-07,16,50,6,49,31.041,20.473856,47.062151,0.049391,0.040735
2026-09-07,16,52,6,48,31.366981,22.112544,44.494539,0.25273,0.206353
2026-09-07,16,53,6,50,30.248051,19.627648,46.61509,-0.182745,-0.150466
2026-09-07,16,54,6,44,28.496278,20.035398,40.530159,-0.280947,-0.225347
2026-09-07,16,56,6,48,30.388413,20.008759,46.152569,0.059635,0.049015
2026-09-07,16,57,6,46,29.021613,19.031564,44.255639,-0.049755,-0.040585
2026-09-07,16,58,5,38,22.190384,14.104854,34.910897,0.052617,0.040901
2026-09-07,16,60,6,50,31.030985,21.281231,45.247477,0.134277,0.109972
2026-09-07,16,61,6,43,26.751979,17.772367,40.268603,0.142091,0.113824
2026-09-07,16,62,5,41,22.983698,13.415768,39.375336,0.078815,0.062853
2026-09-07,16,63,6,39,26.87296,19.35535,37.310405,-0.248165,-0.195711
2026-09-07,16,64,6,50,33.353367,23.893363,46.558833,0.179279,0.147581
2026-09-07,16,65,6,50,30.940782,20.542933,46.601525,0.213246,0.175571
2026-09-07,16,66,6,48,28.107262,17.823978,44.323337,0.084562,0.068995
2026-09-07,16,67,6,40,25.769028,17.52183,37.898029,-0.075968,-0.060108
2026-09-07,16,68,6,49,28.23293,18.073821,44.102372,-0.150096,-0.122353
2026-09-07,22,11,6,47,33.486489,24.928619,44.982233,0.266127,0.217724
2026-09-07,22,12,6,48,30.336417,20.513349,44.863383,0.14559,0.119053
2026-09-07,22,13,6,45,27.379501,18.381423,40.782321,0.217879,0.174974
2026-09-07,22,15,6,47,32.625892,23.921586,44.497419,-0.079744,-0.065112
2026-09-07,22,16,6,46,28.282979,19.01583,42.066366,0.057805,0.046702
2026-09-07,22,18,6,45,28.676045,19.461575,42.253289,0.053152,0.04298
2026-09-07,22,19,6,44,29.606241,21.685692,40.419715,0.014711,0.011793
2026-09-07,22,20,6,49,29.318038,19.06752,45.079135,0.244835,0.200383
2026-09-07,22,21,6,48,31.399288,21.976411,44.862435,0.169882,0.138917
2026-09-07,22,22,6,48,31.886228,22.626654,44.935126,-0.294662,-0.241024
2026-09-07,22,25,6,44,30.520505,22.34087,41.694939,0.030268,0.024413
2026-09-07,22,26,6,46,30.99488,22.520761,42.657644,0.519483,0.42083
2026-09-07,22,27,6,45,31.425156,23.082332,42.783391,-0.314455,-0.25488
2026-09-07,22,28,5,34,20.289182,13.191171,31.206548,-0.091428,-0.06924
2026-09-07,22,29,6,43,29.98851,21.875793,41.109859,0.035332,0.028419
2026-09-07,22,30,5,34,20.471799,13.669037,30.660136,-0.013739,-0.01036
2026-09-07,22,31,6,48,32.387536,23.548751,44.543868,-0.095807,-0.078242
2026-09-07,22,32,6,50,35.341806,26.085975,47.881793,-0.187938,-0.155469
2026-09-07,22,33,6,41,26.173423,18.286195,37.462583,-0.055192,-0.043564
2026-09-07,22,34,6,48,32.89164,24.052281,44.979518,0.320154,0.261923
2026-09-07,22,35,6,47,29.626698,20.399489,43.027609,-0.306881,-0.249009
2026-09-07,22,36,6,47,34.108082,25.800882,45.089981,0.323186,0.264521
2026-09-07,22,37,5,39,25.644307,18.473748,35.598108,-0.063176,-0.049321
2026-09-07,22,39,5,37,23.243061,16.158405,33.433985,-0.011869,-0.009137
2026-09-07,22,43,5,36,21.475305,14.080272,32.754248,0.295105,0.226081
2026-09-07,22,44,6,44,31.126424,23.003846,42.117057,0.065947,0.053293
2026-09-07,22,46,6,45,28.869885,19.716099,42.273588,-0.234479,-0.189623
2026-09-07,22,48,5,39,28.693171,21.965773,37.480951,0.227885,0.17989
2026-09-07,22,49,6,44,28.913033,20.797243,40.195881,0.194402,0.155673
2026-09-07,22,51,6,46,32.296802,23.959763,43.534797,0.423082,0.344053
2026-09-07,22,52,6,46,29.725822,20.42338,43.265339,-0.046928,-0.038118
2026-09-07,22,53,6,47,32.593023,24.038725,44.191409,0.033474,0.027297
2026-09-07,22,56,5,38,23.446795,15.98975,34.381538,-0.369987,-0.286622
2026-09-07,22,57,6,45,29.137591,19.981677,42.488886,-0.021778,-0.017629
2026-09-07,22,58,6,47,30.769244,22.012862,43.008783,-0.118144,-0.095856
2026-09-07,22,59,6,44,28.274401,19.945361,40.081586,0.269523,0.215706
2026-09-07,22,61,6,50,33.090776,23.452699,46.689699,0.196482,0.161823
2026-09-07,22,62,5,39,24.233663,16.692007,35.182731,0.067606,0.052643
2026-09-07,22,63,5,39,27.182269,20.325591,36.351995,-0.169041,-0.132572
2026-09-07,22,65,6,45,28.037134,18.969135,41.439996,-0.072313,-0.058255
2026-09-07,22,67,5,37,22.677663,15.41534,33.361341,-0.038729,-0.029798
2026-09-07,22,70,6,49,31.625966,22.037936,45.385456,-0.169123,-0.138587
2026-09-07,22,71,5,37,23.239798,16.16013,33.421032,-0.282901,-0.217748
2026-09-07,22,72,6,45,31.781195,23.477625,43.021574,0.019454,0.015785
2026-09-07,22,74,4,28,14.554467,8.774444,24.141989,0.039519,0.027944
2026-09-07,24,12,6,36,24.930843,18.173655,34.200438,0.145256,0.112393
2026-09-07,24,13,6,39,22.780556,14.334847,36.202251,-0.080792,-0.063305
2026-09-07,24,14,6,44,27.888205,18.972912,40.992758,0.06102,0.049053
2026-09-07,24,16,6,44,27.81517,18.527269,41.759186,0.302482,0.244042
2026-09-07,24,17,6,38,23.285307,15.174433,35.731518,0.038913,0.030404
2026-09-07,24,19,6,39,26.382542,18.617522,37.386206,-0.049261,-0.038866
2026-09-07,24,20,6,41,25.013122,16.309885,38.360557,0.089395,0.07091
2026-09-07,24,22,6,36,23.356834,16.235562,33.601652,-0.031506,-0.02428
2026-09-07,24,23,6,38,24.582586,16.928836,35.696699,-0.265993,-0.207785
2026-09-07,24,24,6,35,23.314645,16.574834,32.795059,0.118007,0.090432
2026-09-07,24,25,5,31,19.488344,12.98592,29.246719,0.061859,0.046097
2026-09-07,24,26,6,36,21.332307,13.348767,34.090587,0.328368,0.253892
2026-09-07,24,27,6,34,22.74179,16.019243,32.285482,0.07297,0.055714
2026-09-07,24,28,6,37,22.82785,14.998903,34.743255,-0.014583,-0.011324
2026-09-07,24,29,6,39,25.367,17.51478,36.739524,0.232641,0.182867
2026-09-07,24,31,6,33,20.97313,14.101155,31.194051,0.032457,0.024578
2026-09-07,24,33,5,28,15.669351,9.20741,26.666409,0.192175,0.139763
2026-09-07,24,34,6,34,23.059569,16.2852,32.65196,0.019894,0.01523
2026-09-07,24,36,5,31,18.459358,11.570732,29.449123,0.129904,0.096975
2026-09-07,24,37,6,38,23.485856,15.37217,35.88208,0.363145,0.283998
2026-09-07,24,38,6,38,23.500381,15.363981,35.945627,0.325264,0.25447
2026-09-07,24,40,6,37,23.091152,15.553124,34.282585,-0.019309,-0.014948
2026-09-07,24,41,6,41,24.514987,15.685829,38.313856,0.401608,0.318484
2026-09-07,24,43,6,35,23.882085,16.998451,33.553292,-0.086771,-0.066848
2026-09-07,24,44,6,40,25.273811,16.840187,37.931024,0.414967,0.328391
2026-09-07,24,45,6,41,24.433525,15.591035,38.291051,0.46377,0.367733
2026-09-07,24,46,6,36,21.671751,13.913734,33.755483,-0.277643,-0.214189
2026-09-07,24,47,6,34,21.219312,13.965113,32.241716,0.065263,0.049813
2026-09-07,24,48,6,42,26.346386,17.806652,38.981613,0.151742,0.120763
2026-09-07,24,49,6,38,23.77207,15.778883,35.814407,-0.140707,-0.109995
2026-09-07,24,52,6,39,23.67811,15.329078,36.57447,-0.22318,-0.175261
2026-09-07,24,53,5,31,19.564083,13.12164,29.169627,-0.315515,-0.234964
2026-09-07,24,54,6,36,21.668305,13.8795,33.827979,-0.090881,-0.070145
2026-09-07,24,55,6,39,23.965827,15.566711,36.896739,0.136167,0.107132
2026-09-07,24,56,6,36,22.063045,14.738546,33.027543,0.187814,0.144164
2026-09-07,24,57,6,36,22.991503,15.903569,33.238401,0.277698,0.213473
2026-09-07,24,58,6,31,19.122582,12.830047,28.501309,0.498686,0.369162
2026-09-07,24,59,6,38,22.993695,14.805887,35.709445,0.21449,0.167566
2026-09-07,24,60,6,33,23.126508,16.996553,31.467285,0.048951,0.037147
2026-09-07,24,61,6,41,24.198376,15.648695,37.419182,-0.114633,-0.090458
2026-09-07,24,62,6,37,24.351393,17.016008,34.84897,-0.058814,-0.045701
2026-09-07,24,63,6,41,24.510929,15.999283,37.550784,0.635162,0.501586
2026-09-07,24,65,6,41,25.779297,17.356902,38.288639,0.028752,0.022798
2026-09-07,24,68,6,39,23.50289,14.859776,37.173228,-0.016611,-0.013089
2026-09-07,24,69,6,40,24.624111,16.197675,37.43419,-0.364868,-0.287947
2026-09-07,24,70,6,40,23.576586,14.892024,37.325711,0.169053,0.133332
2026-09-07,24,73,6,33,23.454191,17.418194,31.581868,-0.198745,-0.150949
2026-09-07,24,74,6,34,22.596214,15.720184,32.47983,0.075172,0.057476
2026-09-07,24,75,6,39,23.331867,14.661656,37.129231,-0.021322,-0.016798
2026-09-07,24,76,6,38,21.308924,12.835865,35.37512,-0.013621,-0.010619
2026-09-07,24,77,6,33,22.032542,15.512,31.294024,-0.140221,-0.106265
2026-09-07,24,81,6,36,23.892593,16.560806,34.470304,0.027478,0.021299
