記録日,モーター期起算日,場コード,モーター番号,勝率,勝率順位,2連対率,2連対率順位,3連対率,3連対率順位,1着回数,1着順位,2着回数,2着順位,3着回数,3着順位,連対外回数,出走数,優勝回数,優勝順位,優出回数,優出順位,raw_col_21,raw_col_22,平均ラップ秒,平均ラップ順位,期内初使用日,整備種別1回数,整備種別2回数,整備種別3回数,整備種別4回数,整備種別5回数,整備種別6回数,直近メンテ日
2026-09-07,2025-12-27,01,11,6.67,8,55.56,10,77.78,4,1,16,4,2,2,12,2,9,0,2,0,7,676,7,14.96,17,2025-12-27,0,1,0,0,0,0,2025-12-31
2026-09-07,2025-12-27,01,12,4.56,32,33.33,19,44.44,28,1,16,2,11,1,17,5,9,0,2,0,7,675,3,14.96,17,2025-12-29,1,0,0,0,0,0,2025-12-31
2026-09-07,2025-12-27,01,13,4.78,25,33.33,19,44.44,28,1,16,2,11,1,17,5,9,0,2,0,7,673,1,14.94,14,2025-12-29,0,0,0,0,0,1,2025-12-31
2026-09-07,2025-12-27,01,14,6.33,10,66.67,4,66.67,8,1,16,5,1,0,30,3,9,0,2,0,7,677,13,14.81,2,2025-12-28,0,0,1,0,0,0,2025-12-31
2026-09-07,2025-12-27,01,15,7.11,6,66.67,4,66.67,8,3,5,3,5,0,30,3,9,0,2,1,1,677,13,14.77,1,2025-12-29,0,1,0,0,1,1,2025-12-31
2026-09-07,2025-12-27,01,16,4.63,30,12.5,33,50.0,21,0,32,1,19,3,4,4,8,0,2,0,7,679,27,15.08,34,2025-12-29,0,0,0,0,0,0,2025-12-31
2026-09-07,2025-12-27,01,17,7.6,3,70.0,3,80.0,3,4,2,3,5,1,17,2,10,0,2,0,7,678,19,14.88,7,2025-12-28,0,2,0,1,0,1,2025-12-31
2026-09-07,2025-12-27,01,18,5.25,18,12.5,33,62.5,12,1,16,0,28,4,2,3,8,0,2,0,7,683,39,15.04,28,2025-12-31,0,0,1,0,0,0,2025-12-31
2026-09-07,2025-12-27,01,19,2.13,44,0.0,40,0.0,43,0,32,0,28,0,30,8,8,0,2,0,7,683,39,15.37,44,2025-12-28,0,0,0,0,0,0,2025-12-31
2026-09-07,2025-12-27,01,20,0.0,45,0.0,40,0.0,43,0,32,0,28,0,30,0,0,0,2,0,7,676,7,,,,0,0,0,0,0,0,2025-12-27
2026-09-07,2025-12-27,01,21,7.5,4,62.5,8,75.0,7,4,2,1,19,1,17,2,8,1,1,1,1,678,19,14.92,10,2025-12-31,2,1,0,1,0,0,2025-12-31
2026-09-07,2025-12-27,01,22,2.75,40,12.5,33,12.5,40,0,32,1,19,0,30,7,8,0,2,0,7,679,27,15.18,39,2025-12-31,0,0,0,0,0,0,2025-12-31
2026-09-07,2025-12-27,01,23,4.56,32,22.22,29,33.33,34,2,9,0,28,1,17,6,9,0,2,0,7,685,44,14.99,24,2025-12-29,0,0,0,1,0,1,2025-12-31
2026-09-07,2025-12-27,01,24,4.13,37,0.0,40,37.5,32,0,32,0,28,3,4,5,8,0,2,0,7,684,42,15.23,41,2025-12-28,0,0,0,0,0,0,2025-12-31
2026-09-07,2025-12-27,01,25,5.75,13,62.5,8,62.5,12,2,9,3,5,0,30,3,8,0,2,0,7,677,13,14.96,17,2025-12-28,1,1,0,0,0,0,2025-12-31
2026-09-07,2025-12-27,01,26,8.25,1,75.0,2,87.5,2,4,2,2,11,1,17,1,8,0,2,1,1,677,13,14.81,2,2025-12-29,2,1,1,0,0,0,2025-12-31
2026-09-07,2025-12-27,01,27,4.67,29,11.11,39,44.44,28,1,16,0,28,3,4,5,9,0,2,0,7,678,19,14.97,21,2025-12-29,0,1,0,0,0,0,2025-12-31
2026-09-07,2025-12-27,01,28,6.11,11,44.44,13,66.67,8,2,9,2,11,2,12,3,9,0,2,0,7,676,7,14.9,9,2025-12-30,0,1,0,1,0,0,2025-12-31
2026-09-07,2025-12-27,01,29,4.71,27,42.86,15,42.86,31,1,16,2,11,0,30,4,7,0,2,0,7,675,3,15.04,28,2025-12-27,0,1,0,0,0,0,2025-12-31
2026-09-07,2025-12-27,01,30,7.11,6,66.67,4,66.67,8,6,1,0,28,0,30,3,9,0,2,1,1,678,19,14.85,5,2025-12-28,4,1,0,0,0,1,2025-12-31
2026-09-07,2025-12-27,01,31,6.67,8,44.44,13,77.78,4,3,5,1,19,3,4,2,9,0,2,1,1,677,13,14.84,4,2025-12-28,0,2,0,0,0,1,2025-12-31
2026-09-07,2025-12-27,01,32,5.5,16,25.0,23,25.0,37,1,16,0,28,0,30,3,4,0,2,0,7,673,1,15.29,42,2025-12-28,0,1,0,0,0,0,2025-12-29
2026-09-07,2025-12-27,01,33,5.14,19,28.57,21,28.57,35,2,9,0,28,0,30,5,7,0,2,0,7,682,34,14.99,24,2025-12-31,0,1,0,0,1,0,2025-12-31
2026-09-07,2025-12-27,01,34,4.75,26,25.0,23,50.0,21,1,16,1,19,2,12,4,8,0,2,0,7,681,33,15.05,32,2025-12-30,1,0,0,0,0,0,2025-12-31
2026-09-07,2025-12-27,01,35,5.56,15,22.22,29,55.56,20,2,9,0,28,3,4,4,9,0,2,0,7,677,13,14.95,15,2025-12-28,0,1,1,0,0,0,2025-12-31
2026-09-07,2025-12-27,01,36,5.13,20,25.0,23,50.0,21,2,9,0,28,2,12,4,8,0,2,0,7,675,3,14.97,21,2025-12-31,0,2,0,0,0,0,2025-12-31
2026-09-07,2025-12-27,01,37,2.63,42,12.5,33,12.5,40,0,32,1,19,0,30,7,8,0,2,0,7,682,34,15.14,36,2025-12-28,0,0,0,0,0,0,2025-12-31
2026-09-07,2025-12-27,01,38,8.0,2,77.78,1,88.89,1,3,5,4,2,1,17,1,9,0,2,0,7,676,7,14.95,15,2025-12-28,2,1,0,0,0,0,2025-12-31
2026-09-07,2025-12-27,01,39,2.83,39,16.67,31,16.67,39,0,32,1,19,0,30,5,6,0,2,0,7,683,39,15.19,40,2025-12-31,0,0,0,0,0,0,2025-12-31
2026-09-07,2025-12-27,01,40,4.38,35,12.5,33,50.0,21,1,16,0,28,3,4,4,8,0,2,0,7,678,19,15.06,33,2025-12-28,0,1,0,0,0,0,2025-12-31
2026-09-07,2025-12-27,01,41,5.0,22,37.5,16,50.0,21,1,16,2,11,1,17,4,8,0,2,0,7,678,19,14.98,23,2025-12-31,0,0,0,1,0,0,2025-12-31
2026-09-07,2025-12-27,01,42,5.38,17,25.0,23,62.5,12,0,32,2,11,3,4,3,8,0,2,0,7,676,7,14.92,10,2025-12-28,0,0,0,0,0,0,2025-12-31
2026-09-07,2025-12-27,01,43,2.5,43,0.0,40,12.5,40,0,32,0,28,1,17,7,8,0,2,0,7,682,34,15.29,42,2025-12-30,0,0,0,0,0,0,2025-12-31
2026-09-07,2025-12-27,01,44,7.33,5,66.67,4,77.78,4,3,5,3,5,1,17,2,9,0,2,0,7,678,19,14.89,8,2025-12-31,0,2,0,0,0,1,2025-12-31
2026-09-07,2025-12-27,01,45,5.0,22,12.5,33,62.5,12,1,16,0,28,4,2,3,8,0,2,0,7,676,7,14.93,13,2025-12-27,0,1,0,0,0,0,2025-12-31
2026-09-07,2025-12-27,01,46,4.43,34,28.57,21,28.57,35,1,16,1,19,0,30,5,7,0,2,0,7,685,44,15.01,27,2025-12-28,0,0,0,0,0,1,2025-12-31
2026-09-07,2025-12-27,01,47,5.63,14,37.5,16,62.5,12,1,16,2,11,2,12,3,8,0,2,1,1,680,31,14.85,5,2025-12-27,0,0,0,0,0,1,2025-12-31
2026-09-07,2025-12-27,01,48,4.63,30,0.0,40,62.5,12,0,32,0,28,5,1,3,8,0,2,0,7,680,31,15.16,38,2025-12-27,0,0,0,0,0,0,2025-12-31
2026-09-07,2025-12-27,01,49,2.88,38,0.0,40,0.0,43,0,32,0,28,0,30,8,8,0,2,0,7,675,3,15.15,37,2025-12-28,0,0,0,0,0,0,2025-12-31
2026-09-07,2025-12-27,01,50,4.25,36,25.0,23,37.5,32,2,9,0,28,1,17,5,8,0,2,0,7,682,34,14.92,10,2025-12-31,0,0,1,0,0,1,2025-12-31
2026-09-07,2025-12-27,01,51,5.88,12,50.0,11,62.5,12,0,32,4,2,1,17,3,8,0,2,0,7,682,34,15.04,28,2025-12-29,0,0,0,0,0,0,2025-12-31
2026-09-07,2025-12-27,01,52,5.0,22,50.0,11,50.0,21,1,16,3,5,0,30,4,8,0,2,0,7,679,27,15.04,28,2025-12-30,1,0,0,0,0,0,2025-12-31
2026-09-07,2025-12-27,01,53,5.13,20,37.5,16,50.0,21,0,32,3,5,1,17,4,8,0,2,0,7,679,27,14.99,24,2025-12-28,0,0,0,0,0,0,2025-12-31
2026-09-07,2025-12-27,01,54,4.71,27,14.29,32,57.14,19,1,16,0,28,3,4,3,7,0,2,0,7,678,19,14.96,17,2025-12-27,0,0,0,0,0,1,2025-12-31
2026-09-07,2025-12-27,01,55,2.75,40,25.0,23,25.0,37,0,32,1,19,0,30,3,4,0,2,0,7,684,42,15.12,35,2025-12-28,0,0,0,0,0,0,2025-12-28
2026-09-07,2026-05-11,03,10,4.67,34,22.22,38,22.22,48,1,19,1,23,0,38,7,9,0,2,0,7,712,48,15.24,30,2026-05-14,0,1,0,0,0,0,2026-05-16
2026-09-07,2026-05-11,03,11,3.78,42,22.22,38,33.33,42,0,37,2,8,1,20,6,9,0,2,0,7,702,16,15.39,46,2026-05-12,0,0,0,0,0,0,2026-05-16
2026-09-07,2026-05-11,03,12,6.11,15,55.56,7,55.56,23,3,4,2,8,0,38,4,9,0,2,0,7,704,29,15.11,10,2026-05-12,2,1,0,0,0,0,2026-05-16
2026-09-07,2026-05-11,03,13,6.75,8,62.5,5,62.5,14,3,4,2,8,0,38,3,8,0,2,0,7,707,38,15.13,13,2026-05-12,1,1,0,0,0,1,2026-05-16
2026-09-07,2026-05-11,03,14,5.29,26,28.57,27,57.14,21,1,19,1,23,2,7,3,7,0,2,0,7,699,7,15.2,25,2026-05-16,1,0,0,0,0,0,2026-05-16
2026-09-07,2026-05-11,03,15,3.0,49,12.5,42,25.0,43,0,37,1,23,1,20,6,8,0,2,0,7,717,52,15.69,50,2026-05-14,0,0,0,0,0,0,2026-05-16
2026-09-07,2026-05-11,03,16,6.88,7,50.0,8,75.0,6,3,4,1,23,2,7,2,8,0,2,0,7,701,14,15.07,5,2026-05-14,0,1,2,0,0,0,2026-05-16
2026-09-07,2026-05-11,03,17,5.5,23,25.0,31,62.5,14,2,9,0,38,3,3,3,8,0,2,0,7,704,29,15.18,22,2026-05-16,1,1,0,0,0,0,2026-05-16
2026-09-07,2026-05-11,03,18,5.63,20,37.5,20,62.5,14,1,19,2,8,2,7,3,8,0,2,0,7,704,29,15.13,13,2026-05-16,0,1,0,0,0,0,2026-05-16
2026-09-07,2026-05-11,03,19,3.63,43,25.0,31,25.0,43,2,9,0,38,0,38,6,8,0,2,0,7,703,21,15.19,23,2026-05-16,0,1,0,1,0,0,2026-05-16
2026-09-07,2026-05-11,03,20,4.0,40,0.0,47,50.0,26,0,37,0,38,1,20,1,2,0,2,0,7,713,49,15.38,44,2026-05-12,0,0,0,0,0,0,2026-05-13
2026-09-07,2026-05-11,03,21,4.44,36,0.0,47,44.44,30,0,37,0,38,4,2,5,9,0,2,0,7,695,4,15.47,49,2026-05-14,0,0,0,0,0,0,2026-05-16
2026-09-07,2026-05-11,03,22,3.63,43,25.0,31,37.5,34,1,19,1,23,1,20,5,8,0,2,0,7,705,34,15.17,19,2026-05-12,1,0,0,0,0,0,2026-05-16
2026-09-07,2026-05-11,03,23,3.29,47,14.29,41,14.29,49,1,19,0,38,0,38,6,7,0,2,0,7,706,36,15.3,35,2026-05-14,0,0,1,0,0,0,2026-05-16
2026-09-07,2026-05-11,03,24,3.38,45,12.5,42,37.5,34,0,37,1,23,2,7,5,8,0,2,0,7,707,38,15.38,44,2026-05-16,0,0,0,0,0,0,2026-05-16
2026-09-07,2026-05-11,03,25,5.25,27,37.5,20,37.5,34,1,19,2,8,0,38,5,8,0,2,0,7,703,21,15.26,33,2026-05-15,1,0,0,0,0,0,2026-05-16
2026-09-07,2026-05-11,03,26,5.75,19,50.0,8,62.5,14,2,9,2,8,1,20,3,8,0,2,0,7,702,16,15.17,19,2026-05-15,0,1,0,1,0,0,2026-05-16
2026-09-07,2026-05-11,03,27,7.14,5,71.43,3,71.43,9,2,9,3,1,0,38,2,7,0,2,1,1,699,7,15.16,18,2026-05-12,2,0,0,0,0,0,2026-05-16
2026-09-07,2026-05-11,03,28,5.5,23,0.0,47,75.0,6,0,37,0,38,6,1,2,8,0,2,0,7,710,45,15.29,34,2026-05-16,0,0,0,0,0,0,2026-05-16
2026-09-07,2026-05-11,03,29,6.13,14,37.5,20,62.5,14,2,9,1,23,2,7,3,8,0,2,0,7,703,21,15.15,16,2026-05-16,0,1,0,0,0,1,2026-05-16
2026-09-07,2026-05-11,03,30,6.33,11,44.44,14,66.67,12,4,2,0,38,2,7,3,9,0,2,0,7,699,7,14.93,1,2026-05-16,1,2,0,0,1,0,2026-05-16
2026-09-07,2026-05-11,03,31,9.14,1,85.71,1,100.0,1,5,1,1,23,1,20,0,7,1,1,1,1,704,29,15.09,9,2026-05-15,0,3,1,0,0,1,2026-05-16
2026-09-07,2026-05-11,03,32,3.25,48,12.5,42,25.0,43,0,37,1,23,1,20,6,8,0,2,0,7,704,29,15.45,48,2026-05-12,0,0,0,0,0,0,2026-05-16
2026-09-07,2026-05-11,03,33,6.25,12,50.0,8,50.0,26,4,2,0,38,0,38,4,8,0,2,0,7,702,16,15.05,3,2026-05-15,0,1,1,1,0,1,2026-05-16
2026-09-07,2026-05-11,03,34,5.5,23,50.0,8,50.0,26,1,19,2,8,0,38,3,6,0,2,1,1,703,21,15.19,23,2026-05-12,0,1,0,0,0,0,2026-05-16
2026-09-07,2026-05-11,03,35,5.63,20,37.5,20,62.5,14,1,19,2,8,2,7,3,8,0,2,0,7,703,21,14.98,2,2026-05-15,1,0,0,0,0,0,2026-05-16
2026-09-07,2026-05-11,03,36,7.67,3,50.0,8,83.33,4,3,4,0,38,2,7,1,6,0,2,0,7,702,16,15.2,25,2026-05-13,1,1,0,0,0,1,2026-05-16
2026-09-07,2026-05-11,03,37,8.33,2,83.33,2,100.0,1,2,9,3,1,1,20,0,6,0,2,1,1,694,2,15.08,7,2026-05-12,1,1,0,0,0,0,2026-05-16
2026-09-07,2026-05-11,03,38,4.25,37,25.0,31,37.5,34,1,19,1,23,1,20,5,8,0,2,0,7,707,38,15.2,25,2026-05-15,0,0,0,1,0,0,2026-05-16
2026-09-07,2026-05-11,03,39,4.25,37,12.5,42,37.5,34,1,19,0,38,2,7,5,8,0,2,0,7,709,44,15.34,41,2026-05-13,0,0,1,0,0,0,2026-05-16
2026-09-07,2026-05-11,03,40,5.86,18,28.57,27,71.43,9,1,19,1,23,3,3,2,7,0,2,0,7,697,6,15.05,3,2026-05-16,0,1,0,0,0,0,2026-05-16
2026-09-07,2026-05-11,03,41,5.25,27,37.5,20,50.0,26,1,19,2,8,1,20,4,8,0,2,0,7,708,42,15.25,32,2026-05-15,1,0,0,0,0,0,2026-05-16
2026-09-07,2026-05-11,03,43,7.17,4,66.67,4,83.33,4,2,9,2,8,1,20,1,6,0,2,0,7,715,50,15.22,29,2026-05-16,0,1,0,0,1,0,2026-05-16
2026-09-07,2026-05-11,03,45,2.75,50,12.5,42,25.0,43,0,37,1,23,1,20,6,8,0,2,0,7,711,47,15.43,47,2026-05-13,0,0,0,0,0,0,2026-05-16
2026-09-07,2026-05-11,03,46,5.56,22,44.44,14,55.56,23,2,9,2,8,1,20,4,9,0,2,0,7,705,34,15.13,13,2026-05-15,0,1,0,1,0,0,2026-05-16
2026-09-07,2026-05-11,03,47,4.86,31,42.86,17,42.86,31,0,37,3,1,0,38,4,7,0,2,0,7,700,11,15.33,38,2026-05-15,0,0,0,0,0,0,2026-05-16
2026-09-07,2026-05-11,03,48,4.5,35,25.0,31,25.0,43,1,19,1,23,0,38,6,8,0,2,0,7,716,51,15.17,19,2026-05-15,0,1,0,0,0,0,2026-05-16
2026-09-07,2026-05-11,03,49,7.0,6,50.0,8,75.0,6,2,9,2,8,2,7,2,8,0,2,0,7,703,21,15.12,11,2026-05-16,2,0,0,0,0,0,2026-05-16
2026-09-07,2026-05-11,03,50,4.86,31,28.57,27,42.86,31,1,19,1,23,1,20,4,7,0,2,0,7,700,11,15.15,16,2026-05-15,0,1,0,0,0,0,2026-05-16
2026-09-07,2026-05-11,03,51,1.25,52,0.0,47,0.0,51,0,37,0,38,0,38,4,4,0,2,0,7,703,21,,,,0,0,0,0,0,0,2026-05-14
2026-09-07,2026-05-11,03,52,6.0,16,42.86,17,71.43,9,1,19,2,8,2,7,2,7,0,2,0,7,701,14,15.24,30,2026-05-16,0,0,0,1,0,0,2026-05-16
2026-09-07,2026-05-11,03,53,5.14,29,28.57,27,42.86,31,0,37,2,8,1,20,4,7,0,2,0,7,692,1,15.37,43,2026-05-14,0,0,0,0,0,0,2026-05-16
2026-09-07,2026-05-11,03,54,4.75,33,37.5,20,37.5,34,0,37,3,1,0,38,5,8,0,2,0,7,703,21,15.21,28,2026-05-15,0,0,0,0,0,0,2026-05-16
2026-09-07,2026-05-11,03,55,1.86,51,0.0,47,0.0,51,0,37,0,38,0,38,7,7,0,2,0,7,699,7,20.69,51,2026-05-14,0,0,0,0,0,0,2026-05-16
2026-09-07,2026-05-11,03,56,6.14,13,42.86,17,57.14,21,3,4,0,38,1,20,3,7,0,2,1,1,696,5,15.08,7,2026-05-12,1,1,1,0,0,0,2026-05-16
2026-09-07,2026-05-11,03,57,4.0,40,25.0,31,37.5,34,0,37,2,8,1,20,5,8,0,2,0,7,707,38,15.33,38,2026-05-15,0,0,0,0,0,0,2026-05-16
2026-09-07,2026-05-11,03,58,6.71,9,57.14,6,85.71,3,1,19,3,1,2,7,1,7,0,2,1,1,694,2,15.3,35,2026-05-15,0,0,0,0,1,0,2026-05-16
2026-09-07,2026-05-11,03,59,5.11,30,22.22,38,55.56,23,1,19,1,23,3,3,4,9,0,2,0,7,710,45,15.12,11,2026-05-16,0,1,0,0,0,0,2026-05-16
2026-09-07,2026-05-11,03,60,5.88,17,25.0,31,62.5,14,2,9,0,38,3,3,3,8,0,2,0,7,702,16,15.07,5,2026-05-16,0,2,0,0,0,0,2026-05-16
2026-09-07,2026-05-11,03,61,4.25,37,37.5,20,37.5,34,0,37,3,1,0,38,5,8,0,2,0,7,706,36,15.31,37,2026-05-12,0,0,0,0,0,0,2026-05-16
2026-09-07,2026-05-11,03,62,6.44,10,44.44,14,66.67,12,1,19,3,1,2,7,3,9,0,2,0,7,708,42,15.33,38,2026-05-16,0,1,0,0,0,0,2026-05-16
2026-09-07,2026-05-11,03,63,3.38,45,0.0,47,12.5,50,0,37,0,38,1,20,7,8,0,2,0,7,700,11,15.35,42,2026-05-16,0,0,0,0,0,0,2026-05-16
2026-09-07,2026-06-18,04,10,7.14,5,71.43,2,85.71,1,1,13,4,1,1,14,1,7,0,2,1,1,690,8,15.05,11,2026-06-18,0,0,1,0,0,0,2026-06-21
2026-09-07,2026-06-18,04,11,8.14,1,85.71,1,85.71,1,4,1,2,5,0,32,1,7,1,1,1,1,687,5,14.98,5,2026-06-21,2,2,0,0,0,0,2026-06-21
2026-09-07,2026-06-18,04,12,7.14,5,42.86,8,85.71,1,2,4,1,16,3,2,1,7,0,2,0,7,692,13,15.06,13,2026-06-19,1,0,0,0,0,1,2026-06-21
2026-09-07,2026-06-18,04,13,4.71,26,14.29,34,42.86,20,1,13,0,29,2,4,4,7,0,2,0,7,679,2,15.11,24,2026-06-21,0,0,0,0,0,1,2026-06-21
2026-09-07,2026-06-18,04,14,4.29,32,14.29,34,28.57,34,1,13,0,29,1,14,5,7,0,2,0,7,708,43,15.07,17,2026-06-20,0,1,0,0,0,0,2026-06-21
2026-09-07,2026-06-18,04,15,5.14,19,28.57,22,42.86,20,2,4,0,29,1,14,4,7,0,2,0,7,690,8,14.94,2,2026-06-20,0,1,0,0,0,1,2026-06-21
2026-09-07,2026-06-18,04,16,3.29,37,0.0,39,14.29,41,0,31,0,29,1,14,6,7,0,2,0,7,702,37,15.32,39,2026-06-20,0,0,0,0,0,0,2026-06-21
2026-09-07,2026-06-18,04,17,1.4,43,0.0,39,0.0,42,0,31,0,29,0,32,5,5,0,2,0,7,701,34,,,,0,0,0,0,0,0,2026-06-21
2026-09-07,2026-06-18,04,18,6.29,9,42.86,8,71.43,8,1,13,2,5,2,4,2,7,0,2,0,7,689,6,15.06,13,2026-06-18,0,1,0,0,0,0,2026-06-21
2026-09-07,2026-06-18,04,19,6.29,9,42.86,8,71.43,8,1,13,2,5,2,4,2,7,0,2,0,7,694,19,15.09,20,2026-06-21,0,0,1,0,0,0,2026-06-21
2026-09-07,2026-06-18,04,20,3.29,37,14.29,34,28.57,34,0,31,1,16,1,14,5,7,0,2,0,7,685,4,15.21,33,2026-06-18,0,0,0,0,0,0,2026-06-21
2026-09-07,2026-06-18,04,21,6.14,11,42.86,8,57.14,13,2,4,1,16,1,14,3,7,0,2,0,7,697,25,15.15,27,2026-06-20,0,1,1,0,0,0,2026-06-21
2026-09-07,2026-06-18,04,22,3.14,39,0.0,39,28.57,34,0,31,0,29,2,4,5,7,0,2,0,7,692,13,15.39,40,2026-06-21,0,0,0,0,0,0,2026-06-21
2026-09-07,2026-06-18,04,23,7.0,8,57.14,4,85.71,1,2,4,2,5,2,4,1,7,0,2,0,7,700,32,15.1,22,2026-06-18,0,1,1,0,0,0,2026-06-21
2026-09-07,2026-06-18,04,24,2.6,40,0.0,39,20.0,38,0,31,0,29,1,14,4,5,0,2,0,7,697,25,15.58,42,2026-06-21,0,0,0,0,0,0,2026-06-21
2026-09-07,2026-06-18,04,25,5.43,15,42.86,8,71.43,8,0,31,3,2,2,4,2,7,0,2,0,7,696,23,15.15,27,2026-06-19,0,0,0,0,0,0,2026-06-21
2026-09-07,2026-06-18,04,26,7.71,2,57.14,4,85.71,1,4,1,0,29,2,4,1,7,0,2,1,1,694,19,14.91,1,2026-06-20,1,1,1,0,0,1,2026-06-21
2026-09-07,2026-06-18,04,27,7.71,2,71.43,2,85.71,1,2,4,3,2,1,14,1,7,0,2,1,1,697,25,15.03,8,2026-06-20,0,1,0,0,1,0,2026-06-21
2026-09-07,2026-06-18,04,28,5.43,15,28.57,22,57.14,13,1,13,1,16,2,4,3,7,0,2,0,7,691,11,15.09,20,2026-06-19,0,0,1,0,0,0,2026-06-21
2026-09-07,2026-06-18,04,29,6.0,12,42.86,8,42.86,20,2,4,1,16,0,32,4,7,0,2,0,7,691,11,15.08,19,2026-06-18,1,0,1,0,0,0,2026-06-21
2026-09-07,2026-06-18,04,30,4.67,27,16.67,30,33.33,30,1,13,0,29,1,14,4,6,0,2,0,7,682,3,15.16,30,2026-06-21,0,0,1,0,0,0,2026-06-21
2026-09-07,2026-06-18,04,31,5.0,21,42.86,8,57.14,13,0,31,3,2,1,14,3,7,0,2,0,7,673,1,15.14,25,2026-06-18,0,0,0,0,0,0,2026-06-21
2026-09-07,2026-06-18,04,32,5.14,19,42.86,8,42.86,20,1,13,2,5,0,32,4,7,0,2,0,7,697,25,15.04,9,2026-06-18,0,0,1,0,0,0,2026-06-21
2026-09-07,2026-06-18,04,33,5.86,14,42.86,8,71.43,8,1,13,2,5,2,4,2,7,0,2,1,1,702,37,15.04,9,2026-06-19,1,0,0,0,0,0,2026-06-21
2026-09-07,2026-06-18,04,34,6.0,12,14.29,34,71.43,8,1,13,0,29,4,1,2,7,0,2,0,7,701,34,15.05,11,2026-06-18,0,1,0,0,0,0,2026-06-21
2026-09-07,2026-06-18,04,35,3.6,36,20.0,29,20.0,38,0,31,1,16,0,32,4,5,0,2,0,7,696,23,15.28,38,2026-06-19,0,0,0,0,0,0,2026-06-21
2026-09-07,2026-06-18,04,36,4.33,31,33.33,20,33.33,30,1,13,1,16,0,32,4,6,0,2,0,7,692,13,15.21,33,2026-06-21,0,1,0,0,0,0,2026-06-21
2026-09-07,2026-06-18,04,37,4.17,33,16.67,30,33.33,30,1,13,0,29,1,14,4,6,0,2,0,7,703,41,15.07,17,2026-06-19,1,0,0,0,0,0,2026-06-21
2026-09-07,2026-06-18,04,38,4.86,22,28.57,22,42.86,20,1,13,1,16,1,14,4,7,0,2,0,7,693,17,14.97,4,2026-06-20,0,0,1,0,0,0,2026-06-21
2026-09-07,2026-06-18,04,39,4.57,28,14.29,34,57.14,13,1,13,0,29,3,2,3,7,0,2,0,7,701,34,15.15,27,2026-06-18,1,0,0,0,0,0,2026-06-21
2026-09-07,2026-06-18,04,40,2.5,41,16.67,30,16.67,40,0,31,1,16,0,32,5,6,0,2,0,7,692,13,15.26,37,2026-06-19,0,0,0,0,0,0,2026-06-21
2026-09-07,2026-06-18,04,41,4.86,22,28.57,22,42.86,20,2,4,0,29,1,14,4,7,0,2,0,7,702,37,14.99,6,2026-06-20,0,1,1,0,0,0,2026-06-21
2026-09-07,2026-06-18,04,43,7.43,4,57.14,4,85.71,1,2,4,2,5,2,4,1,7,0,2,0,7,689,6,14.99,6,2026-06-18,0,2,0,0,0,0,2026-06-21
2026-09-07,2026-06-18,04,44,3.83,35,16.67,30,33.33,30,0,31,1,16,1,14,4,6,0,2,0,7,699,30,15.25,35,2026-06-18,0,0,0,0,0,0,2026-06-21
2026-09-07,2026-06-18,04,45,4.57,28,42.86,8,42.86,20,1,13,2,5,0,32,4,7,0,2,0,7,700,32,15.14,25,2026-06-19,0,0,1,0,0,0,2026-06-21
2026-09-07,2026-06-18,04,46,4.86,22,42.86,8,42.86,20,2,4,1,16,0,32,4,7,0,2,0,7,704,42,15.06,13,2026-06-19,0,2,0,0,0,0,2026-06-21
2026-09-07,2026-06-18,04,47,4.83,25,33.33,20,50.0,19,1,13,1,16,1,14,3,6,0,2,0,7,695,21,15.1,22,2026-06-20,0,0,1,0,0,0,2026-06-21
2026-09-07,2026-06-18,04,48,5.29,17,42.86,8,57.14,13,1,13,2,5,1,14,3,7,0,2,0,7,695,21,15.06,13,2026-06-20,0,1,0,0,0,0,2026-06-21
2026-09-07,2026-06-18,04,49,7.14,5,57.14,4,57.14,13,4,1,0,29,0,32,3,7,0,2,1,1,702,37,14.95,3,2026-06-20,2,1,1,0,0,0,2026-06-21
2026-09-07,2026-06-18,04,50,4.43,30,28.57,22,42.86,20,0,31,2,5,1,14,4,7,0,2,0,7,693,17,15.25,35,2026-06-18,0,0,0,0,0,0,2026-06-21
2026-09-07,2026-06-18,04,51,3.86,34,28.57,22,28.57,34,0,31,2,5,0,32,5,7,0,2,0,7,690,8,15.17,31,2026-06-20,0,0,0,0,0,0,2026-06-21
2026-09-07,2026-06-18,04,52,2.33,42,0.0,39,0.0,42,0,31,0,29,0,32,6,6,0,2,0,7,697,25,15.46,41,2026-06-21,0,0,0,0,0,0,2026-06-21
2026-09-07,2026-06-18,04,53,5.29,17,28.57,22,42.86,20,1,13,1,16,1,14,4,7,0,2,0,7,699,30,15.17,31,2026-06-21,0,1,0,0,0,0,2026-06-21
2026-09-07,2026-08-11,07,11,4.44,26,11.11,34,33.33,28,1,17,0,37,2,12,6,9,0,2,0,7,679,36,15.03,25,2026-08-11,0,0,0,0,0,1,2026-08-16
2026-09-07,2026-08-11,07,12,5.8,14,30.0,19,60.0,12,1,17,2,10,3,4,4,10,0,2,0,7,680,38,15.02,23,2026-08-12,0,0,0,0,0,1,2026-08-16
2026-09-07,2026-08-11,07,13,3.33,38,0.0,43,33.33,28,0,31,0,37,3,4,6,9,0,2,0,7,672,9,15.22,42,2026-08-16,0,0,0,0,0,0,2026-08-16
2026-09-07,2026-08-11,07,14,7.8,5,70.0,6,80.0,8,5,3,2,10,1,23,2,10,1,1,1,1,671,5,14.88,3,2026-08-13,1,2,1,0,0,1,2026-08-16
2026-09-07,2026-08-11,07,15,4.56,23,22.22,23,44.44,23,1,17,1,21,2,12,5,9,0,2,0,7,676,25,15.05,29,2026-08-11,0,1,0,0,0,0,2026-08-16
2026-09-07,2026-08-11,07,16,8.0,3,72.73,3,90.91,3,5,3,3,5,2,12,1,11,0,2,1,1,672,9,14.92,7,2026-08-13,2,1,1,0,0,1,2026-08-16
2026-09-07,2026-08-11,07,17,2.56,43,11.11,34,11.11,40,1,17,0,37,0,36,8,9,0,2,0,7,680,38,14.99,18,2026-08-16,0,0,0,1,0,0,2026-08-16
2026-09-07,2026-08-11,07,18,3.67,36,22.22,23,22.22,36,1,17,1,21,0,36,7,9,0,2,0,7,673,14,14.94,9,2026-08-15,0,0,0,0,0,1,2026-08-16
2026-09-07,2026-08-11,07,19,3.22,40,11.11,34,11.11,40,0,31,1,21,0,36,8,9,0,2,0,7,673,14,15.05,29,2026-08-11,0,0,0,0,0,0,2026-08-16
2026-09-07,2026-08-11,07,20,4.11,29,11.11,34,33.33,28,0,31,1,21,2,12,6,9,0,2,0,7,673,14,15.14,36,2026-08-11,0,0,0,0,0,0,2026-08-16
2026-09-07,2026-08-11,07,21,5.4,18,20.0,31,50.0,18,1,17,1,21,3,4,5,10,0,2,0,7,681,42,15.08,33,2026-08-12,0,1,0,0,0,0,2026-08-16
2026-09-07,2026-08-11,07,22,4.0,32,11.11,34,44.44,23,1,17,0,37,3,4,5,9,0,2,0,7,676,25,14.88,3,2026-08-11,0,0,0,0,0,1,2026-08-16
2026-09-07,2026-08-11,07,23,5.7,15,30.0,19,70.0,11,2,11,1,21,4,2,3,10,0,2,0,7,682,44,14.96,13,2026-08-16,0,2,0,0,0,0,2026-08-16
2026-09-07,2026-08-11,07,24,4.56,23,33.33,17,44.44,23,2,11,1,21,1,23,5,9,0,2,0,7,667,2,15.04,27,2026-08-13,2,0,0,0,0,0,2026-08-16
2026-09-07,2026-08-11,07,25,4.11,29,22.22,23,44.44,23,0,31,2,10,2,12,5,9,0,2,0,7,674,18,15.19,41,2026-08-16,0,0,0,0,0,0,2026-08-16
2026-09-07,2026-08-11,07,26,1.22,44,0.0,43,0.0,44,0,31,0,37,0,36,9,9,0,2,0,7,678,30,,,,0,0,0,0,0,0,2026-08-16
2026-09-07,2026-08-11,07,27,4.17,28,16.67,33,33.33,28,1,17,0,37,1,23,4,6,0,2,0,7,671,5,14.98,17,2026-08-11,0,1,0,0,0,0,2026-08-14
2026-09-07,2026-08-11,07,28,4.11,29,11.11,34,33.33,28,0,31,1,21,2,12,6,9,0,2,0,7,678,30,15.22,42,2026-08-12,0,0,0,0,0,0,2026-08-16
2026-09-07,2026-08-11,07,29,5.1,22,20.0,31,60.0,12,1,17,1,21,4,2,4,10,0,2,0,7,672,9,14.86,1,2026-08-16,0,1,0,0,0,0,2026-08-16
2026-09-07,2026-08-11,07,30,7.0,8,60.0,7,80.0,8,3,8,3,5,2,12,2,10,0,2,0,7,672,9,14.99,18,2026-08-15,0,1,1,0,0,1,2026-08-16
2026-09-07,2026-08-11,07,31,8.91,1,90.91,1,100.0,1,6,2,4,3,1,23,0,11,0,2,1,1,678,30,14.9,6,2026-08-13,0,2,1,1,0,2,2026-08-16
2026-09-07,2026-08-11,07,32,6.1,11,40.0,11,50.0,18,4,6,0,37,1,23,5,10,0,2,0,7,677,28,14.96,13,2026-08-13,0,2,1,0,0,1,2026-08-16
2026-09-07,2026-08-11,07,33,7.82,4,72.73,3,100.0,1,2,11,6,1,3,4,0,11,0,2,0,7,672,9,14.94,9,2026-08-16,0,2,0,0,0,0,2026-08-16
2026-09-07,2026-08-11,07,46,4.44,26,22.22,23,33.33,28,0,31,2,10,1,23,6,9,0,2,0,7,674,18,15.16,37,2026-08-16,0,0,0,0,0,0,2026-08-16
2026-09-07,2026-08-11,07,47,7.73,6,72.73,3,81.82,5,5,3,3,5,1,23,2,11,0,2,1,1,668,3,14.93,8,2026-08-12,0,2,2,0,0,1,2026-08-16
2026-09-07,2026-08-11,07,48,6.36,10,36.36,16,81.82,5,2,11,2,10,5,1,2,11,0,2,1,1,679,36,14.88,3,2026-08-11,0,1,0,0,0,1,2026-08-16
2026-09-07,2026-08-11,07,49,6.91,9,54.55,8,81.82,5,1,17,5,2,3,4,2,11,0,2,0,7,675,23,15.02,23,2026-08-12,0,1,0,0,0,0,2026-08-16
2026-09-07,2026-08-11,07,50,4.0,32,22.22,23,44.44,23,0,31,2,10,2,12,5,9,0,2,0,7,674,18,15.09,34,2026-08-14,0,0,0,0,0,0,2026-08-16
2026-09-07,2026-08-11,07,51,3.56,37,11.11,34,22.22,36,0,31,1,21,1,23,7,9,0,2,0,7,671,5,15.18,39,2026-08-13,0,0,0,0,0,0,2026-08-16
2026-09-07,2026-08-11,07,52,7.17,7,50.0,9,75.0,10,4,6,2,10,3,4,3,12,0,2,0,7,669,4,14.96,13,2026-08-12,0,2,0,1,0,1,2026-08-16
2026-09-07,2026-08-11,07,53,5.6,17,30.0,19,60.0,12,2,11,1,21,3,4,4,10,0,2,0,7,678,30,14.94,9,2026-08-16,0,2,0,0,0,0,2026-08-16
2026-09-07,2026-08-11,07,54,3.78,35,22.22,23,33.33,28,0,31,2,10,1,23,6,9,0,2,0,7,676,25,15.06,32,2026-08-14,0,0,0,0,0,0,2026-08-16
2026-09-07,2026-08-11,07,55,1.0,45,0.0,43,0.0,44,0,31,0,37,0,36,9,9,0,2,0,7,678,30,,,,0,0,0,0,0,0,2026-08-16
2026-09-07,2026-08-11,07,56,5.11,21,44.44,10,55.56,17,0,31,4,3,1,23,4,9,0,2,0,7,673,14,15.12,35,2026-08-15,0,0,0,0,0,0,2026-08-16
2026-09-07,2026-08-11,07,57,4.56,23,33.33,17,33.33,28,1,17,2,10,0,36,6,9,0,2,0,7,682,44,15.05,29,2026-08-14,0,1,0,0,0,0,2026-08-16
2026-09-07,2026-08-11,07,58,3.0,41,22.22,23,22.22,36,0,31,2,10,0,36,7,9,0,2,0,7,678,30,15.04,27,2026-08-16,0,0,0,0,0,0,2026-08-16
2026-09-07,2026-08-11,07,59,3.89,34,22.22,23,22.22,36,1,17,1,21,0,36,7,9,0,2,0,7,661,1,14.97,16,2026-08-14,0,1,0,0,0,0,2026-08-16
2026-09-07,2026-08-11,07,60,8.55,2,81.82,2,90.91,3,8,1,1,21,1,23,1,11,0,2,1,1,680,38,14.87,2,2026-08-12,1,3,3,0,0,1,2026-08-16
2026-09-07,2026-08-11,07,61,2.89,42,11.11,34,11.11,40,0,31,1,21,0,36,8,9,0,2,0,7,681,42,15.18,39,2026-08-13,0,0,0,0,0,0,2026-08-16
2026-09-07,2026-08-11,07,62,5.4,18,40.0,11,60.0,12,1,17,3,5,2,12,4,10,0,2,0,7,674,18,15.03,25,2026-08-12,0,0,0,0,0,1,2026-08-16
2026-09-07,2026-08-11,07,63,3.33,38,11.11,34,11.11,40,0,31,1,21,0,36,8,9,0,2,0,7,674,18,15.17,38,2026-08-14,0,0,0,0,0,0,2026-08-16
2026-09-07,2026-08-11,07,64,6.0,12,40.0,11,60.0,12,3,8,1,21,2,12,4,10,0,2,0,7,677,28,14.99,18,2026-08-16,1,1,0,0,0,1,2026-08-16
2026-09-07,2026-08-11,07,65,6.0,12,30.0,19,50.0,18,3,8,0,37,2,12,5,10,0,2,0,7,680,38,14.95,12,2026-08-16,1,2,0,0,0,0,2026-08-16
2026-09-07,2026-08-11,07,66,5.3,20,40.0,11,50.0,18,1,17,3,5,1,23,5,10,0,2,0,7,671,5,15.01,22,2026-08-15,0,1,0,0,0,0,2026-08-16
2026-09-07,2026-08-11,07,67,5.7,15,40.0,11,50.0,18,2,11,2,10,1,23,5,10,0,2,0,7,675,23,14.99,18,2026-08-16,2,0,0,0,0,0,2026-08-16
2026-09-07,2025-12-22,09,11,3.4,37,0.0,37,20.0,38,0,28,0,32,1,15,4,5,0,2,0,7,682,17,15.42,40,2025-12-24,0,0,0,0,0,0,2025-12-26
2026-09-07,2025-12-22,09,12,2.0,44,0.0,37,0.0,44,0,28,0,32,0,38,5,5,0,2,0,7,684,27,,,,0,0,0,0,0,0,2025-12-26
2026-09-07,2025-12-22,09,16,5.78,15,33.33,19,66.67,9,0,28,3,3,3,3,3,9,0,2,0,7,684,27,15.16,30,2025-12-23,0,0,0,0,0,0,2025-12-26
2026-09-07,2025-12-22,09,17,2.88,40,0.0,37,12.5,40,0,28,0,32,1,15,7,8,0,2,0,7,689,46,15.3,36,2025-12-23,0,0,0,0,0,0,2025-12-26
2026-09-07,2025-12-22,09,18,7.11,5,55.56,5,66.67,9,4,1,1,17,1,15,3,9,0,2,0,7,683,23,14.84,1,2025-12-23,0,1,0,1,0,2,2025-12-26
2026-09-07,2025-12-22,09,19,3.0,38,12.5,35,25.0,36,0,28,1,17,1,15,6,8,0,2,0,7,685,30,15.27,34,2025-12-22,0,0,0,0,0,0,2025-12-26
2026-09-07,2025-12-22,09,20,7.33,4,66.67,3,77.78,4,3,5,3,3,1,15,2,9,0,2,1,1,679,8,15.0,17,2025-12-23,1,2,0,0,0,0,2025-12-26
2026-09-07,2025-12-22,09,21,3.43,36,28.57,28,28.57,33,0,28,2,11,0,38,5,7,0,2,0,7,683,23,15.08,23,2025-12-23,0,0,0,0,0,0,2025-12-26
2026-09-07,2025-12-22,09,22,2.5,43,0.0,37,12.5,40,0,28,0,32,1,15,7,8,0,2,0,7,670,1,15.26,32,2025-12-23,0,0,0,0,0,0,2025-12-26
2026-09-07,2025-12-22,09,23,4.0,30,50.0,9,50.0,22,0,28,1,17,0,38,1,2,0,2,0,7,682,17,,,,0,0,0,0,0,0,2025-12-22
2026-09-07,2025-12-22,09,24,5.2,23,40.0,15,40.0,29,1,20,1,17,0,38,3,5,0,2,0,7,682,17,15.14,29,2025-12-24,0,1,0,0,0,0,2025-12-24
2026-09-07,2025-12-22,09,25,0.0,48,0.0,37,0.0,44,0,28,0,32,0,38,1,1,0,2,0,7,678,6,,,,0,0,0,0,0,0,2025-12-22
2026-09-07,2025-12-22,09,26,4.88,28,37.5,16,50.0,22,2,10,1,17,1,15,4,8,0,2,0,7,686,36,15.01,18,2025-12-24,0,1,0,0,1,0,2025-12-26
2026-09-07,2025-12-22,09,27,6.33,11,55.56,5,66.67,9,2,10,3,3,1,15,3,9,0,2,0,7,684,27,14.92,9,2025-12-23,0,2,0,0,0,0,2025-12-26
2026-09-07,2025-12-22,09,28,5.13,24,37.5,16,50.0,22,2,10,1,17,1,15,4,8,0,2,0,7,681,14,14.99,14,2025-12-24,1,1,0,0,0,0,2025-12-26
2026-09-07,2025-12-22,09,29,6.67,8,55.56,5,77.78,4,2,10,3,3,2,6,2,9,0,2,0,7,680,10,15.19,31,2025-12-24,0,2,0,0,0,0,2025-12-26
2026-09-07,2025-12-22,09,30,6.22,12,33.33,19,66.67,9,2,10,1,17,3,3,3,9,0,2,0,7,685,30,14.91,6,2025-12-23,0,1,1,0,0,0,2025-12-26
2026-09-07,2025-12-22,09,31,1.2,45,0.0,37,0.0,44,0,28,0,32,0,38,5,5,0,2,0,7,688,45,,,,0,0,0,0,0,0,2025-12-26
2026-09-07,2025-12-22,09,37,5.33,19,33.33,19,44.44,26,0,28,3,3,1,15,5,9,0,2,0,7,679,8,15.05,22,2025-12-23,0,0,0,0,0,0,2025-12-26
2026-09-07,2025-12-22,09,38,7.78,3,44.44,12,100.0,1,4,1,0,32,5,1,0,9,1,1,1,1,682,17,14.84,1,2025-12-23,0,2,2,0,0,0,2025-12-26
2026-09-07,2025-12-22,09,39,6.88,7,62.5,4,75.0,7,2,10,3,3,1,15,2,8,0,2,1,1,680,10,14.94,10,2025-12-24,0,2,0,0,0,0,2025-12-26
2026-09-07,2025-12-22,09,40,5.22,22,22.22,32,55.56,17,1,20,1,17,3,3,4,9,0,2,0,7,682,17,15.08,23,2025-12-22,0,0,1,0,0,0,2025-12-26
2026-09-07,2025-12-22,09,41,4.89,27,33.33,19,55.56,17,0,28,3,3,2,6,4,9,0,2,0,7,678,6,15.04,20,2025-12-23,0,0,0,0,0,0,2025-12-26
2026-09-07,2025-12-22,09,43,3.63,34,12.5,35,37.5,30,1,20,0,32,2,6,5,8,0,2,0,7,683,23,14.87,5,2025-12-23,0,1,0,0,0,0,2025-12-26
2026-09-07,2025-12-22,09,44,5.44,17,44.44,12,55.56,17,2,10,2,11,1,15,4,9,0,2,0,7,686,36,14.86,4,2025-12-23,0,2,0,0,0,0,2025-12-26
2026-09-07,2025-12-22,09,45,1.0,46,0.0,37,0.0,44,0,28,0,32,0,38,1,1,0,2,0,7,680,10,,,,0,0,0,0,0,0,2025-12-22
2026-09-07,2025-12-22,09,46,5.44,17,33.33,19,55.56,17,2,10,1,17,2,6,4,9,0,2,0,7,689,46,15.09,25,2025-12-24,0,1,0,0,0,1,2025-12-26
2026-09-07,2025-12-22,09,47,6.38,10,50.0,9,62.5,14,2,10,2,11,1,15,3,8,0,2,0,7,685,30,15.03,19,2025-12-23,0,1,1,0,0,0,2025-12-26
2026-09-07,2025-12-22,09,48,3.0,38,0.0,37,50.0,22,0,28,0,32,1,15,1,2,0,2,0,7,681,14,,,,0,0,0,0,0,0,2025-12-22
2026-09-07,2025-12-22,09,49,5.0,26,33.33,19,44.44,26,2,10,1,17,1,15,5,9,0,2,0,7,683,23,14.95,11,2025-12-24,1,1,0,0,0,0,2025-12-26
2026-09-07,2025-12-22,09,50,6.89,6,44.44,12,66.67,9,4,1,0,32,2,6,3,9,0,2,0,7,680,10,15.04,20,2025-12-24,0,2,0,0,0,2,2025-12-26
2026-09-07,2025-12-22,09,51,6.67,8,55.56,5,77.78,4,1,20,4,1,2,6,2,9,0,2,1,1,682,17,14.99,14,2025-12-23,0,0,0,1,0,0,2025-12-26
2026-09-07,2025-12-22,09,52,8.5,1,87.5,1,100.0,1,3,5,4,1,1,15,0,8,0,2,1,1,687,42,14.84,1,2025-12-23,0,2,0,0,0,1,2025-12-26
2026-09-07,2025-12-22,09,53,4.0,30,20.0,33,20.0,38,0,28,1,17,0,38,4,5,0,2,0,7,686,36,15.35,38,2025-12-24,0,0,0,0,0,0,2025-12-26
2026-09-07,2025-12-22,09,59,5.29,20,28.57,28,57.14,16,1,20,1,17,2,6,3,7,0,2,0,7,675,3,14.91,6,2025-12-23,0,1,0,0,0,0,2025-12-25
2026-09-07,2025-12-22,09,60,7.8,2,70.0,2,80.0,3,4,1,3,3,1,15,2,10,0,2,0,7,674,2,14.97,13,2025-12-23,0,2,1,0,0,1,2025-12-26
2026-09-07,2025-12-22,09,61,6.0,14,30.0,27,70.0,8,1,20,2,11,4,2,3,10,0,2,0,7,696,49,15.13,27,2025-12-23,0,1,0,0,0,0,2025-12-26
2026-09-07,2025-12-22,09,62,6.13,13,50.0,9,62.5,14,3,5,1,17,1,15,3,8,0,2,1,1,686,36,14.91,6,2025-12-23,0,2,0,0,0,1,2025-12-26
2026-09-07,2025-12-22,09,63,3.71,33,28.57,28,28.57,33,0,28,2,11,0,38,5,7,0,2,0,7,685,30,15.29,35,2025-12-25,0,0,0,0,0,0,2025-12-26
2026-09-07,2025-12-22,09,64,0.0,48,0.0,37,0.0,44,0,28,0,32,0,38,0,0,0,2,0,7,675,3,,,,0,0,0,0,0,0,2025-12-22
2026-09-07,2025-12-22,09,65,2.63,41,0.0,37,12.5,40,0,28,0,32,1,15,7,8,0,2,0,7,687,42,15.34,37,2025-12-23,0,0,0,0,0,0,2025-12-26
2026-09-07,2025-12-22,09,66,0.5,47,0.0,37,0.0,44,0,28,0,32,0,38,2,2,0,2,0,7,681,14,,,,0,0,0,0,0,0,2025-12-22
2026-09-07,2025-12-22,09,67,4.0,30,0.0,37,25.0,36,0,28,0,32,2,6,6,8,0,2,0,7,685,30,15.26,32,2025-12-24,0,0,0,0,0,0,2025-12-26
2026-09-07,2025-12-22,09,68,5.25,21,37.5,16,37.5,30,3,5,0,32,0,38,5,8,0,2,0,7,686,36,15.13,27,2025-12-22,1,1,0,0,0,1,2025-12-26
2026-09-07,2025-12-22,09,69,2.63,41,0.0,37,12.5,40,0,28,0,32,1,15,7,8,0,2,0,7,691,48,15.43,41,2025-12-24,0,0,0,0,0,0,2025-12-26
2026-09-07,2025-12-22,09,70,3.57,35,14.29,34,28.57,33,0,28,1,17,1,15,5,7,0,2,0,7,687,42,15.41,39,2025-12-25,0,0,0,0,0,0,2025-12-26
2026-09-07,2025-12-22,09,71,5.67,16,33.33,19,55.56,17,1,20,2,11,2,6,4,9,0,2,0,7,677,5,14.95,11,2025-12-23,0,1,0,0,0,0,2025-12-26
2026-09-07,2025-12-22,09,72,5.11,25,33.33,19,44.44,26,3,5,0,32,1,15,5,9,0,2,0,7,686,36,14.99,14,2025-12-23,0,1,0,0,0,2,2025-12-26
2026-09-07,2025-12-22,09,73,4.5,29,25.0,31,37.5,30,1,20,1,17,1,15,5,8,0,2,0,7,685,30,15.09,25,2025-12-24,0,0,1,0,0,0,2025-12-26
2026-09-07,2026-03-07,10,11,3.38,39,12.5,35,25.0,36,0,32,1,18,1,17,6,8,0,2,0,7,686,22,15.09,36,2026-03-10,0,0,0,0,0,0,2026-03-11
2026-09-07,2026-03-07,10,12,7.11,5,66.67,2,88.89,2,1,16,5,1,2,8,1,9,0,2,1,1,687,30,14.93,17,2026-03-08,0,0,1,0,0,0,2026-03-11
2026-09-07,2026-03-07,10,13,4.0,32,14.29,31,42.86,23,0,32,1,18,2,8,4,7,0,2,0,7,678,3,15.12,38,2026-03-11,0,0,0,0,0,0,2026-03-11
2026-09-07,2026-03-07,10,14,1.86,44,0.0,41,14.29,41,0,32,0,33,1,17,6,7,0,2,0,7,687,30,15.17,42,2026-03-09,0,0,0,0,0,0,2026-03-11
2026-09-07,2026-03-07,10,15,3.86,35,14.29,31,28.57,34,1,16,0,33,1,17,5,7,0,2,0,7,690,38,14.96,21,2026-03-09,0,0,1,0,0,0,2026-03-11
2026-09-07,2026-03-07,10,16,5.78,15,44.44,11,55.56,15,3,5,1,18,1,17,4,9,0,2,0,7,680,9,14.86,9,2026-03-09,2,1,0,0,0,0,2026-03-11
2026-09-07,2026-03-07,10,17,4.38,26,25.0,23,37.5,24,0,32,2,8,1,17,5,8,0,2,0,7,689,35,15.13,39,2026-03-10,0,0,0,0,0,0,2026-03-11
2026-09-07,2026-03-07,10,18,5.25,18,50.0,10,50.0,18,1,16,3,4,0,36,4,8,0,2,0,7,685,16,14.93,17,2026-03-09,0,1,0,0,0,0,2026-03-11
2026-09-07,2026-03-07,10,19,5.11,20,22.22,27,55.56,15,1,16,1,18,3,2,4,9,0,2,0,7,679,5,15.02,27,2026-03-07,1,0,0,0,0,0,2026-03-11
2026-09-07,2026-03-07,10,20,1.14,45,0.0,41,0.0,44,0,32,0,33,0,36,7,7,0,2,0,7,686,22,,,,0,0,0,0,0,0,2026-03-11
2026-09-07,2026-03-07,10,21,2.25,43,0.0,41,25.0,36,0,32,0,33,1,17,3,4,0,2,0,7,689,35,15.15,40,2026-03-09,0,0,0,0,0,0,2026-03-09
2026-09-07,2026-03-07,10,22,3.43,38,14.29,31,14.29,41,1,16,0,33,0,36,6,7,0,2,0,7,692,43,14.96,21,2026-03-08,0,1,0,0,0,0,2026-03-11
2026-09-07,2026-03-07,10,23,4.88,23,37.5,15,37.5,24,3,5,0,33,0,36,5,8,0,2,0,7,681,11,14.93,17,2026-03-08,1,1,1,0,0,0,2026-03-11
2026-09-07,2026-03-07,10,24,4.0,32,12.5,35,25.0,36,1,16,0,33,1,17,6,8,0,2,0,7,686,22,15.05,34,2026-03-10,1,0,0,0,0,0,2026-03-11
2026-09-07,2026-03-07,10,25,4.89,22,22.22,27,44.44,21,1,16,1,18,2,8,5,9,0,2,0,7,685,16,14.92,15,2026-03-08,0,1,0,0,0,0,2026-03-11
2026-09-07,2026-03-07,10,31,5.67,16,44.44,11,44.44,21,2,9,2,8,0,36,5,9,0,2,0,7,679,5,14.83,6,2026-03-07,1,1,0,0,0,0,2026-03-11
2026-09-07,2026-03-07,10,32,4.38,26,25.0,23,37.5,24,0,32,2,8,1,17,5,8,0,2,0,7,685,16,15.04,31,2026-03-08,0,0,0,0,0,0,2026-03-11
2026-09-07,2026-03-07,10,33,6.78,9,55.56,7,88.89,2,1,16,4,2,3,2,1,9,0,2,0,7,685,16,14.96,21,2026-03-11,0,1,0,0,0,0,2026-03-11
2026-09-07,2026-03-07,10,34,4.38,26,37.5,15,37.5,24,0,32,3,4,0,36,5,8,0,2,0,7,666,1,15.05,34,2026-03-08,0,0,0,0,0,0,2026-03-11
2026-09-07,2026-03-07,10,35,6.5,11,62.5,4,62.5,12,4,2,1,18,0,36,3,8,0,2,0,7,674,2,14.78,4,2026-03-11,1,1,1,0,0,1,2026-03-11
2026-09-07,2026-03-07,10,36,4.11,31,22.22,27,33.33,33,1,16,1,18,1,17,6,9,0,2,0,7,691,40,14.87,10,2026-03-09,1,0,0,0,0,0,2026-03-11
2026-09-07,2026-03-07,10,37,4.13,30,25.0,23,37.5,24,0,32,2,8,1,17,5,8,0,2,0,7,685,16,15.02,27,2026-03-11,0,0,0,0,0,0,2026-03-11
2026-09-07,2026-03-07,10,38,2.71,42,0.0,41,14.29,41,0,32,0,33,1,17,6,7,0,2,0,7,686,22,15.33,43,2026-03-08,0,0,0,0,0,0,2026-03-11
2026-09-07,2026-03-07,10,39,4.0,32,14.29,31,28.57,34,1,16,0,33,1,17,5,7,0,2,0,7,693,44,15.04,31,2026-03-10,0,1,0,0,0,0,2026-03-11
2026-09-07,2026-03-07,10,40,5.25,18,37.5,15,62.5,12,1,16,2,8,2,8,3,8,0,2,0,7,691,40,14.83,6,2026-03-09,0,1,0,0,0,0,2026-03-11
2026-09-07,2026-03-07,10,41,5.33,17,22.22,27,55.56,15,1,16,1,18,3,2,4,9,0,2,0,7,683,13,14.97,25,2026-03-10,0,1,0,0,0,0,2026-03-11
2026-09-07,2026-03-07,10,42,6.0,13,40.0,14,50.0,18,2,9,2,8,1,17,5,10,0,2,0,7,679,5,14.93,17,2026-03-11,0,1,0,1,0,0,2026-03-11
2026-09-07,2026-03-07,10,43,8.67,1,88.89,1,100.0,1,4,2,4,2,1,17,0,9,0,2,1,1,688,34,14.68,2,2026-03-09,1,1,0,0,0,2,2026-03-11
2026-09-07,2026-03-07,10,44,7.5,4,62.5,4,75.0,9,3,5,2,8,1,17,2,8,0,2,1,1,686,22,14.92,15,2026-03-09,0,1,0,0,0,2,2026-03-11
2026-09-07,2026-03-07,10,45,8.44,2,66.67,2,88.89,2,6,1,0,33,2,8,1,9,1,1,1,1,680,9,14.73,3,2026-03-09,3,1,0,2,0,0,2026-03-11
2026-09-07,2026-03-07,10,51,7.11,5,55.56,7,77.78,6,3,5,2,8,2,8,2,9,0,2,0,7,687,30,14.96,21,2026-03-11,1,2,0,0,0,0,2026-03-11
2026-09-07,2026-03-07,10,52,7.56,3,55.56,7,77.78,6,4,2,1,18,2,8,2,9,0,2,1,1,684,14,14.67,1,2026-03-09,0,1,3,0,0,0,2026-03-11
2026-09-07,2026-03-07,10,53,3.75,36,12.5,35,25.0,36,1,16,0,33,1,17,6,8,0,2,0,7,679,5,15.01,26,2026-03-07,1,0,0,0,0,0,2026-03-11
2026-09-07,2026-03-07,10,54,4.88,23,37.5,15,37.5,24,0,32,3,4,0,36,5,8,0,2,0,7,685,16,15.16,41,2026-03-10,0,0,0,0,0,0,2026-03-11
2026-09-07,2026-03-07,10,55,4.25,29,12.5,35,37.5,24,0,32,1,18,2,8,5,8,0,2,0,7,684,14,15.04,31,2026-03-11,0,0,0,0,0,0,2026-03-11
2026-09-07,2026-03-07,10,56,3.25,40,12.5,35,25.0,36,1,16,0,33,1,17,6,8,0,2,0,7,678,3,14.9,12,2026-03-09,0,0,1,0,0,0,2026-03-11
2026-09-07,2026-03-07,10,57,6.56,10,44.44,11,77.78,6,2,9,2,8,3,2,2,9,0,2,0,7,686,22,14.87,10,2026-03-11,0,1,1,0,0,0,2026-03-11
2026-09-07,2026-03-07,10,58,6.0,13,25.0,23,62.5,12,1,16,1,18,3,2,3,8,0,2,0,7,687,30,14.85,8,2026-03-11,0,1,0,0,0,0,2026-03-11
2026-09-07,2026-03-07,10,59,3.5,37,12.5,35,37.5,24,0,32,1,18,2,8,5,8,0,2,0,7,686,22,15.1,37,2026-03-10,0,0,0,0,0,0,2026-03-11
2026-09-07,2026-03-07,10,60,4.88,23,37.5,15,50.0,18,1,16,2,8,1,17,4,8,0,2,0,7,682,12,15.03,30,2026-03-08,0,0,1,0,0,0,2026-03-11
2026-09-07,2026-03-07,10,61,5.0,21,37.5,15,37.5,24,2,9,1,18,0,36,5,8,0,2,0,7,689,35,14.82,5,2026-03-11,0,2,0,0,0,0,2026-03-11
2026-09-07,2026-03-07,10,62,6.89,7,33.33,21,88.89,2,2,9,1,18,5,1,1,9,0,2,0,7,690,38,14.9,12,2026-03-11,0,1,0,1,0,0,2026-03-11
2026-09-07,2026-03-07,10,63,6.88,8,62.5,4,75.0,9,2,9,3,4,1,17,2,8,0,2,1,1,686,22,14.9,12,2026-03-08,0,1,1,0,0,0,2026-03-11
2026-09-07,2026-03-07,10,64,6.22,12,33.33,21,66.67,11,2,9,1,18,3,2,3,9,0,2,0,7,693,44,15.02,27,2026-03-10,0,2,0,0,0,0,2026-03-11
2026-09-07,2026-03-07,10,65,3.0,41,0.0,41,0.0,44,0,32,0,33,0,36,2,2,0,2,0,7,691,40,15.46,44,2026-03-07,0,0,0,0,0,0,2026-03-07
2026-09-07,2026-04-08,11,11,5.38,21,25.0,23,50.0,23,1,18,1,15,2,6,4,8,0,2,0,7,666,3,14.95,11,2026-04-12,0,1,0,0,0,0,2026-04-12
2026-09-07,2026-04-08,11,12,8.25,2,62.5,5,100.0,1,4,2,1,15,3,3,0,8,0,2,1,1,674,22,14.9,4,2026-04-08,0,2,0,0,0,2,2026-04-12
2026-09-07,2026-04-08,11,13,5.75,18,25.0,23,62.5,14,1,18,1,15,3,3,3,8,0,2,0,7,663,1,14.99,18,2026-04-09,0,1,0,0,0,0,2026-04-12
2026-09-07,2026-04-08,11,14,6.56,8,44.44,11,66.67,11,3,4,1,15,2,6,3,9,0,2,1,1,672,13,14.95,11,2026-04-09,1,1,1,0,0,0,2026-04-12
2026-09-07,2026-04-08,11,15,3.75,33,25.0,23,25.0,35,1,18,1,15,0,30,6,8,0,2,0,7,677,33,15.04,23,2026-04-09,0,1,0,0,0,0,2026-04-12
2026-09-07,2026-04-08,11,16,6.0,15,44.44,11,55.56,19,1,18,3,5,1,23,4,9,0,2,0,7,677,33,14.98,16,2026-04-08,0,1,0,0,0,0,2026-04-12
2026-09-07,2026-04-08,11,17,6.25,12,62.5,5,62.5,14,2,12,3,5,0,30,3,8,0,2,1,1,676,29,14.94,9,2026-04-09,1,1,0,0,0,0,2026-04-12
2026-09-07,2026-04-08,11,18,7.33,5,77.78,2,77.78,5,3,4,4,2,0,30,2,9,0,2,0,7,674,22,14.93,8,2026-04-12,1,1,0,0,0,1,2026-04-12
2026-09-07,2026-04-08,11,19,5.38,21,12.5,33,75.0,6,0,29,1,15,5,1,2,8,0,2,0,7,672,13,15.13,30,2026-04-12,0,0,0,0,0,0,2026-04-12
2026-09-07,2026-04-08,11,20,6.89,6,44.44,11,66.67,11,3,4,1,15,2,6,3,9,0,2,0,7,673,17,14.99,18,2026-04-08,0,2,0,1,0,0,2026-04-12
2026-09-07,2026-04-08,11,21,7.5,4,75.0,3,75.0,6,3,4,3,5,0,30,2,8,0,2,1,1,664,2,14.91,7,2026-04-08,1,1,0,0,0,1,2026-04-12
2026-09-07,2026-04-08,11,22,1.29,44,0.0,38,0.0,41,0,29,0,32,0,30,7,7,0,2,0,7,673,17,,,,0,0,0,0,0,0,2026-04-12
2026-09-07,2026-04-08,11,23,6.4,10,40.0,20,60.0,17,3,4,1,15,2,6,4,10,0,2,0,7,676,29,14.9,4,2026-04-08,1,2,0,0,0,0,2026-04-12
2026-09-07,2026-04-08,11,24,4.0,29,14.29,29,42.86,29,0,29,1,15,2,6,4,7,0,2,0,7,678,40,15.19,34,2026-04-12,0,0,0,0,0,0,2026-04-12
2026-09-07,2026-04-08,11,25,5.29,24,57.14,7,57.14,18,0,29,4,2,0,30,3,7,0,2,0,7,677,33,15.17,32,2026-04-09,0,0,0,0,0,0,2026-04-12
2026-09-07,2026-04-08,11,26,6.3,11,50.0,8,70.0,9,1,18,4,2,2,6,3,10,0,2,0,7,676,29,14.96,14,2026-04-09,0,1,0,0,0,0,2026-04-12
2026-09-07,2026-04-08,11,27,2.57,40,0.0,38,14.29,37,0,29,0,32,1,23,6,7,0,2,0,7,680,42,15.38,42,2026-04-09,0,0,0,0,0,0,2026-04-12
2026-09-07,2026-04-08,11,28,6.5,9,50.0,8,50.0,23,4,2,0,32,0,30,4,8,0,2,0,7,674,22,15.01,21,2026-04-12,1,2,0,1,0,0,2026-04-12
2026-09-07,2026-04-08,11,29,8.75,1,100.0,1,100.0,1,3,4,5,1,0,30,0,8,0,2,1,1,671,10,14.81,1,2026-04-09,1,2,0,0,0,0,2026-04-12
2026-09-07,2026-04-08,11,30,4.63,27,12.5,33,50.0,23,0,29,1,15,3,3,4,8,0,2,0,7,670,9,15.2,35,2026-04-08,0,0,0,0,0,0,2026-04-12
2026-09-07,2026-04-08,11,31,6.14,13,42.86,19,71.43,8,2,12,1,15,2,6,2,7,0,2,0,7,669,7,14.87,2,2026-04-12,0,1,0,0,0,1,2026-04-12
2026-09-07,2026-04-08,11,32,3.88,31,12.5,33,25.0,35,1,18,0,32,1,23,6,8,0,2,0,7,685,45,15.1,28,2026-04-08,0,1,0,0,0,0,2026-04-12
2026-09-07,2026-04-08,11,33,3.57,35,14.29,29,14.29,37,0,29,1,15,0,30,6,7,0,2,0,7,677,33,15.28,38,2026-04-11,0,0,0,0,0,0,2026-04-12
2026-09-07,2026-04-08,11,34,5.63,19,37.5,21,62.5,14,1,18,2,11,2,6,3,8,0,2,0,7,668,6,14.97,15,2026-04-08,0,1,0,0,0,0,2026-04-12
2026-09-07,2026-04-08,11,35,3.29,38,0.0,38,28.57,33,0,29,0,32,2,6,5,7,0,2,0,7,673,17,15.31,40,2026-04-12,0,0,0,0,0,0,2026-04-12
2026-09-07,2026-04-08,11,36,5.9,17,30.0,22,80.0,4,0,29,3,5,5,1,2,10,0,2,0,7,676,29,15.09,26,2026-04-09,0,0,0,0,0,0,2026-04-12
2026-09-07,2026-04-08,11,37,4.63,27,25.0,23,50.0,23,0,29,2,11,2,6,4,8,0,2,0,7,671,10,15.11,29,2026-04-08,0,0,0,0,0,0,2026-04-12
2026-09-07,2026-04-08,11,38,3.83,32,16.67,28,33.33,32,1,18,0,32,1,23,4,6,0,2,0,7,679,41,15.09,26,2026-04-11,0,1,0,0,0,0,2026-04-12
2026-09-07,2026-04-08,11,39,5.22,25,44.44,11,44.44,27,3,4,1,15,0,30,5,9,0,2,0,7,673,17,14.94,9,2026-04-10,2,1,0,0,0,0,2026-04-12
2026-09-07,2026-04-08,11,40,2.14,42,14.29,29,14.29,37,0,29,1,15,0,30,6,7,0,2,0,7,666,3,15.25,37,2026-04-09,0,0,0,0,0,0,2026-04-12
2026-09-07,2026-04-08,11,41,5.44,20,44.44,11,55.56,19,2,12,2,11,1,23,4,9,0,2,0,7,677,33,15.13,30,2026-04-10,0,1,1,0,0,0,2026-04-12
2026-09-07,2026-04-08,11,43,4.0,29,12.5,33,37.5,30,1,18,0,32,2,6,5,8,0,2,0,7,675,26,15.04,23,2026-04-11,0,1,0,0,0,0,2026-04-12
2026-09-07,2026-04-08,11,44,3.63,34,12.5,33,37.5,30,0,29,1,15,2,6,5,8,0,2,0,7,677,33,15.18,33,2026-04-10,0,0,0,0,0,0,2026-04-12
2026-09-07,2026-04-08,11,45,8.0,3,66.67,4,88.89,3,5,1,1,15,2,6,1,9,1,1,1,1,674,22,14.88,3,2026-04-12,3,2,0,0,0,0,2026-04-12
2026-09-07,2026-04-08,11,46,6.1,14,50.0,8,70.0,9,2,12,3,5,2,6,3,10,0,2,0,7,675,26,15.01,21,2026-04-12,0,1,0,0,0,1,2026-04-12
2026-09-07,2026-04-08,11,47,1.25,45,0.0,38,0.0,41,0,29,0,32,0,30,4,4,0,2,0,7,673,17,,,,0,0,0,0,0,0,2026-04-10
2026-09-07,2026-04-08,11,48,6.0,15,44.44,11,55.56,19,3,4,1,15,1,23,4,9,0,2,0,7,667,5,14.9,4,2026-04-08,0,2,1,0,0,0,2026-04-12
2026-09-07,2026-04-08,11,49,2.86,39,0.0,38,0.0,41,0,29,0,32,0,30,7,7,0,2,0,7,681,44,15.29,39,2026-04-08,0,0,0,0,0,0,2026-04-12
2026-09-07,2026-04-08,11,50,3.43,36,14.29,29,14.29,37,1,18,0,32,0,30,6,7,0,2,0,7,680,42,14.98,16,2026-04-09,0,1,0,0,0,0,2026-04-12
2026-09-07,2026-04-08,11,51,3.43,36,0.0,38,28.57,33,0,29,0,32,2,6,5,7,0,2,0,7,669,7,15.22,36,2026-04-12,0,0,0,0,0,0,2026-04-12
2026-09-07,2026-04-08,11,52,2.57,40,0.0,38,0.0,41,0,29,0,32,0,30,7,7,0,2,0,7,672,13,15.32,41,2026-04-08,0,0,0,0,0,0,2026-04-12
2026-09-07,2026-04-08,11,53,6.67,7,44.44,11,66.67,11,2,12,2,11,2,6,3,9,0,2,0,7,677,33,14.99,18,2026-04-12,0,2,0,0,0,0,2026-04-12
2026-09-07,2026-04-08,11,54,5.33,23,44.44,11,55.56,19,1,18,3,5,1,23,4,9,0,2,0,7,672,13,14.95,11,2026-04-12,0,0,1,0,0,0,2026-04-12
2026-09-07,2026-04-08,11,55,5.22,25,22.22,27,44.44,27,2,12,0,32,2,6,5,9,0,2,0,7,675,26,15.05,25,2026-04-09,0,2,0,0,0,0,2026-04-12
2026-09-07,2026-04-08,11,56,1.43,43,0.0,38,0.0,41,0,29,0,32,0,30,7,7,0,2,0,7,671,10,,,,0,0,0,0,0,0,2026-04-12
2026-09-07,2026-04-17,13,1,5.0,23,30.0,21,40.0,25,1,19,2,11,1,22,6,10,0,2,0,7,681,5,14.9,16,2026-04-20,0,1,0,0,0,0,2026-04-22
2026-09-07,2026-04-17,13,2,6.18,15,45.45,11,72.73,8,3,6,2,11,3,5,3,11,0,2,0,7,682,10,14.83,5,2026-04-22,0,2,0,0,0,1,2026-04-22
2026-09-07,2026-04-17,13,3,2.75,41,12.5,33,12.5,41,1,19,0,35,0,36,7,8,0,2,0,7,685,18,14.95,25,2026-04-17,0,1,0,0,0,0,2026-04-22
2026-09-07,2026-04-17,13,4,7.4,4,60.0,7,80.0,5,4,5,2,11,2,12,2,10,0,2,1,1,677,1,14.77,2,2026-04-19,1,2,1,0,0,0,2026-04-22
2026-09-07,2026-04-17,13,5,6.36,13,45.45,11,63.64,13,5,2,0,35,2,12,4,11,0,2,0,7,684,15,14.87,10,2026-04-22,0,3,0,1,0,1,2026-04-22
2026-09-07,2026-04-17,13,6,4.0,32,11.11,36,33.33,32,0,35,1,22,2,12,6,9,0,2,0,7,690,39,14.95,25,2026-04-21,0,0,0,0,0,0,2026-04-22
2026-09-07,2026-04-17,13,7,5.3,20,20.0,30,50.0,20,1,19,1,22,3,5,5,10,0,2,0,7,685,18,14.81,3,2026-04-20,0,1,0,0,0,0,2026-04-22
2026-09-07,2026-04-17,13,8,3.13,40,0.0,42,37.5,30,0,35,0,35,3,5,5,8,0,2,0,7,683,14,15.03,35,2026-04-21,0,0,0,0,0,0,2026-04-22
2026-09-07,2026-04-17,13,9,7.6,3,70.0,3,80.0,5,3,6,4,2,1,22,2,10,0,2,1,1,690,39,14.89,13,2026-04-19,0,2,0,1,0,0,2026-04-22
2026-09-07,2026-04-17,13,10,5.3,20,40.0,13,50.0,20,2,11,2,11,1,22,5,10,0,2,0,7,686,23,14.98,33,2026-04-22,0,1,0,1,0,0,2026-04-22
2026-09-07,2026-04-17,13,11,5.4,19,20.0,30,60.0,16,1,19,1,22,4,2,4,10,0,2,0,7,686,23,14.95,25,2026-04-17,0,1,0,0,0,0,2026-04-22
2026-09-07,2026-04-17,13,12,5.0,23,40.0,13,40.0,25,3,6,1,22,0,36,6,10,0,2,0,7,682,10,14.84,7,2026-04-21,0,2,1,0,0,0,2026-04-22
2026-09-07,2026-04-17,13,13,6.67,9,66.67,5,66.67,12,1,19,1,22,0,36,1,3,0,2,0,7,691,42,14.97,30,2026-04-17,0,0,0,0,0,1,2026-04-18
2026-09-07,2026-04-17,13,14,8.8,1,90.0,1,100.0,1,5,2,4,2,1,22,0,10,0,2,1,1,684,15,14.88,11,2026-04-21,1,2,1,0,0,1,2026-04-22
2026-09-07,2026-04-17,13,15,5.0,23,30.0,21,40.0,25,2,11,1,22,1,22,6,10,0,2,0,7,686,23,14.89,13,2026-04-21,0,1,0,0,0,1,2026-04-22
2026-09-07,2026-04-17,13,16,4.33,30,11.11,36,44.44,24,1,19,0,35,3,5,5,9,0,2,0,7,686,23,14.92,21,2026-04-18,0,1,0,0,0,0,2026-04-22
2026-09-07,2026-04-17,13,17,4.8,27,30.0,21,40.0,25,1,19,2,11,1,22,6,10,0,2,0,7,688,37,15.0,34,2026-04-19,0,1,0,0,0,0,2026-04-22
2026-09-07,2026-04-17,13,18,6.2,14,40.0,13,60.0,16,2,11,2,11,2,12,4,10,0,2,0,7,687,29,14.82,4,2026-04-22,1,0,0,0,0,1,2026-04-22
2026-09-07,2026-04-17,13,19,1.25,45,0.0,42,0.0,44,0,35,0,35,0,36,8,8,0,2,0,7,684,15,15.43,45,2026-04-18,0,0,0,0,0,0,2026-04-22
2026-09-07,2026-04-17,13,20,2.25,44,0.0,42,0.0,44,0,35,0,35,0,36,4,4,0,2,0,7,687,29,15.34,44,2026-04-17,0,0,0,0,0,0,2026-04-19
2026-09-07,2026-04-17,13,21,3.5,38,20.0,30,30.0,35,0,35,2,11,1,22,7,10,0,2,0,7,687,29,15.17,42,2026-04-21,0,0,0,0,0,0,2026-04-22
2026-09-07,2026-04-17,13,22,1.0,46,0.0,42,0.0,44,0,35,0,35,0,36,8,8,0,2,0,7,695,46,15.51,46,2026-04-22,0,0,0,0,0,0,2026-04-22
2026-09-07,2026-04-17,13,23,8.44,2,77.78,2,88.89,3,6,1,1,22,1,22,1,9,1,1,1,1,680,3,14.76,1,2026-04-22,2,2,2,0,0,0,2026-04-22
2026-09-07,2026-04-17,13,24,6.55,10,36.36,18,72.73,8,2,11,2,11,4,2,3,11,0,2,0,7,680,3,14.83,5,2026-04-21,0,2,0,0,0,0,2026-04-22
2026-09-07,2026-04-17,13,25,6.5,12,40.0,13,90.0,2,1,19,3,7,5,1,1,10,0,2,1,1,687,29,14.94,23,2026-04-20,0,1,0,0,0,0,2026-04-22
2026-09-07,2026-04-17,13,26,7.18,6,63.64,6,81.82,4,3,6,4,2,2,12,2,11,0,2,0,7,682,10,14.89,13,2026-04-18,0,2,0,0,0,1,2026-04-22
2026-09-07,2026-04-17,13,27,3.8,35,30.0,21,30.0,35,0,35,3,7,0,36,7,10,0,2,0,7,687,29,15.05,37,2026-04-20,0,0,0,0,0,0,2026-04-22
2026-09-07,2026-04-17,13,28,3.88,34,25.0,28,25.0,38,1,19,1,22,0,36,6,8,0,2,0,7,685,18,14.95,25,2026-04-17,0,0,1,0,0,0,2026-04-22
2026-09-07,2026-04-17,13,29,3.75,36,25.0,28,25.0,38,0,35,2,11,0,36,6,8,0,2,0,7,685,18,14.97,30,2026-04-18,0,0,0,0,0,0,2026-04-22
2026-09-07,2026-04-17,13,30,6.0,16,36.36,18,63.64,13,1,19,3,7,3,5,4,11,0,2,0,7,687,29,14.96,29,2026-04-18,0,1,0,0,0,0,2026-04-22
2026-09-07,2026-04-17,13,31,5.1,22,40.0,13,50.0,20,1,19,3,7,1,22,5,10,0,2,0,7,685,18,14.86,9,2026-04-17,0,1,0,0,0,0,2026-04-22
2026-09-07,2026-04-17,13,32,6.91,7,54.55,8,72.73,8,2,11,4,2,2,12,3,11,0,2,0,7,681,5,14.91,17,2026-04-22,0,1,0,0,0,1,2026-04-22
2026-09-07,2026-04-17,13,33,6.55,10,54.55,8,63.64,13,2,11,4,2,1,22,4,11,0,2,0,7,686,23,14.91,17,2026-04-22,0,1,1,0,0,0,2026-04-22
2026-09-07,2026-04-17,13,34,3.6,37,10.0,40,30.0,35,1,19,0,35,2,12,7,10,0,2,0,7,688,37,14.91,17,2026-04-19,0,1,0,0,0,0,2026-04-22
2026-09-07,2026-04-17,13,35,6.91,7,54.55,8,72.73,8,5,2,1,22,2,12,3,11,0,2,0,7,687,29,14.92,21,2026-04-22,0,2,3,0,0,0,2026-04-22
2026-09-07,2026-04-17,13,36,4.25,31,12.5,33,37.5,30,1,19,0,35,2,12,5,8,0,2,0,7,687,29,14.94,23,2026-04-22,0,1,0,0,0,0,2026-04-22
2026-09-07,2026-04-17,13,37,4.4,29,10.0,40,50.0,20,0,35,1,22,4,2,5,10,0,2,0,7,682,10,15.07,38,2026-04-18,0,0,0,0,0,0,2026-04-22
2026-09-07,2026-04-17,13,38,4.9,26,30.0,21,40.0,25,2,11,1,22,1,22,6,10,0,2,0,7,691,42,14.91,17,2026-04-19,0,1,1,0,0,0,2026-04-22
2026-09-07,2026-04-17,13,39,7.2,5,70.0,3,80.0,5,2,11,5,1,1,22,2,10,0,2,1,1,677,1,14.88,11,2026-04-20,0,2,0,0,0,0,2026-04-22
2026-09-07,2026-04-17,13,40,2.5,43,0.0,42,12.5,41,0,35,0,35,1,22,7,8,0,2,0,7,694,45,15.21,43,2026-04-22,0,0,0,0,0,0,2026-04-22
2026-09-07,2026-04-17,13,41,3.33,39,11.11,36,22.22,40,1,19,0,35,1,22,7,9,0,2,0,7,692,44,15.1,40,2026-04-20,0,1,0,0,0,0,2026-04-22
2026-09-07,2026-04-17,13,42,3.89,33,11.11,36,33.33,32,0,35,1,22,2,12,6,9,0,2,0,7,681,5,15.12,41,2026-04-18,0,0,0,0,0,0,2026-04-22
2026-09-07,2026-04-17,13,43,2.75,41,12.5,33,12.5,41,0,35,1,22,0,36,7,8,0,2,0,7,686,23,15.09,39,2026-04-20,0,0,0,0,0,0,2026-04-22
2026-09-07,2026-04-17,13,44,5.6,18,30.0,21,60.0,16,1,19,2,11,3,5,4,10,0,2,0,7,690,39,14.97,30,2026-04-22,0,0,0,0,1,0,2026-04-22
2026-09-07,2026-04-17,13,45,6.0,16,30.0,21,60.0,16,3,6,0,35,3,5,4,10,0,2,0,7,681,5,14.85,8,2026-04-22,0,2,0,0,0,1,2026-04-22
2026-09-07,2026-04-17,13,46,4.44,28,33.33,20,33.33,32,1,19,2,11,0,36,6,9,0,2,0,7,681,5,15.04,36,2026-04-20,1,0,0,0,0,0,2026-04-22
2026-09-07,2026-04-11,14,10,0.0,46,0.0,41,0.0,43,0,29,0,36,0,34,0,0,0,2,0,7,,,,,,0,0,0,0,0,0,2026-04-11
2026-09-07,2026-04-11,14,11,5.3,21,30.0,22,50.0,19,3,6,0,36,2,12,5,10,0,2,0,7,687,45,14.94,27,2026-04-16,0,1,0,1,0,1,2026-04-16
2026-09-07,2026-04-11,14,12,5.7,15,50.0,8,70.0,9,0,29,5,1,2,12,3,10,0,2,0,7,676,6,14.94,27,2026-04-14,0,0,0,0,0,0,2026-04-16
2026-09-07,2026-04-11,14,13,1.0,44,0.0,41,0.0,43,0,29,0,36,0,34,8,8,0,2,0,7,678,15,,,,0,0,0,0,0,0,2026-04-16
2026-09-07,2026-04-11,14,14,6.82,6,63.64,3,72.73,5,3,6,4,2,1,25,3,11,0,2,0,7,676,6,14.91,26,2026-04-14,1,0,1,1,0,0,2026-04-16
2026-09-07,2026-04-11,14,15,5.6,16,50.0,8,50.0,19,2,14,3,5,0,34,5,10,0,2,0,7,680,27,14.83,11,2026-04-12,0,0,0,1,0,1,2026-04-16
2026-09-07,2026-04-11,14,16,5.55,17,27.27,26,63.64,12,0,29,3,5,4,2,4,11,0,2,0,7,678,15,14.96,30,2026-04-14,0,0,0,0,0,0,2026-04-16
2026-09-07,2026-04-11,14,17,6.36,10,36.36,19,72.73,5,3,6,1,23,4,2,3,11,0,2,0,7,675,4,14.8,8,2026-04-14,0,2,1,0,0,0,2026-04-16
2026-09-07,2026-04-11,14,18,4.25,31,37.5,18,37.5,31,0,29,3,5,0,34,5,8,0,2,0,7,681,33,14.95,29,2026-04-13,0,0,0,0,0,0,2026-04-15
2026-09-07,2026-04-11,14,19,4.7,24,30.0,22,40.0,26,2,14,1,23,1,25,6,10,0,2,0,7,682,38,14.84,13,2026-04-13,1,1,0,0,0,0,2026-04-16
2026-09-07,2026-04-11,14,20,5.5,18,40.0,15,70.0,9,0,29,4,2,3,4,3,10,0,2,0,7,673,2,14.99,31,2026-04-14,0,0,0,0,0,0,2026-04-16
2026-09-07,2026-04-11,14,21,3.0,40,33.33,21,33.33,33,0,29,1,23,0,34,2,3,0,2,0,7,685,43,,,,0,0,0,0,0,0,2026-04-12
2026-09-07,2026-04-11,14,22,4.64,27,18.18,35,45.45,24,1,21,1,23,3,4,6,11,0,2,0,7,681,33,14.84,13,2026-04-12,0,1,0,0,0,0,2026-04-16
2026-09-07,2026-04-11,14,23,3.3,38,20.0,29,20.0,40,1,21,1,23,0,34,8,10,0,2,0,7,680,27,14.9,23,2026-04-16,0,0,0,0,0,1,2026-04-16
2026-09-07,2026-04-11,14,24,2.43,42,14.29,36,14.29,41,0,29,1,23,0,34,6,7,0,2,0,7,683,40,15.03,35,2026-04-13,0,0,0,0,0,0,2026-04-16
2026-09-07,2026-04-11,14,25,3.1,39,10.0,37,10.0,42,0,29,1,23,0,34,9,10,0,2,0,7,679,22,15.02,33,2026-04-12,0,0,0,0,0,0,2026-04-16
2026-09-07,2026-04-11,14,26,4.8,23,30.0,22,30.0,34,3,6,0,36,0,34,7,10,0,2,0,7,679,22,14.83,11,2026-04-16,0,1,1,0,0,1,2026-04-16
2026-09-07,2026-04-11,14,27,7.3,4,70.0,1,70.0,9,5,3,2,11,0,34,3,10,0,2,1,1,678,15,14.77,4,2026-04-13,1,2,1,1,0,0,2026-04-16
2026-09-07,2026-04-11,14,28,2.63,41,0.0,41,25.0,39,0,29,0,36,2,12,6,8,0,2,0,7,684,41,15.57,42,2026-04-11,0,0,0,0,0,0,2026-04-15
2026-09-07,2026-04-11,14,29,6.5,9,50.0,8,60.0,15,3,6,2,11,1,25,4,10,0,2,1,1,679,22,14.84,13,2026-04-13,0,2,0,0,0,1,2026-04-16
2026-09-07,2026-04-11,14,30,4.2,32,10.0,37,40.0,26,0,29,1,23,3,4,6,10,0,2,0,7,685,43,15.03,35,2026-04-16,0,0,0,0,0,0,2026-04-16
2026-09-07,2026-04-11,14,31,8.2,2,60.0,4,90.0,1,6,1,0,36,3,4,1,10,0,2,1,1,678,15,14.65,1,2026-04-13,1,3,1,0,0,1,2026-04-16
2026-09-07,2026-04-11,14,32,4.5,28,20.0,29,40.0,26,1,21,1,23,2,12,6,10,0,2,0,7,681,33,14.86,17,2026-04-13,0,0,1,0,0,0,2026-04-16
2026-09-07,2026-04-11,14,33,5.36,20,36.36,19,54.55,18,1,21,3,5,2,12,5,11,0,2,0,7,681,33,14.9,23,2026-04-15,0,1,0,0,0,0,2026-04-16
2026-09-07,2026-04-11,14,34,6.0,13,40.0,15,50.0,19,2,14,2,11,1,25,5,10,0,2,0,7,680,27,14.82,10,2026-04-14,0,0,0,0,0,2,2026-04-16
2026-09-07,2026-04-11,14,35,4.7,24,20.0,29,40.0,26,2,14,0,36,2,12,6,10,0,2,0,7,677,13,14.88,21,2026-04-16,0,1,0,0,0,1,2026-04-16
2026-09-07,2026-04-11,14,36,4.0,34,20.0,29,30.0,34,0,29,2,11,1,25,7,10,0,2,0,7,680,27,15.02,33,2026-04-16,0,0,0,0,0,0,2026-04-16
2026-09-07,2026-04-11,14,37,4.27,30,27.27,26,36.36,32,1,21,2,11,1,25,7,11,0,2,0,7,682,38,14.9,23,2026-04-13,0,1,0,0,0,0,2026-04-16
2026-09-07,2026-04-11,14,38,8.4,1,70.0,1,90.0,1,6,1,1,23,2,12,1,10,1,1,1,1,676,6,14.75,3,2026-04-13,2,2,0,0,0,2,2026-04-16
2026-09-07,2026-04-11,14,39,4.5,28,20.0,29,50.0,19,0,29,2,11,3,4,5,10,0,2,0,7,684,41,15.04,38,2026-04-15,0,0,0,0,0,0,2026-04-16
2026-09-07,2026-04-11,14,50,3.4,37,10.0,37,30.0,34,0,29,1,23,2,12,7,10,0,2,0,7,676,6,15.05,39,2026-04-12,0,0,0,0,0,0,2026-04-16
2026-09-07,2026-04-11,14,51,2.33,43,0.0,41,0.0,43,0,29,0,36,0,34,3,3,0,2,0,7,675,4,15.35,41,2026-04-12,0,0,0,0,0,0,2026-04-12
2026-09-07,2026-04-11,14,52,5.18,22,27.27,26,45.45,24,2,14,1,23,2,12,6,11,0,2,0,7,677,13,14.84,13,2026-04-14,0,2,0,0,0,0,2026-04-16
2026-09-07,2026-04-11,14,53,3.5,36,20.0,29,30.0,34,0,29,2,11,1,25,7,10,0,2,0,7,680,27,15.03,35,2026-04-15,0,0,0,0,0,0,2026-04-16
2026-09-07,2026-04-11,14,54,6.8,7,50.0,8,80.0,3,1,21,4,2,3,4,2,10,0,2,1,1,676,6,14.86,17,2026-04-15,0,1,0,0,0,0,2026-04-16
2026-09-07,2026-04-11,14,55,7.2,5,60.0,4,80.0,3,4,5,2,11,2,12,2,10,0,2,1,1,679,22,14.66,2,2026-04-14,0,2,1,0,0,1,2026-04-16
2026-09-07,2026-04-11,14,56,3.8,35,0.0,41,30.0,34,0,29,0,36,3,4,7,10,0,2,0,7,678,15,14.99,31,2026-04-13,0,0,0,0,0,0,2026-04-16
2026-09-07,2026-04-11,14,57,6.2,12,60.0,4,60.0,15,3,6,3,5,0,34,4,10,0,2,0,7,672,1,14.81,9,2026-04-15,1,0,0,1,0,1,2026-04-16
2026-09-07,2026-04-11,14,58,6.0,13,45.45,12,63.64,12,3,6,2,11,2,12,4,11,0,2,0,7,681,33,14.87,20,2026-04-14,0,2,0,0,0,1,2026-04-16
2026-09-07,2026-04-11,14,59,6.36,10,45.45,12,63.64,12,2,14,3,5,2,12,4,11,0,2,0,7,676,6,14.77,4,2026-04-12,0,2,0,0,0,0,2026-04-16
2026-09-07,2026-04-11,14,60,7.45,3,54.55,7,72.73,5,5,3,1,23,2,12,3,11,0,2,0,7,673,2,14.79,6,2026-04-15,1,2,0,0,0,2,2026-04-16
2026-09-07,2026-04-11,14,61,5.4,19,40.0,15,50.0,19,2,14,2,11,1,25,5,10,0,2,0,7,676,6,14.86,17,2026-04-14,0,1,1,0,0,0,2026-04-16
2026-09-07,2026-04-11,14,62,6.73,8,45.45,12,72.73,5,3,6,2,11,3,4,3,11,0,2,0,7,680,27,14.79,6,2026-04-16,0,2,1,0,0,0,2026-04-16
2026-09-07,2026-04-11,14,63,4.7,24,10.0,37,60.0,15,1,21,0,36,5,1,4,10,0,2,0,7,679,22,15.1,40,2026-04-14,0,1,0,0,0,0,2026-04-16
2026-09-07,2026-04-11,14,64,4.2,32,30.0,22,40.0,26,1,21,2,11,1,25,6,10,0,2,0,7,678,15,14.88,21,2026-04-16,0,0,1,0,0,0,2026-04-16
2026-09-07,2026-04-11,14,65,1.0,44,0.0,41,0.0,43,0,29,0,36,0,34,2,2,0,2,0,7,678,15,,,,0,0,0,0,0,0,2026-04-16
2026-09-07,2025-12-17,16,11,6.43,9,42.86,12,71.43,8,2,4,1,15,2,4,2,7,0,2,0,7,678,11,14.82,7,2025-12-20,0,2,0,0,0,0,2025-12-20
2026-09-07,2025-12-17,16,12,5.0,23,16.67,27,66.67,10,0,30,1,15,3,3,2,6,0,2,0,7,681,18,15.07,32,2025-12-20,0,0,0,0,0,0,2025-12-20
2026-09-07,2025-12-17,16,13,3.83,33,16.67,27,33.33,30,0,30,1,15,1,13,4,6,0,2,0,7,681,18,15.06,30,2025-12-20,0,0,0,0,0,0,2025-12-20
2026-09-07,2025-12-17,16,14,2.17,41,16.67,27,16.67,36,0,30,1,15,0,32,5,6,0,2,0,7,685,33,15.09,36,2025-12-19,0,0,0,0,0,0,2025-12-20
2026-09-07,2025-12-17,16,15,5.17,21,33.33,20,50.0,16,1,15,1,15,1,13,3,6,0,2,0,7,682,23,15.14,38,2025-12-20,0,1,0,0,0,0,2025-12-20
2026-09-07,2025-12-17,16,16,3.5,34,16.67,27,16.67,36,1,15,0,30,0,32,5,6,0,2,0,7,683,26,15.01,26,2025-12-17,0,1,0,0,0,0,2025-12-20
2026-09-07,2025-12-17,16,17,4.6,27,20.0,26,20.0,35,1,15,0,30,0,32,4,5,0,2,0,7,679,12,14.96,22,2025-12-19,0,1,0,0,0,0,2025-12-20
2026-09-07,2025-12-17,16,18,5.88,15,37.5,18,50.0,16,2,4,1,15,1,13,4,8,0,2,0,7,682,23,14.97,23,2025-12-20,1,1,0,0,0,0,2025-12-20
2026-09-07,2025-12-17,16,19,4.5,28,16.67,27,50.0,16,1,15,0,30,2,4,3,6,0,2,0,7,686,34,14.94,19,2025-12-19,0,0,0,0,0,1,2025-12-20
2026-09-07,2025-12-17,16,20,6.38,10,50.0,6,75.0,6,2,4,2,5,2,4,2,8,0,2,0,7,679,12,14.8,5,2025-12-18,0,2,0,0,0,0,2025-12-20
2026-09-07,2025-12-17,16,21,4.29,31,28.57,23,42.86,24,1,15,1,15,1,13,4,7,0,2,0,7,681,18,14.93,18,2025-12-17,0,0,0,0,0,1,2025-12-20
2026-09-07,2025-12-17,16,22,7.14,5,42.86,12,100.0,1,1,15,2,5,4,1,0,7,0,2,0,7,688,37,14.85,11,2025-12-20,0,1,0,0,0,0,2025-12-20
2026-09-07,2025-12-17,16,23,4.5,28,16.67,27,50.0,16,0,30,1,15,2,4,3,6,0,2,0,7,692,42,15.08,35,2025-12-20,0,0,0,0,0,0,2025-12-20
2026-09-07,2025-12-17,16,24,6.57,8,57.14,4,71.43,8,0,30,4,1,1,13,2,7,0,2,0,7,684,30,15.07,32,2025-12-20,0,0,0,0,0,0,2025-12-20
2026-09-07,2025-12-17,16,25,3.0,37,16.67,27,16.67,36,1,15,0,30,0,32,5,6,0,2,0,7,670,1,15.05,29,2025-12-17,0,0,0,0,0,1,2025-12-20
2026-09-07,2025-12-17,16,26,6.0,13,42.86,12,42.86,24,2,4,1,15,0,32,4,7,0,2,0,7,688,37,15.01,26,2025-12-19,0,1,0,0,0,1,2025-12-20
2026-09-07,2025-12-17,16,27,7.29,4,71.43,2,85.71,4,2,4,3,2,1,13,1,7,0,2,0,7,675,3,14.82,7,2025-12-20,0,1,1,0,0,0,2025-12-20
2026-09-07,2025-12-17,16,28,6.38,10,50.0,6,62.5,12,2,4,2,5,1,13,3,8,0,2,0,7,676,6,14.9,14,2025-12-17,0,2,0,0,0,0,2025-12-20
2026-09-07,2025-12-17,16,29,5.14,22,14.29,38,42.86,24,1,15,0,30,2,4,4,7,0,2,0,7,684,30,14.92,17,2025-12-17,0,0,0,0,0,1,2025-12-20
2026-09-07,2025-12-17,16,30,5.25,20,25.0,25,50.0,16,0,30,2,5,2,4,4,8,0,2,0,7,688,37,15.06,30,2025-12-19,0,0,0,0,0,0,2025-12-20
2026-09-07,2025-12-17,16,31,4.38,30,37.5,18,37.5,29,1,15,2,5,0,32,5,8,0,2,0,7,676,6,14.75,3,2025-12-19,0,1,0,0,0,0,2025-12-20
2026-09-07,2025-12-17,16,32,2.63,40,0.0,39,12.5,42,0,30,0,30,1,13,7,8,0,2,0,7,689,40,15.23,40,2025-12-18,0,0,0,0,0,0,2025-12-20
2026-09-07,2025-12-17,16,33,3.0,37,0.0,39,16.67,36,0,30,0,30,1,13,5,6,0,2,0,7,680,17,15.3,42,2025-12-17,0,0,0,0,0,0,2025-12-20
2026-09-07,2025-12-17,16,34,1.25,43,0.0,39,0.0,43,0,30,0,30,0,32,4,4,0,2,0,7,693,43,,,,0,0,0,0,0,0,2025-12-19
2026-09-07,2025-12-17,16,35,6.17,12,50.0,6,66.67,10,1,15,2,5,1,13,2,6,0,2,1,1,679,12,14.9,14,2025-12-17,1,0,0,0,0,0,2025-12-20
2026-09-07,2025-12-17,16,36,7.43,3,42.86,12,100.0,1,2,4,1,15,4,1,0,7,0,2,1,1,683,26,14.82,7,2025-12-18,0,1,1,0,0,0,2025-12-20
2026-09-07,2025-12-17,16,37,5.75,16,50.0,6,50.0,16,1,15,3,2,0,32,4,8,0,2,0,7,677,9,14.87,12,2025-12-17,0,0,0,0,1,0,2025-12-20
2026-09-07,2025-12-17,16,38,4.67,26,16.67,27,33.33,30,0,30,1,15,1,13,4,6,0,2,0,7,676,6,15.03,28,2025-12-19,0,0,0,0,0,0,2025-12-20
2026-09-07,2025-12-17,16,39,6.0,13,50.0,6,62.5,12,2,4,2,5,1,13,3,8,0,2,0,7,683,26,14.94,19,2025-12-17,0,1,0,1,0,0,2025-12-20
2026-09-07,2025-12-17,16,40,3.5,34,16.67,27,33.33,30,0,30,1,15,1,13,4,6,0,2,0,7,682,23,15.07,32,2025-12-19,0,0,0,0,0,0,2025-12-20
2026-09-07,2025-12-17,16,41,5.0,23,33.33,20,50.0,16,1,15,1,15,1,13,3,6,0,2,0,7,683,26,14.97,23,2025-12-19,0,1,0,0,0,0,2025-12-20
2026-09-07,2025-12-17,16,42,4.86,25,42.86,12,42.86,24,1,15,2,5,0,32,4,7,0,2,0,7,681,18,14.9,14,2025-12-20,0,1,0,0,0,0,2025-12-20
2026-09-07,2025-12-17,16,43,5.5,18,33.33,20,50.0,16,2,4,0,30,1,13,3,6,0,2,0,7,675,3,14.8,5,2025-12-20,1,0,1,0,0,0,2025-12-20
2026-09-07,2025-12-17,16,44,8.86,1,71.43,2,100.0,1,5,1,0,30,2,4,0,7,1,1,1,1,679,12,14.7,2,2025-12-19,0,3,2,0,0,0,2025-12-20
2026-09-07,2025-12-17,16,45,5.43,19,28.57,23,42.86,24,2,4,0,30,1,13,4,7,0,2,0,7,684,30,15.0,25,2025-12-18,0,0,1,0,0,1,2025-12-20
2026-09-07,2025-12-17,16,46,6.86,7,57.14,4,57.14,14,3,2,1,15,0,32,3,7,0,2,1,1,681,18,14.89,13,2025-12-18,1,1,1,0,0,0,2025-12-20
2026-09-07,2025-12-17,16,47,1.83,42,0.0,39,16.67,36,0,30,0,30,1,13,5,6,0,2,0,7,687,35,15.29,41,2025-12-18,0,0,0,0,0,0,2025-12-20
2026-09-07,2025-12-17,16,48,3.33,36,0.0,39,33.33,30,0,30,0,30,2,4,4,6,0,2,0,7,687,35,15.17,39,2025-12-19,0,0,0,0,0,0,2025-12-20
2026-09-07,2025-12-17,16,49,2.67,39,16.67,27,16.67,36,0,30,1,15,0,32,5,6,0,2,0,7,679,12,15.1,37,2025-12-18,0,0,0,0,0,0,2025-12-20
2026-09-07,2025-12-17,16,50,8.29,2,85.71,1,85.71,4,3,2,3,2,0,32,1,7,0,2,1,1,675,3,14.69,1,2025-12-18,0,1,1,0,0,1,2025-12-20
2026-09-07,2025-12-17,16,51,7.0,6,50.0,6,75.0,6,2,4,2,5,2,4,2,8,0,2,0,7,677,9,14.84,10,2025-12-18,1,1,0,0,0,0,2025-12-20
2026-09-07,2025-12-17,16,52,5.71,17,42.86,12,57.14,14,1,15,2,5,1,13,3,7,0,2,1,1,673,2,14.77,4,2025-12-18,0,0,0,1,0,0,2025-12-20
2026-09-07,2025-12-17,16,53,4.0,32,16.67,27,33.33,30,1,15,0,30,1,13,4,6,0,2,0,7,689,40,14.94,19,2025-12-19,0,1,0,0,0,0,2025-12-20
2026-09-07,2026-02-18,22,11,4.25,32,25.0,28,25.0,34,0,34,1,22,0,35,3,4,0,2,0,7,692,14,15.2,35,2026-02-19,0,0,0,0,0,0,2026-02-20
2026-09-07,2026-02-18,22,12,5.9,15,40.0,12,70.0,8,2,10,2,12,3,3,3,10,0,2,0,7,692,14,14.96,12,2026-02-20,1,1,0,0,0,0,2026-02-23
2026-09-07,2026-02-18,22,13,4.0,33,20.0,32,30.0,33,2,10,0,31,1,27,7,10,0,2,0,7,695,28,15.03,23,2026-02-19,0,1,0,0,0,1,2026-02-23
2026-09-07,2026-02-18,22,14,6.0,11,36.36,17,63.64,13,4,3,0,31,3,3,4,11,0,2,0,7,692,14,14.95,10,2026-02-19,0,1,3,0,0,0,2026-02-23
2026-09-07,2026-02-18,22,15,6.8,7,50.0,8,70.0,8,3,8,2,12,2,9,3,10,0,2,1,1,692,14,15.01,19,2026-02-20,0,1,1,1,0,0,2026-02-23
2026-09-07,2026-02-18,22,16,7.8,3,70.0,4,90.0,4,4,3,3,6,2,9,1,10,0,2,1,1,689,8,14.84,1,2026-02-19,1,3,0,0,0,0,2026-02-23
2026-09-07,2026-02-18,22,17,9.0,1,100.0,1,100.0,1,5,1,5,2,0,35,0,10,1,1,1,1,688,6,14.87,3,2026-02-20,3,2,0,0,0,0,2026-02-23
2026-09-07,2026-02-18,22,18,4.8,27,30.0,22,50.0,20,2,10,1,22,2,9,5,10,0,2,0,7,692,14,15.08,28,2026-02-21,0,1,1,0,0,0,2026-02-23
2026-09-07,2026-02-18,22,19,5.4,23,30.0,22,50.0,20,1,22,2,12,2,9,5,10,0,2,0,7,679,1,15.0,18,2026-02-18,1,0,0,0,0,0,2026-02-23
2026-09-07,2026-02-18,22,20,3.78,34,11.11,34,33.33,32,1,22,0,31,2,9,6,9,0,2,0,7,693,22,15.09,29,2026-02-19,0,1,0,0,0,0,2026-02-23
2026-09-07,2026-02-18,22,21,6.0,11,50.0,8,50.0,20,3,8,2,12,0,35,5,10,0,2,0,7,692,14,14.99,16,2026-02-23,1,2,0,0,0,0,2026-02-23
2026-09-07,2026-02-18,22,27,5.5,20,40.0,12,60.0,14,1,22,3,6,2,9,4,10,0,2,0,7,693,22,15.17,34,2026-02-20,0,0,0,1,0,0,2026-02-23
2026-09-07,2026-02-18,22,28,4.67,28,33.33,20,44.44,28,1,22,2,12,1,27,5,9,0,2,0,7,700,43,15.02,20,2026-02-23,1,0,0,0,0,0,2026-02-23
2026-09-07,2026-02-18,22,29,4.44,30,22.22,29,44.44,28,0,34,2,12,2,9,5,9,0,2,0,7,697,38,15.25,37,2026-02-23,0,0,0,0,0,0,2026-02-23
2026-09-07,2026-02-18,22,30,6.5,8,70.0,4,70.0,8,2,10,5,2,0,35,3,10,0,2,0,7,692,14,14.99,16,2026-02-18,1,1,0,0,0,0,2026-02-23
2026-09-07,2026-02-18,22,31,1.0,44,0.0,39,0.0,42,0,34,0,31,0,35,8,8,0,2,0,7,696,32,,,,0,0,0,0,0,0,2026-02-23
2026-09-07,2026-02-18,22,32,3.11,39,0.0,39,22.22,35,0,34,0,31,2,9,7,9,0,2,0,7,689,8,15.37,40,2026-02-20,0,0,0,0,0,0,2026-02-23
2026-09-07,2026-02-18,22,33,1.0,44,0.0,39,0.0,42,0,34,0,31,0,35,7,7,0,2,0,7,701,45,,,,0,0,0,0,0,0,2026-02-23
2026-09-07,2026-02-18,22,34,5.6,17,30.0,22,50.0,20,2,10,1,22,2,9,5,10,0,2,0,7,696,32,15.15,33,2026-02-22,1,0,0,1,0,0,2026-02-23
2026-09-07,2026-02-18,22,35,3.0,40,0.0,39,22.22,35,0,34,0,31,2,9,7,9,0,2,0,7,691,11,15.38,41,2026-02-21,0,0,0,0,0,0,2026-02-23
2026-09-07,2026-02-18,22,36,5.82,16,45.45,10,54.55,16,2,10,3,6,1,27,5,11,0,2,0,7,695,28,15.06,26,2026-02-19,0,2,0,0,0,0,2026-02-23
2026-09-07,2026-02-18,22,37,5.27,24,36.36,17,54.55,16,4,3,0,31,2,9,5,11,0,2,0,7,695,28,15.02,20,2026-02-22,2,2,0,0,0,0,2026-02-23
2026-09-07,2026-02-18,22,43,8.0,2,72.73,2,90.91,2,4,3,4,4,2,9,1,11,0,2,0,7,687,4,14.94,8,2026-02-23,1,3,0,0,0,0,2026-02-23
2026-09-07,2026-02-18,22,44,6.0,11,40.0,12,50.0,20,2,10,2,12,1,27,5,10,0,2,1,1,687,4,14.96,12,2026-02-21,0,2,0,0,0,0,2026-02-23
2026-09-07,2026-02-18,22,45,6.0,11,30.0,22,60.0,14,2,10,1,22,3,3,4,10,0,2,0,7,694,26,15.06,26,2026-02-21,0,2,0,0,0,0,2026-02-23
2026-09-07,2026-02-18,22,46,5.56,18,11.11,34,66.67,12,1,22,0,31,5,1,3,9,0,2,0,7,697,38,14.92,5,2026-02-19,0,1,0,0,0,0,2026-02-23
2026-09-07,2026-02-18,22,47,3.78,34,11.11,34,22.22,35,1,22,0,31,1,27,7,9,0,2,0,7,699,42,14.98,15,2026-02-20,0,1,0,0,0,0,2026-02-23
2026-09-07,2026-02-18,22,48,1.38,43,0.0,39,0.0,42,0,34,0,31,0,35,8,8,0,2,0,7,700,43,15.58,43,2026-02-21,0,0,0,0,0,0,2026-02-23
2026-09-07,2026-02-18,22,49,3.78,34,0.0,39,22.22,35,0,34,0,31,2,9,7,9,0,2,0,7,693,22,15.28,38,2026-02-21,0,0,0,0,0,0,2026-02-23
2026-09-07,2026-02-18,22,50,7.6,5,60.0,6,80.0,5,4,3,2,12,2,9,2,10,0,2,1,1,691,11,14.92,5,2026-02-18,1,2,1,0,0,0,2026-02-23
2026-09-07,2026-02-18,22,51,4.44,30,22.22,29,44.44,28,0,34,2,12,2,9,5,9,0,2,0,7,695,28,15.13,31,2026-02-23,0,0,0,0,0,0,2026-02-23
2026-09-07,2026-02-18,22,52,7.09,6,72.73,2,72.73,6,1,22,7,1,0,35,3,11,0,2,0,7,685,2,15.05,24,2026-02-23,0,1,0,0,0,0,2026-02-23
2026-09-07,2026-02-18,22,53,3.78,34,22.22,29,22.22,35,1,22,1,22,0,35,7,9,0,2,0,7,691,11,15.02,20,2026-02-23,0,0,1,0,0,0,2026-02-23
2026-09-07,2026-02-18,22,59,7.64,4,45.45,10,90.91,2,5,1,0,31,5,1,1,11,0,2,0,7,693,22,14.88,4,2026-02-19,1,2,0,2,0,0,2026-02-23
2026-09-07,2026-02-18,22,60,6.27,9,54.55,7,72.73,6,2,10,4,4,2,9,3,11,0,2,0,7,696,32,14.93,7,2026-02-19,0,2,0,0,0,0,2026-02-23
2026-09-07,2026-02-18,22,61,3.78,34,11.11,34,22.22,35,1,22,0,31,1,27,7,9,0,2,0,7,698,40,14.95,10,2026-02-21,0,1,0,0,0,0,2026-02-23
2026-09-07,2026-02-18,22,62,5.2,25,20.0,32,50.0,20,1,22,1,22,3,3,5,10,0,2,0,7,688,6,14.96,12,2026-02-23,0,1,0,0,0,0,2026-02-23
2026-09-07,2026-02-18,22,63,4.56,29,33.33,20,44.44,28,0,34,3,6,1,27,5,9,0,2,0,7,696,32,15.2,35,2026-02-22,0,0,0,0,0,0,2026-02-23
2026-09-07,2026-02-18,22,64,2.0,42,0.0,39,0.0,42,0,34,0,31,0,35,8,8,0,2,0,7,694,26,15.57,42,2026-02-18,0,0,0,0,0,0,2026-02-23
2026-09-07,2026-02-18,22,65,6.1,10,40.0,12,70.0,8,1,22,3,6,3,3,3,10,0,2,1,1,696,32,14.94,8,2026-02-19,0,1,0,0,0,0,2026-02-23
2026-09-07,2026-02-18,22,66,5.5,20,30.0,22,50.0,20,2,10,1,22,2,9,5,10,0,2,0,7,696,32,15.11,30,2026-02-19,0,2,0,0,0,0,2026-02-23
2026-09-07,2026-02-18,22,67,5.45,22,36.36,17,54.55,16,2,10,2,12,2,9,5,11,0,2,0,7,698,40,15.14,32,2026-02-23,0,2,0,0,0,0,2026-02-23
2026-09-07,2026-02-18,22,68,4.9,26,40.0,12,50.0,20,1,22,3,6,1,27,5,10,0,2,0,7,690,10,15.05,24,2026-02-18,0,1,0,0,0,0,2026-02-23
2026-09-07,2026-02-18,22,69,2.11,41,11.11,34,11.11,41,0,34,1,22,0,35,8,9,0,2,0,7,692,14,15.34,39,2026-02-18,0,0,0,0,0,0,2026-02-23
2026-09-07,2026-02-18,22,70,5.55,19,27.27,27,54.55,16,2,10,1,22,3,3,5,11,0,2,0,7,686,3,14.85,2,2026-02-20,0,1,0,1,0,0,2026-02-23
2026-09-07,2026-05-24,24,11,1.78,46,0.0,40,0.0,46,0,34,0,32,0,41,9,9,0,2,0,7,695,22,15.44,45,2026-05-29,0,0,0,0,0,0,2026-05-29
2026-09-07,2026-05-24,24,12,3.11,40,11.11,37,22.22,38,0,34,1,24,1,21,7,9,0,2,0,7,695,22,15.25,38,2026-05-26,0,0,0,0,0,0,2026-05-29
2026-09-07,2026-05-24,24,13,6.22,13,55.56,8,66.67,12,0,34,5,1,1,21,3,9,0,2,0,7,697,37,15.13,31,2026-05-24,0,0,0,0,0,0,2026-05-29
2026-09-07,2026-05-24,24,14,5.18,24,18.18,36,54.55,25,2,11,0,32,4,1,5,11,0,2,0,7,695,22,15.04,18,2026-05-24,0,2,0,0,0,0,2026-05-29
2026-09-07,2026-05-24,24,15,5.18,24,36.36,20,45.45,26,1,23,3,4,1,21,6,11,0,2,0,7,691,8,14.92,1,2026-05-26,1,0,0,0,0,0,2026-05-29
2026-09-07,2026-05-24,24,16,4.78,30,22.22,29,33.33,32,2,11,0,32,1,21,6,9,0,2,0,7,692,11,15.01,11,2026-05-28,0,0,1,0,0,1,2026-05-29
2026-09-07,2026-05-24,24,17,7.64,2,63.64,4,81.82,3,5,2,2,15,2,11,2,11,0,2,0,7,694,19,14.96,5,2026-05-24,0,3,0,0,0,2,2026-05-29
2026-09-07,2026-05-24,24,18,2.0,44,0.0,40,11.11,44,0,34,0,32,1,21,8,9,0,2,0,7,699,43,15.46,46,2026-05-25,0,0,0,0,0,0,2026-05-29
2026-09-07,2026-05-24,24,19,5.56,17,22.22,29,55.56,19,1,23,1,24,3,2,4,9,0,2,0,7,692,11,14.99,10,2026-05-29,0,0,0,0,0,1,2026-05-29
2026-09-07,2026-05-24,24,20,6.8,6,60.0,5,70.0,8,4,3,2,15,1,21,3,10,0,2,1,1,689,4,14.96,5,2026-05-24,0,0,0,2,0,2,2026-05-29
2026-09-07,2026-05-24,24,21,2.13,43,0.0,40,12.5,41,0,34,0,32,1,21,7,8,0,2,0,7,699,43,15.39,42,2026-05-24,0,0,0,0,0,0,2026-05-29
2026-09-07,2026-05-24,24,22,2.88,41,0.0,40,12.5,41,0,34,0,32,1,21,7,8,0,2,0,7,693,16,15.28,40,2026-05-26,0,0,0,0,0,0,2026-05-29
2026-09-07,2026-05-24,24,23,4.11,36,11.11,37,44.44,27,1,23,0,32,3,2,5,9,0,2,0,7,696,33,15.11,26,2026-05-27,0,1,0,0,0,0,2026-05-29
2026-09-07,2026-05-24,24,24,6.3,12,40.0,17,70.0,8,2,11,2,15,3,2,3,10,0,2,0,7,690,5,14.95,4,2026-05-24,0,0,0,0,1,1,2026-05-29
2026-09-07,2026-05-24,24,25,5.22,22,44.44,11,44.44,27,2,11,2,15,0,41,5,9,0,2,1,1,693,16,15.03,16,2026-05-25,1,1,0,0,0,0,2026-05-29
2026-09-07,2026-05-24,24,26,3.33,39,0.0,40,22.22,38,0,34,0,32,2,11,7,9,0,2,0,7,694,19,15.39,42,2026-05-26,0,0,0,0,0,0,2026-05-29
2026-09-07,2026-05-24,24,27,4.33,35,22.22,29,33.33,32,0,34,2,15,1,21,6,9,0,2,0,7,695,22,15.26,39,2026-05-26,0,0,0,0,0,0,2026-05-29
2026-09-07,2026-05-24,24,28,5.6,16,40.0,17,60.0,16,2,11,2,15,2,11,4,10,0,2,0,7,693,16,15.13,31,2026-05-25,0,2,0,0,0,0,2026-05-29
2026-09-07,2026-05-24,24,29,3.44,38,11.11,37,11.11,44,1,23,0,32,0,41,8,9,0,2,0,7,695,22,15.03,16,2026-05-24,0,1,0,0,0,0,2026-05-29
2026-09-07,2026-05-24,24,30,4.5,34,25.0,28,25.0,37,2,11,0,32,0,41,6,8,0,2,0,7,697,37,15.01,11,2026-05-24,0,1,1,0,0,0,2026-05-29
2026-09-07,2026-05-24,24,31,9.4,1,100.0,1,100.0,1,7,1,3,4,0,41,0,10,1,1,1,1,695,22,14.93,2,2026-05-29,1,2,1,1,0,2,2026-05-29
2026-09-07,2026-05-24,24,32,5.22,22,44.44,11,55.56,19,1,23,3,4,1,21,4,9,0,2,0,7,688,3,14.98,9,2026-05-28,0,0,0,0,0,1,2026-05-29
2026-09-07,2026-05-24,24,33,5.56,17,33.33,21,66.67,12,2,11,1,24,3,2,3,9,0,2,0,7,695,22,15.06,20,2026-05-29,0,0,1,1,0,0,2026-05-29
2026-09-07,2026-05-24,24,34,7.11,4,66.67,2,77.78,5,3,4,3,4,1,21,2,9,0,2,1,1,692,11,15.02,13,2026-05-24,2,1,0,0,0,0,2026-05-29
2026-09-07,2026-05-24,24,35,5.56,17,33.33,21,55.56,19,1,23,2,15,2,11,4,9,0,2,0,7,700,46,15.07,21,2026-05-28,0,0,1,0,0,0,2026-05-29
2026-09-07,2026-05-24,24,36,4.89,29,22.22,29,55.56,19,2,11,0,32,3,2,4,9,0,2,0,7,690,5,15.08,23,2026-05-26,0,1,1,0,0,0,2026-05-29
2026-09-07,2026-05-24,24,37,6.5,10,60.0,5,70.0,8,3,4,3,4,1,21,3,10,0,2,0,7,695,22,15.02,13,2026-05-29,0,2,0,0,0,1,2026-05-29
2026-09-07,2026-05-24,24,38,5.0,28,33.33,21,55.56,19,0,34,3,4,2,11,4,9,0,2,0,7,690,5,15.16,35,2026-05-24,0,0,0,0,0,0,2026-05-29
2026-09-07,2026-05-24,24,39,6.6,8,50.0,9,60.0,16,3,4,2,15,1,21,4,10,0,2,0,7,691,8,15.04,18,2026-05-25,1,2,0,0,0,0,2026-05-29
2026-09-07,2026-05-24,24,40,5.3,21,40.0,17,60.0,16,0,34,4,2,2,11,4,10,0,2,0,7,697,37,15.11,26,2026-05-29,0,0,0,0,0,0,2026-05-29
2026-09-07,2026-05-24,24,41,5.56,17,33.33,21,66.67,12,2,11,1,24,3,2,3,9,0,2,0,7,695,22,14.93,2,2026-05-26,0,1,1,0,0,0,2026-05-29
2026-09-07,2026-05-24,24,43,6.44,11,44.44,11,77.78,5,1,23,3,4,3,2,2,9,0,2,1,1,695,22,15.12,30,2026-05-24,0,0,0,1,0,0,2026-05-29
2026-09-07,2026-05-24,24,44,6.67,7,44.44,11,77.78,5,3,4,1,24,3,2,2,9,0,2,0,7,692,11,15.1,24,2026-05-28,0,2,0,0,0,1,2026-05-29
2026-09-07,2026-05-24,24,45,6.22,13,44.44,11,66.67,12,1,23,3,4,2,11,3,9,0,2,1,1,695,22,15.16,35,2026-05-26,0,0,0,0,1,0,2026-05-29
2026-09-07,2026-05-24,24,46,4.56,32,33.33,21,33.33,32,3,4,0,32,0,41,6,9,0,2,0,7,692,11,15.07,21,2026-05-24,1,2,0,0,0,0,2026-05-29
2026-09-07,2026-05-24,24,47,5.11,26,33.33,21,44.44,27,2,11,1,24,1,21,5,9,0,2,0,7,691,8,15.02,13,2026-05-29,0,2,0,0,0,0,2026-05-29
2026-09-07,2026-05-24,24,48,2.0,44,0.0,40,12.5,41,0,34,0,32,1,21,7,8,0,2,0,7,696,33,15.34,41,2026-05-29,0,0,0,0,0,0,2026-05-29
2026-09-07,2026-05-24,24,49,4.56,32,22.22,29,33.33,32,1,23,1,24,1,21,6,9,0,2,0,7,696,33,15.11,26,2026-05-27,0,1,0,0,0,0,2026-05-29
2026-09-07,2026-05-24,24,50,2.44,42,0.0,40,22.22,38,0,34,0,32,2,11,7,9,0,2,0,7,696,33,15.41,44,2026-05-27,0,0,0,0,0,0,2026-05-29
2026-09-07,2026-05-24,24,51,1.2,47,0.0,40,0.0,46,0,34,0,32,0,41,5,5,0,2,0,7,698,41,,,,0,0,0,0,0,0,2026-05-26
2026-09-07,2026-05-24,24,52,6.9,5,50.0,9,80.0,4,3,4,2,15,3,2,2,10,0,2,0,7,687,2,14.96,5,2026-05-28,2,1,0,0,0,0,2026-05-29
2026-09-07,2026-05-24,24,53,6.0,15,44.44,11,55.56,19,1,23,3,4,1,21,4,9,0,2,0,7,694,19,15.1,24,2026-05-29,0,1,0,0,0,0,2026-05-29
2026-09-07,2026-05-24,24,54,5.11,26,22.22,29,44.44,27,1,23,1,24,2,11,5,9,0,2,0,7,698,41,15.11,26,2026-05-26,0,0,0,1,0,0,2026-05-29
2026-09-07,2026-05-24,24,55,4.78,30,22.22,29,33.33,32,2,11,0,32,1,21,6,9,0,2,0,7,699,43,15.14,33,2026-05-26,0,1,0,0,0,1,2026-05-29
2026-09-07,2026-05-24,24,56,6.6,8,60.0,5,70.0,8,2,11,4,2,1,21,3,10,0,2,0,7,700,46,15.14,33,2026-05-28,0,2,0,0,0,0,2026-05-29
2026-09-07,2026-05-24,24,57,7.33,3,66.67,2,88.89,2,3,4,3,4,2,11,1,9,0,2,0,7,685,1,14.97,8,2026-05-24,1,1,1,0,0,0,2026-05-29
2026-09-07,2026-05-24,24,58,4.1,37,30.0,27,40.0,31,0,34,3,4,1,21,6,10,0,2,0,7,697,37,15.23,37,2026-05-26,0,0,0,0,0,0,2026-05-29
