レースコード,レース日,レース場,レース回,締切時刻,取得日時,結果記録時刻,決まり手,1着_艇番,1着_選手名,1着_レースタイム,2着_艇番,2着_選手名,2着_レースタイム,3着_艇番,3着_選手名,3着_レースタイム,4着_艇番,4着_選手名,4着_レースタイム,5着_艇番,5着_選手名,5着_レースタイム,6着_艇番,6着_選手名,6着_レースタイム,1コース_艇番,1コース_スタートタイミング,1コース_F,2コース_艇番,2コース_スタートタイミング,2コース_F,3コース_艇番,3コース_スタートタイミング,3コース_F,4コース_艇番,4コース_スタートタイミング,4コース_F,5コース_艇番,5コース_スタートタイミング,5コース_F,6コース_艇番,6コース_スタートタイミング,6コース_F,天候,風向,風速(m),波の高さ(cm),気温(℃),水温(℃)
202609051001,2026-09-05,10,01R,08:32,2026-09-05T08:48:20.406774+09:00,0835,まくり,4,竹腰　　正樹,"1'50""1",5,熊本　　英一,"1'51""1",1,坪井　　康晴,"1'52""9",2,中本　　大樹,"1'54""3",3,土性　　雅也,,6,多田　　有佑,,1,0.13,,2,0.13,,3,0.12,,4,0.06,,5,0.19,,6,0.19,,1,1,4.0,4.0,25.0,24.0
202609051801,2026-09-05,18,01R,08:44,2026-09-05T09:04:23.072163+09:00,0847,抜　き,1,古澤　　光紀,"1'49""9",3,藤森　　拓海,"1'51""0",5,金田　　大輔,"1'53""9",4,沼田　　大都,"1'54""6",2,三浦　　裕貴,,6,鈴木　　雄登,,1,0.13,,2,0.09,,3,0.1,,4,0.18,,5,0.18,,6,0.21,,2,3,2.0,2.0,24.0,27.0
202609051002,2026-09-05,10,02R,08:58,2026-09-05T09:16:20.708207+09:00,0901,逃　げ,1,永嶋　　裕一,"1'49""5",2,板橋　　侑我,"1'51""0",4,長谷川　雅和,"1'52""4",5,川口　　貴久,"1'53""8",3,中村　　将隆,,6,片岡　　秀樹,,1,0.05,,2,0.09,,3,0.11,,4,0.16,,5,0.11,,6,0.18,,1,8,4.0,4.0,25.0,24.0
202609051802,2026-09-05,18,02R,09:10,2026-09-05T09:34:24.825894+09:00,0913,逃　げ,1,稗田　　聖也,"1'51""1",3,柘植　　政浩,"1'52""8",4,都築　　正治,"1'54""9",2,高村　　　諒,"1'56""0",6,江本　　真治,,5,本吉　　正樹,,1,0.11,,2,0.11,,3,0.12,,4,0.14,,5,0.22,,6,0.16,,2,3,2.0,2.0,25.0,27.0
202609051003,2026-09-05,10,03R,09:24,2026-09-05T09:40:20.849973+09:00,0927,まくり,3,石野　　貴之,"1'51""1",1,平見　　真彦,"1'52""4",4,岩川　　仁士,"1'53""5",6,東口　　　晃,"1'54""2",5,岸本　　雄貴,,2,間野　　兼礼,,1,0.21,,2,0.21,,3,0.18,,4,0.18,,5,0.22,,6,0.24,,1,8,5.0,5.0,25.0,24.0
202609051803,2026-09-05,18,03R,09:36,2026-09-05T09:58:23.863103+09:00,0939,抜　き,1,佐藤　　大佑,"1'51""6",2,池田　　雷太,"1'53""2",4,山口　　修路,"1'54""7",6,和田　　拓也,"1'55""4",5,藤田　　浩人,,3,幸田　　智裕,,1,0.1,,2,0.13,,3,0.15,,4,0.14,,5,0.16,,6,0.18,,2,3,3.0,3.0,26.0,27.0
202609051004,2026-09-05,10,04R,09:50,2026-09-05T10:08:21.569961+09:00,0953,逃　げ,1,戸塚　　邦好,"1'51""0",3,大橋　純一郎,"1'52""9",5,香川　　颯太,"1'54""0",2,井上　　　茂,"1'54""3",6,久永　　祥平,,4,重冨　　勇哉,,1,0.1,,2,0.11,,3,0.11,,4,0.18,,5,0.12,,6,0.19,,1,8,7.0,7.0,25.0,24.0
202609051804,2026-09-05,18,04R,10:02,2026-09-05T10:24:20.997949+09:00,1005,逃　げ,1,山田　　　丈,"1'51""4",5,妻鳥　　晋也,"1'52""7",2,坂元　　浩仁,"1'54""5",3,高橋　　　勲,"1'55""6",4,福田　　　理,,6,山田　　真聖,,1,0.1,,2,0.11,,3,0.11,,4,0.11,,5,0.08,,6,0.12,,1,3,4.0,4.0,27.0,27.0
202609051005,2026-09-05,10,05R,10:18,2026-09-05T10:34:24.735056+09:00,1021,逃　げ,1,田中　太一郎,"1'52""9",4,島村　　隆幸,"1'53""8",6,百武　　　翔,"1'55""0",2,吉島　　祥之,"1'56""1",5,塩崎　　優司,,3,前田　健太郎,,1,0.15,,2,0.12,,3,0.11,,4,0.1,,6,0.13,,5,0.13,,1,1,8.0,8.0,26.0,25.0
202609051101,2026-09-05,11,01R,10:33,2026-09-05T10:50:22.131618+09:00,1036,逃　げ,1,楠　　将太郎,"1'50""4",3,笹木　　香吾,"1'52""0",6,佐野　　優都,"1'52""7",2,松井　　貫太,"1'55""5",5,坂本　　一真,,4,原田　　朱理,,1,0.12,,2,0.19,,3,0.19,,4,0.2,,5,0.17,,6,0.22,,1,2,2.0,2.0,25.0,28.0
202609051805,2026-09-05,18,05R,10:29,2026-09-05T10:52:19.757588+09:00,1032,逃　げ,1,蒲原　　健太,"1'51""5",3,岡村　　慶太,"1'52""6",6,西丸　侑太朗,"1'54""6",2,藤山　　雅弘,"1'56""3",5,三浦　　裕貴,,4,牧村　　俊輝,,1,0.27,,2,0.25,,3,0.26,,6,0.21,,4,0.3,,5,0.33,,1,3,6.0,6.0,28.0,27.0
202609051301,2026-09-05,13,01R,10:36,2026-09-05T10:52:19.757588+09:00,1039,逃　げ,1,橋本　　年光,"1'50""7",4,中里　　英夫,"1'52""2",2,乃村　　康友,"1'53""0",3,水摩　　　敦,"1'54""8",6,國弘　　翔平,"1'55""6",5,峰重　　侑治,"1'56""6",1,0.24,,2,0.27,,3,0.21,,4,0.21,,5,0.17,,6,0.14,,1,2,5.0,3.0,29.1,27.1
202609050901,2026-09-05,09,01R,10:42,2026-09-05T11:00:50.388344+09:00,1046,逃　げ,1,鎌倉　　　涼,"1'48""6",4,中村　　晃朋,"1'50""8",3,尾嶋　　一広,"1'51""9",2,中島　　孝平,"1'52""5",5,澤田　　尚也,,6,春園　　功太,,1,0.09,,2,0.09,,3,0.09,,4,0.1,,5,0.11,,6,0.12,,2,3,1.0,1.0,25.0,26.0
202609050201,2026-09-05,02,01R,10:47,2026-09-05T11:02:20.459930+09:00,1050,まくり差し,4,宇野　　博之,"1'49""5",5,櫻井　　　隼,"1'49""9",3,中井　　俊祐,"1'51""0",6,鈴木　　　猛,"1'51""7",2,加藤　　啓太,,1,上村　　宏太,,1,0.17,,2,0.15,,3,0.09,,4,0.14,,5,0.16,,6,0.11,,2,1,1.0,1.0,21.0,26.0
202609051006,2026-09-05,10,06R,10:50,2026-09-05T11:06:22.846922+09:00,1053,まくり,3,田頭　　虎親,"1'51""4",1,中岡　　健人,"1'52""9",4,萩原　　秀人,"1'54""2",2,多田　　有佑,"1'54""9",5,中村　　将隆,,6,北川　　太一,,1,0.18,,2,0.19,,3,0.19,,4,0.18,,5,0.25,,6,0.24,,1,1,6.0,6.0,26.0,25.0
202609051701,2026-09-05,17,01R,10:54,2026-09-05T11:08:24.107055+09:00,1057,抜　き,1,長尾　　章平,"1'51""7",5,石川　　哲秀,"1'53""0",3,森清　　友翔,"1'54""0",6,齊藤　　　廉,"1'54""7",2,山本　景士郎,"1'55""7",4,吉田　　和仁,"1'57""2",1,0.23,,2,0.23,,3,0.16,,4,0.21,,5,0.1,,6,0.18,,2,2,4.0,4.0,27.0,27.0
202609050401,2026-09-05,04,01R,10:55,2026-09-05T11:12:16.283515+09:00,1058,まくり差し,3,中村　　　尊,"1'49""7",1,渡邉　真奈美,"1'51""8",2,孫崎　　百世,"1'53""1",5,大橋　　由珠,"1'54""8",4,今井　　裕梨,,6,日隈　　　茜,,1,0.11,,2,0.15,,3,0.08,,4,0.11,,5,0.12,,6,0.25,,2,2,3.0,3.0,22.0,26.0
202609051102,2026-09-05,11,02R,11:02,2026-09-05T11:20:20.873093+09:00,1105,まくり,4,廣瀬　　　凜,"1'49""5",5,上野　　拓馬,"1'50""4",6,藤井　　公人,"1'52""3",1,村松　　栄太,"1'54""7",3,小川　竜太朗,,2,土井　　歩夢,,1,0.23,,2,0.18,,3,0.19,,4,0.11,,5,0.17,,6,0.17,,1,3,1.0,1.0,26.0,29.0
202609051806,2026-09-05,18,06R,10:59,2026-09-05T11:22:19.442090+09:00,1102,まくり差し,6,吉村　　　誠,"1'52""7",4,嶋田　　貴支,"1'54""7",2,島川　　光男,"1'55""3",1,三好　　勇人,"1'56""0",3,金田　　大輔,,5,鈴木　　雄登,,1,0.1,,2,0.15,,3,0.15,,4,0.19,,5,0.28,,6,0.12,,1,3,6.0,6.0,29.0,27.0
202609051302,2026-09-05,13,02R,11:05,2026-09-05T11:22:19.442090+09:00,1108,抜　き,1,福西　広太郎,"1'50""3",5,渡辺　　真至,"1'51""4",4,北川　　敏弘,"1'52""6",6,木村　　亮太,"1'52""8",3,中野　　孝二,"1'54""4",2,竹田　　広樹,"1'57""3",1,0.17,,2,0.17,,3,0.14,,4,0.09,,5,0.13,,6,0.07,,1,3,5.0,3.0,30.3,27.2
202609050902,2026-09-05,09,02R,11:12,2026-09-05T11:32:23.628994+09:00,1116,逃　げ,1,高野　　哲史,"1'49""1",3,山崎　　　郡,"1'50""5",5,松田　　祐季,"1'53""0",2,篠崎　　仁志,"1'54""0",4,平本　　真之,,6,山口　　　剛,,1,0.17,,2,0.18,,3,0.21,,4,0.13,,5,0.19,,6,0.25,,2,3,1.0,1.0,25.0,26.0
202609050301,2026-09-05,03,01R,11:14,2026-09-05T11:32:23.628994+09:00,1117,まくり差し,3,中北　　将史,"1'53""1",1,澤崎　　雄哉,"1'54""4",4,古田　　祐貴,"1'55""7",5,小川　　知行,"1'58""1",2,関根　　彰人,,6,鈴木　結平太,,1,0.17,,2,0.18,,3,0.18,,4,0.21,,5,0.15,,6,0.36,,2,2,4.0,5.0,22.0,26.0
202609050202,2026-09-05,02,02R,11:16,2026-09-05T11:32:23.628994+09:00,1119,逃　げ,1,原田　　雄次,"1'48""3",5,重富　　伸也,"1'50""4",4,山崎　　善庸,"1'51""5",6,藤原　　碧生,"1'51""6",3,森　　　雄利,,2,野村　　　誠,,1,0.11,,2,0.14,,3,0.15,,4,0.18,,5,0.14,,6,0.13,,2,1,1.0,1.0,21.0,26.0
202609051007,2026-09-05,10,07R,11:20,2026-09-05T11:36:25.297252+09:00,1123,抜　き,1,中渡　　修作,"1'52""2",5,中本　　大樹,"1'52""6",4,岡村　　将也,"1'54""4",2,登玉　　隼百,"1'55""6",3,片岡　　秀樹,,6,横井　　健太,,1,0.12,,2,0.11,,3,0.14,,4,0.15,,5,0.14,,6,0.19,,1,1,6.0,6.0,26.0,25.0
202609051702,2026-09-05,17,02R,11:23,2026-09-05T11:38:27.691369+09:00,1126,逃　げ,1,亀山　　雅幸,"1'50""9",5,外崎　　　悟,"1'51""8",3,松井　　賢治,"1'54""1",2,栗原　　一馬,"1'55""0",6,木山　　大聖,"1'56""1",4,貫地谷　直人,"1'56""2",1,0.1,,2,0.11,,3,0.1,,4,0.14,,5,0.11,,6,0.15,,2,2,4.0,4.0,27.0,27.0
202609050402,2026-09-05,04,02R,11:24,2026-09-05T11:46:23.245475+09:00,1127,逃　げ,1,瀧川　　千依,"1'49""9",5,川尻　　泰輔,"1'51""9",3,植竹　　玲奈,"1'53""7",4,西舘　　果里,"1'55""1",2,関野　　　文,,6,金田　　幸子,,1,0.1,,2,0.14,,3,0.16,,4,0.29,,5,0.23,,6,0.27,,2,1,2.0,3.0,22.0,26.0
202609051103,2026-09-05,11,03R,11:34,2026-09-05T11:50:24.704151+09:00,1137,まくり,2,山崎　　　祥,"1'50""4",3,渡邊　　雄斗,"1'51""2",1,小林　　礼央,"1'54""8",5,廣部　　大明,"1'56""7",6,竹間　　隆晟,,4,大原　　祥昌,,1,0.24,,2,0.18,,3,0.14,,4,0.18,,5,0.15,,6,0.2,,1,,0.0,1.0,28.0,29.0
202609051807,2026-09-05,18,07R,11:31,2026-09-05T11:52:20.207033+09:00,1134,抜　き,1,内田　　　圭,"1'51""9",2,幸田　　智裕,"1'53""8",3,大西　　隆洋,"1'55""4",4,池田　　雷太,"1'56""5",6,高村　　　諒,,5,新田　　洋一,,1,0.05,,2,0.07,,3,0.08,,4,0.18,,5,0.25,,6,0.16,,1,3,6.0,6.0,28.0,27.0
202609051303,2026-09-05,13,03R,11:37,2026-09-05T11:54:19.425692+09:00,1140,抜　き,2,渡邉　　英児,"1'51""1",5,高橋　　直哉,"1'51""9",6,天野　　友和,"1'53""1",3,小畑　　実成,"1'55""0",4,佐藤　　太亮,"1'55""8",1,伊藤　　尚汰,"1'58""3",1,0.13,,2,0.11,,3,0.08,,4,0.12,,5,0.11,,6,0.07,,1,2,4.0,0.0,30.6,27.3
202609050302,2026-09-05,03,02R,11:41,2026-09-05T12:02:26.713845+09:00,1144,逃　げ,1,金児　　隆太,"1'52""0",2,松本　　博昭,"1'54""0",4,山本　稔太朗,"1'55""1",6,鈴木　　賢一,"1'57""0",3,野見山　拓己,,5,多羅尾　達之,,1,0.14,,2,0.14,,3,0.17,,4,0.14,,5,0.08,,6,0.11,,2,2,3.0,5.0,22.0,26.0
202609050903,2026-09-05,09,03R,11:42,2026-09-05T12:02:26.713845+09:00,1146,逃　げ,1,木村　　仁紀,"1'50""0",2,豊田　健士郎,"1'50""6",3,石本　　裕武,"1'51""8",5,宮地　　元輝,"1'53""0",4,川原　　祐明,,6,若林　　義人,,1,0.08,,2,0.1,,3,0.09,,4,0.13,,5,0.17,,6,0.16,,2,3,1.0,1.0,26.0,26.0
202609050203,2026-09-05,02,03R,11:45,2026-09-05T12:02:26.713845+09:00,1148,まくり差し,5,海野　康志郎,"1'49""7",3,杢野　　誓良,"1'51""2",1,山崎　　昂介,"1'52""1",6,金子　　怜央,"1'53""7",4,島川　　海輝,,2,萬　　　正嗣,,1,0.21,,2,0.24,,3,0.15,,4,0.16,,5,0.17,,6,0.16,,2,1,1.0,1.0,22.0,26.0
202609052201,2026-09-05,22,01R,11:48,2026-09-05T12:06:24.464358+09:00,1151,抜　き,1,松本　　一毅,"1'51""3",4,伏島　　祐介,"1'53""1",5,田代　　達也,"1'54""3",6,寳田　　亮治,"1'55""3",2,長尾　京志郎,,3,大町　　利克,,1,0.16,,2,0.16,,3,0.14,,4,0.16,,5,0.16,,6,0.18,,1,3,5.0,5.0,28.0,28.0
202609051008,2026-09-05,10,08R,11:50,2026-09-05T12:06:24.464358+09:00,1153,差　し,2,熊本　　英一,"1'14""1",1,井上　　　茂,"1'15""0",4,森　　　智也,"1'15""4",6,吉田　　拡郎,"1'16""0",3,松下　　哲也,,5,岩川　　仁士,,1,0.11,,2,0.15,,3,0.11,,4,0.15,,5,0.11,,6,0.13,,1,8,7.0,7.0,26.0,25.0
202609050403,2026-09-05,04,03R,11:53,2026-09-05T12:10:24.988322+09:00,1156,逃　げ,1,櫻本　あゆみ,"1'50""1",2,永井　　聖美,"1'51""6",4,井上　　未都,"1'52""9",6,門間　　雄大,"1'55""0",3,村上　　奈穂,,5,田中　瀬里奈,,1,0.15,,2,0.15,,3,0.13,,4,0.14,,5,0.15,,6,0.12,,2,1,3.0,3.0,22.0,26.0
202609051304,2026-09-05,13,04R,12:00,2026-09-05T12:18:26.939972+09:00,1203,逃　げ,1,角山　　雄哉,"1'49""9",3,中島　　友和,"1'51""1",5,成貞　　琳平,"1'52""6",4,柴田　　直哉,"1'52""9",6,上野　　秀和,"1'54""1",2,高井　　雄基,"1'55""8",1,0.2,,2,0.18,,3,0.12,,4,0.17,,6,0.16,,5,0.2,,1,2,1.0,0.0,31.2,27.4
202609051104,2026-09-05,11,04R,12:02,2026-09-05T12:20:24.276701+09:00,1205,恵まれ,5,竹下　　大樹,"1'50""0",4,藤原　　仙二,"1'51""6",6,大森　　　翼,"1'53""5",2,遠藤　　圭吾,"1'54""0",3,山本　　幸也,,,,,1,-0.01,F,2,0.08,,3,0.0,,5,0.06,,4,0.1,,6,0.12,,1,2,2.0,2.0,27.0,29.0
202609050303,2026-09-05,03,03R,12:08,2026-09-05T12:26:20.862305+09:00,1211,逃　げ,1,山本　　浩輔,"1'51""7",5,大江　　　純,"1'53""0",2,秦　　　英悟,"1'54""4",4,広次　　　修,"1'55""0",6,阿波　　勝哉,,3,村本　　大成,,1,0.12,,2,0.16,,3,0.18,,4,0.14,,5,0.12,,6,0.13,,2,2,2.0,5.0,23.0,26.0
202609051808,2026-09-05,18,08R,12:06,2026-09-05T12:28:20.896824+09:00,1209,逃　げ,1,三浦　洋次朗,"1'52""1",6,山田　　　丈,"1'52""4",2,藤田　　浩人,"1'55""4",3,福田　　　理,"1'55""7",4,本吉　　正樹,,5,藤森　　拓海,,1,0.13,,2,0.14,,3,0.1,,4,0.1,,6,0.08,,5,0.09,,1,3,4.0,4.0,29.0,27.0
202609051703,2026-09-05,17,03R,12:11,2026-09-05T12:28:20.896824+09:00,1214,逃　げ,1,北川　　潤二,"1'52""0",2,山地　　正樹,"1'52""5",3,小林　　甘寧,"1'54""0",5,江藤　　敦宏,"1'55""1",6,武重　　雄介,"1'56""5",4,峰重　　力也,"2'00""7",1,0.09,,2,0.17,,3,0.15,,4,0.09,,5,0.13,,6,0.18,,2,3,4.0,4.0,27.0,27.0
202609050204,2026-09-05,02,04R,12:14,2026-09-05T12:30:25.986414+09:00,1217,まくり差し,5,安河内鈴之介,"1'48""5",3,椎名　　　豊,"1'50""0",2,汐崎　　正則,"1'52""0",4,三村　　岳人,"1'53""5",6,森　　晋太郎,,1,中山　　雄太,,1,0.12,,2,0.27,,3,0.16,,4,0.15,,5,0.16,,6,0.12,,2,1,1.0,1.0,23.0,26.0
202609050904,2026-09-05,09,04R,12:13,2026-09-05T12:32:24.935382+09:00,1217,逃　げ,1,金子　　拓矢,"1'49""8",6,新田　　雄史,"1'50""9",4,大池　　佑来,"1'52""9",2,石丸　　海渡,"1'53""9",3,尾上　　雅也,,5,佐々木　完太,,1,0.16,,2,0.23,,3,0.2,,5,0.15,,6,0.16,,4,0.25,,2,3,1.0,1.0,25.0,26.0
202609052202,2026-09-05,22,02R,12:18,2026-09-05T12:38:22.587809+09:00,1221,まくり,3,堀越　　雄貴,"1'52""3",1,平岡　　重典,"1'54""0",4,松田　　隆司,"1'54""7",2,岩田　　　凌,"1'55""2",5,篠原　　飛翔,,6,大月　　遊雅,,1,0.27,,2,0.34,,3,0.31,,4,0.29,,5,0.33,,6,0.39,,1,3,5.0,5.0,29.0,28.0
202609050404,2026-09-05,04,04R,12:22,2026-09-05T12:40:25.441291+09:00,1225,逃　げ,1,高石　　梨菜,"1'50""7",3,樋口　由加里,"1'52""1",4,藤井　　太雅,"1'53""0",5,中谷　　朋子,"1'54""7",2,湯淺　　紀香,,6,谷島　　咲希,,1,0.11,,2,0.22,,3,0.12,,4,0.19,,5,0.16,,6,0.18,,2,1,2.0,3.0,23.0,26.0
202609051009,2026-09-05,10,09R,12:25,2026-09-05T12:40:25.441291+09:00,1228,逃　げ,1,杉山　　勝匡,"1'15""6",5,大橋　純一郎,"1'16""3",3,吉島　　祥之,"1'17""1",2,永嶋　　裕一,"1'18""5",6,坂口　　諒宗,,4,山崎　　聖司,,1,0.13,,2,0.12,,3,0.18,,4,0.21,,5,0.19,,6,0.23,,1,8,9.0,9.0,27.0,25.0
202609051305,2026-09-05,13,05R,12:31,2026-09-05T12:46:25.951466+09:00,1234,逃　げ,1,近藤　　友宝,"1'50""7",4,高橋　　正男,"1'51""0",2,茶谷　　信次,"1'53""7",3,奥平　　拓也,"1'54""4",5,乃村　　康友,"1'55""1",6,齋藤　　智裕,"1'55""8",1,0.13,,2,0.17,,3,0.14,,4,0.11,,5,0.16,,6,0.2,,1,2,4.0,0.0,30.9,27.4
202609051105,2026-09-05,11,05R,12:33,2026-09-05T12:52:19.204689+09:00,1236,逃　げ,1,津田　　陸翔,"1'50""3",3,大島　隆乃介,"1'52""1",6,鳥居塚　嶺王,"1'52""6",4,濱野　　斗馬,"1'54""3",2,坂本　　一真,,5,杉山　　太陽,,1,0.14,,2,0.14,,3,0.07,,4,0.16,,5,0.19,,6,0.15,,1,2,1.0,1.0,27.0,29.0
202609050304,2026-09-05,03,04R,12:35,2026-09-05T12:52:19.204689+09:00,1238,抜　き,2,石渡　翔一郎,"1'51""1",3,山口　　裕二,"1'53""5",1,浅井　　　翼,"1'54""0",4,渡辺　　　豊,"1'55""3",5,太田　　和美,,6,鹿島　　敏弘,,1,0.13,,2,0.14,,3,0.19,,4,0.28,,5,0.28,,6,0.25,,2,2,2.0,5.0,23.0,26.0
202609051704,2026-09-05,17,04R,12:38,2026-09-05T12:54:20.121238+09:00,1241,差　し,2,深川　麻奈美,"1'50""7",1,三嶌　こころ,"1'51""2",3,島倉　　　都,"1'53""7",4,内山　　七海,"1'55""3",6,根岸　　真優,"1'56""0",,,,1,0.17,,2,0.16,,3,0.14,,4,0.12,,6,0.18,,,,,2,3,2.0,3.0,27.0,27.0
202609051809,2026-09-05,18,09R,12:41,2026-09-05T13:01:28.942382+09:00,1244,逃　げ,1,岡村　　慶太,"1'51""5",2,高橋　　　勲,"1'52""7",3,江本　　真治,"1'54""7",4,妻鳥　　晋也,"1'55""1",5,山口　　修路,,6,蒲原　　健太,,1,0.1,,2,0.12,,3,0.11,,4,0.2,,5,0.21,,6,0.17,,2,3,6.0,6.0,29.0,27.0
202609050205,2026-09-05,02,05R,12:44,2026-09-05T13:01:28.942382+09:00,1247,まくり,3,岩津　　徹郎,"1'48""2",4,佐藤　　　翼,"1'49""0",2,関口　　智久,"1'52""2",6,小川　　晃司,"1'54""4",5,加藤　　啓太,,1,木下　　大將,,1,0.04,,2,0.06,,3,0.05,,4,0.03,,5,0.06,,6,0.02,,2,,0.0,0.0,23.0,26.0
202609050905,2026-09-05,09,05R,12:44,2026-09-05T13:04:21.470260+09:00,1248,差　し,2,遠藤　　エミ,"1'48""5",1,砂長　　知輝,"1'50""5",5,池田　　浩二,"1'52""0",3,加藤　　翔馬,"1'54""4",4,下出　　卓矢,,6,渡邉　　和将,,1,0.03,,2,0.02,,3,0.03,,4,0.09,,5,0.08,,6,0.16,,2,4,1.0,1.0,26.0,26.0
202609052203,2026-09-05,22,03R,12:49,2026-09-05T13:06:20.648463+09:00,1252,差　し,2,品田　　直樹,"1'51""5",6,河野　　主樹,"1'52""3",1,山口　　隆史,"1'53""9",5,佐々木　大河,"1'54""7",3,林　　　恵祐,,4,近藤　雄一郎,,1,0.12,,2,0.14,,3,0.11,,4,0.14,,5,0.16,,6,0.22,,1,3,5.0,5.0,29.0,28.0
202609050405,2026-09-05,04,05R,12:52,2026-09-05T13:08:23.936526+09:00,1255,差　し,3,佐藤　隆太郎,"1'49""1",4,土屋　実沙希,"1'52""6",2,登　　みひ果,"1'54""6",1,中村　かなえ,"1'55""5",5,森田　　梨湖,,6,菅野　はやか,,1,0.09,,2,0.06,,3,0.04,,4,0.13,,5,0.1,,6,0.23,,2,2,2.0,3.0,23.0,26.0
202609051010,2026-09-05,10,10R,12:58,2026-09-05T13:12:22.494473+09:00,1301,逃　げ,1,長谷川　雅和,"1'14""6",2,島村　　隆幸,"1'15""9",3,中岡　　健人,"1'17""0",6,山崎　　鉄平,"1'17""0",4,間野　　兼礼,,5,戸塚　　邦好,,1,0.23,,2,0.21,,3,0.21,,4,0.28,,5,0.16,,6,0.14,,1,1,5.0,5.0,27.0,25.0
202609050305,2026-09-05,03,05R,13:02,2026-09-05T13:20:20.387657+09:00,1305,まくり,3,中島　　昂章,"1'50""2",5,茅原　　悠紀,"1'51""8",2,花本　　　剛,"1'54""3",4,古川　　　健,"1'55""2",6,港　　　理樹,,,,,1,-0.01,F,2,0.04,,3,0.04,,4,0.05,,5,0.07,,6,0.1,,1,2,4.0,5.0,23.0,26.0
202609051705,2026-09-05,17,05R,13:03,2026-09-05T13:20:20.387657+09:00,1306,まくり,4,山本　　光雄,"1'51""1",6,前田　　　滉,"1'52""4",5,福田　　雅一,"1'54""1",1,山下　　和彦,"1'54""7",3,越智　　照浩,"1'55""8",2,飯田　　庄吾,"1'57""7",1,0.15,,2,0.16,,3,0.15,,4,0.06,,6,0.07,,5,0.08,,2,3,2.0,3.0,27.0,27.0
202609051106,2026-09-05,11,06R,13:06,2026-09-05T13:22:22.136195+09:00,1309,逃　げ,1,吉田　　一心,"1'50""4",3,水谷　　理人,"1'52""1",2,宮崎　心之介,"1'53""1",5,松井　　貫太,"1'54""1",4,丸山　　祐也,,6,金子　　龍斗,,1,0.16,,2,0.19,,3,0.18,,4,0.24,,5,0.23,,6,0.22,,1,3,1.0,1.0,28.0,29.0
202609051306,2026-09-05,13,06R,13:10,2026-09-05T13:26:18.231514+09:00,1313,逃　げ,1,池田　　雄一,"1'50""0",3,峰重　　侑治,"1'51""8",4,柳沢　　　一,"1'52""4",2,栗山　　繁洋,"1'54""6",5,竹田　　広樹,"1'56""5",6,一ノ木　　匠,"1'57""8",1,0.22,,2,0.21,,3,0.17,,4,0.18,,5,0.24,,6,0.15,,2,,0.0,0.0,30.5,27.4
202609050206,2026-09-05,02,06R,13:14,2026-09-05T13:32:19.374078+09:00,1317,まくり,2,郷原　　章平,"1'48""7",3,藤原　　碧生,"1'49""2",1,小澤　　　学,"1'51""7",4,畔柳　　俊吾,"1'52""3",5,川添　　英正,,6,柴田　　　光,,1,0.16,,2,0.05,,3,0.07,,4,0.09,,5,0.08,,6,0.08,,2,,0.0,0.0,23.0,26.0
202609051810,2026-09-05,18,10R,13:12,2026-09-05T13:34:22.739117+09:00,1315,逃　げ,1,西丸　侑太朗,"1'51""2",4,坂元　　浩仁,"1'53""7",2,吉村　　　誠,"1'54""4",3,三好　　勇人,"1'55""1",5,柘植　　政浩,,6,藤山　　雅弘,,1,0.12,,2,0.16,,3,0.18,,4,0.23,,5,0.23,,6,0.28,,2,3,5.0,5.0,28.0,27.0
202609050906,2026-09-05,09,06R,13:15,2026-09-05T13:34:22.739117+09:00,1319,まくり,3,福島　　勇樹,"1'50""6",1,尾嶋　　一広,"1'51""8",2,塩田　　北斗,"1'52""5",5,中山　　翔太,"1'53""9",6,白井　　英治,,4,白神　　　優,,1,0.1,,2,0.13,,3,0.09,,4,0.15,,5,0.15,,6,0.14,,2,4,2.0,1.0,26.0,26.0
202609052204,2026-09-05,22,04R,13:25,2026-09-05T13:42:21.816203+09:00,1328,差　し,2,関　　　裕也,"1'51""2",3,長野　壮志郎,"1'52""1",1,杉村　　賢也,"1'54""0",5,桑島　　和宏,"1'54""7",4,宮迫　　暢彦,,6,佃　　　來紀,,1,0.12,,2,0.11,,3,0.12,,4,0.12,,5,0.12,,6,0.09,,2,3,4.0,4.0,29.0,28.0
202609050406,2026-09-05,04,06R,13:22,2026-09-05T13:46:21.290374+09:00,1325,逃　げ,1,真子　奈津実,"1'57""9",2,小川　　時光,"2'01""3",3,大橋　　由珠,"2'03""4",4,黒澤　めぐみ,"2'04""7",6,平山　　智加,,,,,1,0.11,,2,0.07,,3,0.15,,4,0.08,,5,0.09,,6,0.1,,1,4,1.0,3.0,24.0,26.0
202609050306,2026-09-05,03,06R,13:29,2026-09-05T13:46:21.290374+09:00,1332,まくり,2,小川　　知行,"1'51""4",1,牧山　　敦也,"1'52""9",5,三角　　哲男,"1'54""2",3,横澤　　剛治,"1'55""0",4,山口　　広樹,,6,岡谷　　健吾,,1,0.23,,2,0.13,,3,0.18,,4,0.16,,5,0.18,,6,0.32,,1,2,2.0,5.0,24.0,26.0
202609051706,2026-09-05,17,06R,13:31,2026-09-05T13:48:24.365746+09:00,1334,まくり,2,牧　　　宏次,"1'50""8",1,眞崎　　武蔵,"1'51""8",4,山本　景士郎,"1'54""1",6,大平　誉史明,"1'55""5",3,谷口　　知優,"1'56""5",5,佐竹　　太一,"1'57""0",1,0.09,,2,0.08,,3,0.2,,4,0.18,,5,0.14,,6,0.13,,2,3,2.0,3.0,27.0,27.0
202609051011,2026-09-05,10,11R,13:33,2026-09-05T13:48:24.365746+09:00,1336,まくり差し,4,坪井　　康晴,"1'14""4",3,板橋　　侑我,"1'15""3",5,平見　　真彦,"1'15""7",1,重冨　　勇哉,"1'16""6",2,北川　　太一,,6,前田　健太郎,,1,0.17,,2,0.24,,3,0.13,,4,0.15,,5,0.16,,6,0.25,,1,8,6.0,6.0,27.0,25.0
202609051107,2026-09-05,11,07R,13:36,2026-09-05T13:52:21.992344+09:00,1339,逃　げ,1,西川　　拓利,"1'49""9",3,村松　　栄太,"1'51""5",5,佐野　　優都,"1'51""6",6,松田　　淳平,"1'53""5",4,藤田　　俊祐,,2,廣部　　大明,,1,0.07,,2,0.1,,3,0.15,,4,0.18,,6,0.08,,5,0.18,,1,3,1.0,1.0,29.0,29.0
202609051307,2026-09-05,13,07R,13:39,2026-09-05T13:54:21.276144+09:00,1342,逃　げ,1,天野　　友和,"1'49""7",3,大澤　　風葵,"1'51""1",2,北川　　敏弘,"1'53""1",4,富田　　恕生,"1'53""6",5,伊藤　　尚汰,"1'56""6",6,吉田　　宗弘,"1'59""1",1,0.14,,2,0.12,,3,0.08,,4,0.07,,5,0.09,,6,0.2,,2,2,1.0,0.0,30.3,27.4
202609050207,2026-09-05,02,07R,13:45,2026-09-05T14:06:23.207185+09:00,1348,恵まれ,5,木幡　　純也,"1'53""9",6,鐘ヶ江　真司,"1'57""3",1,島田　　賢人,"2'01""9",,,,,,,,,,1,0.17,,2,0.23,,3,0.2,,4,0.11,,5,0.21,,6,0.42,,2,8,2.0,1.0,24.0,26.0
202609050907,2026-09-05,09,07R,13:46,2026-09-05T14:10:19.917533+09:00,1350,まくり差し,4,関　　　浩哉,"1'48""4",1,西村　　拓也,"1'50""1",5,木村　　仁紀,"1'52""4",2,山口　　　剛,"1'55""1",3,高田　ひかる,,,,,1,0.17,,2,0.16,,3,0.19,,4,0.14,,5,0.13,,6,0.13,,2,4,2.0,1.0,26.0,26.0
202609051811,2026-09-05,18,11R,13:50,2026-09-05T14:16:20.402815+09:00,1353,逃　げ,1,和田　　拓也,"1'51""0",2,古澤　　光紀,"1'52""1",3,三浦　洋次朗,"1'54""0",6,島川　　光男,"1'54""9",4,稗田　　聖也,,5,佐藤　　大佑,,1,0.13,,2,0.13,,3,0.18,,4,0.13,,5,0.1,,6,0.13,,2,3,3.0,3.0,29.0,27.0
202609052205,2026-09-05,22,05R,13:58,2026-09-05T14:16:20.402815+09:00,1401,逃　げ,1,今泉　　友吾,"1'49""8",3,繁野谷　圭介,"1'52""2",6,田中　　孝明,"1'54""1",4,深澤　　達徳,"1'54""5",2,土井　　祥伍,,5,甲斐　　貴大,,1,0.1,,2,0.16,,3,0.17,,4,0.21,,6,0.24,,5,0.24,,2,3,4.0,4.0,29.0,28.0
202609050307,2026-09-05,03,07R,13:56,2026-09-05T14:18:24.414608+09:00,1359,逃　げ,1,加藤　　政彦,"1'51""0",4,中北　　将史,"1'53""2",5,平野　　和明,"1'54""9",3,本橋　　克洋,"1'56""3",2,新田　　泰章,,6,野見山　拓己,,1,0.29,,2,0.32,,3,0.34,,4,0.22,,5,0.19,,6,0.16,,1,2,3.0,5.0,25.0,26.0
202609050407,2026-09-05,04,07R,13:53,2026-09-05T14:20:17.522341+09:00,1356,まくり,4,長田　　頼宗,"1'59""2",6,来田　　衣織,"2'03""4",3,岩崎　　麗子,"2'09""1",5,日隈　　　茜,"2'13""6",,,,,,,1,0.27,,2,0.21,,3,0.26,,4,0.2,,6,0.13,,5,0.17,,2,2,2.0,3.0,24.0,26.0
202609051707,2026-09-05,17,07R,14:02,2026-09-05T14:20:17.522341+09:00,1405,逃　げ,1,谷村　　一哉,"1'50""4",5,向後　　龍一,"1'51""2",2,原村　　拓也,"1'53""9",3,齊藤　　　廉,"1'55""6",6,清水　　紀克,"1'56""3",4,栗原　　一馬,"1'57""7",1,0.11,,6,0.21,,2,0.15,,3,0.13,,4,0.24,,5,0.17,,2,3,2.0,3.0,27.0,27.0
202609051012,2026-09-05,10,12R,14:11,2026-09-05T14:22:25.078900+09:00,1414,逃　げ,1,石野　　貴之,"1'14""8",3,久永　　祥平,"1'15""8",5,登玉　　隼百,"1'16""3",6,松下　　哲也,"1'16""9",2,川口　　貴久,,4,百武　　　翔,,1,0.21,,3,0.24,,4,0.24,,2,0.28,,5,0.25,,6,0.26,,1,8,8.0,8.0,27.0,26.0
202609051108,2026-09-05,11,08R,14:07,2026-09-05T14:24:19.529937+09:00,1410,まくり差し,3,市川　　健太,"1'49""8",1,上野　　拓馬,"1'51""0",6,宇留田　翔平,"1'53""1",2,塚越　　海斗,"1'54""4",4,遠藤　　圭吾,,5,原田　　朱理,,1,0.2,,2,0.2,,3,0.2,,4,0.21,,5,0.25,,6,0.23,,1,2,1.0,1.0,28.0,29.0
202609051308,2026-09-05,13,08R,14:09,2026-09-05T14:24:19.529937+09:00,1412,逃　げ,1,上野　　秀和,"1'49""8",2,久田　　　武,"1'52""0",3,高橋　　直哉,"1'53""2",6,樅山　　拓馬,"1'54""4",5,中島　　友和,"1'54""6",4,中野　　孝二,"1'55""7",1,0.17,,2,0.15,,4,0.29,,3,0.28,,5,0.27,,6,0.23,,2,2,3.0,0.0,30.3,27.4
202609050208,2026-09-05,02,08R,14:16,2026-09-05T14:30:26.300489+09:00,1419,逃　げ,1,森　　　雄利,"1'49""0",2,井上　　忠政,"1'51""2",3,山崎　　昂介,"1'53""2",5,森　　晋太郎,"1'54""1",4,櫻井　　　隼,,6,尾道　　佳諭,,1,0.09,,2,0.13,,3,0.16,,4,0.18,,5,0.21,,6,0.18,,1,1,1.0,1.0,25.0,26.0
202609050908,2026-09-05,09,08R,14:18,2026-09-05T14:36:22.175521+09:00,1422,逃　げ,1,澤田　　尚也,"1'49""8",6,渡辺　　浩司,"1'50""7",5,桐生　　順平,"1'52""1",4,柳生　　泰二,"1'53""2",3,平本　　真之,,2,宮之原　輝紀,,1,0.08,,2,0.12,,3,0.04,,4,0.02,,5,0.06,,6,0.1,,2,4,2.0,1.0,26.0,26.0
202609050408,2026-09-05,04,08R,14:24,2026-09-05T14:42:22.079444+09:00,1427,差　し,2,喜井　つかさ,"1'51""0",4,瀧川　　千依,"1'51""9",3,中曽　　瑠華,"1'53""7",5,村上　宗太郎,"1'55""6",6,田中　瀬里奈,,1,孫崎　　百世,,1,0.23,,2,0.17,,3,0.16,,4,0.16,,5,0.15,,6,0.16,,1,2,1.0,3.0,24.0,26.0
202609052206,2026-09-05,22,06R,14:27,2026-09-05T14:42:22.079444+09:00,1430,逃　げ,1,小松　　卓司,"1'50""9",2,山本　　英志,"1'52""0",3,佐藤　　大騎,"1'53""5",4,溝口　海義也,"1'54""1",6,作間　　　章,,5,岩田　　　凌,,1,0.1,,2,0.14,,3,0.18,,4,0.13,,5,0.09,,6,0.17,,2,3,4.0,4.0,29.0,28.0
202609050308,2026-09-05,03,08R,14:24,2026-09-05T14:44:19.015409+09:00,1427,恵まれ,6,村本　　大成,"1'51""2",5,松本　　博昭,"1'53""5",4,森作　　雄大,"1'55""2",3,浅井　　　翼,"1'56""2",,,,,,,1,-0.03,F,2,-0.01,F,3,0.04,,4,0.09,,5,0.17,,6,0.19,,1,4,2.0,5.0,25.0,26.0
202609051812,2026-09-05,18,12R,14:30,2026-09-05T14:50:25.195457+09:00,1433,逃　げ,1,安河内　　将,"1'50""5",2,里岡　　右貴,"1'52""1",4,山口　　晃朋,"1'53""9",5,原田　　秀弥,"1'54""5",3,長岡　　良也,,6,深川　　和仁,,1,0.08,,2,0.06,,3,0.08,,4,0.06,,5,0.08,,6,0.18,,2,3,5.0,5.0,29.0,27.0
202609051309,2026-09-05,13,09R,14:37,2026-09-05T14:54:23.628705+09:00,1440,逃　げ,1,高橋　　正男,"1'50""4",3,柴田　　直哉,"1'51""4",4,水摩　　　敦,"1'52""6",2,小畑　　実成,"1'55""4",6,西川　　真人,"1'57""1",5,高井　　雄基,"1'57""6",1,0.05,,2,0.11,,3,0.13,,4,0.23,,5,0.21,,6,0.22,,2,1,4.0,0.0,30.5,27.4
202609051109,2026-09-05,11,09R,14:39,2026-09-05T14:56:21.147957+09:00,1442,逃　げ,1,数原　　　魁,"1'50""5",2,廣瀬　　　凜,"1'50""9",5,笹木　　香吾,"1'53""1",4,小林　　礼央,"1'54""0",3,仲　　　航太,,6,早川　　理稀,,1,0.12,,2,0.15,,3,0.29,,4,0.18,,5,0.19,,6,0.21,,1,2,2.0,2.0,28.0,29.0
202609051708,2026-09-05,17,08R,14:46,2026-09-05T15:02:35.453106+09:00,1449,逃　げ,1,後藤　　正宗,"1'51""1",6,三嶌　こころ,"1'52""0",2,貫地谷　直人,"1'53""8",3,小原　　聡将,"1'54""8",4,江藤　　敦宏,"1'55""0",5,森清　　友翔,"1'57""4",1,0.21,,2,0.24,,4,0.25,,3,0.2,,5,0.23,,6,0.33,,2,3,1.0,2.0,28.0,27.0
202609050209,2026-09-05,02,09R,14:48,2026-09-05T15:02:35.453106+09:00,1451,抜　き,2,海野　康志郎,"1'49""4",3,重富　　伸也,"1'50""5",5,齊藤　　　仁,"1'52""3",1,岩津　　徹郎,"1'53""0",4,汐崎　　正則,,6,宇野　　博之,,1,0.2,,2,0.1,,3,0.12,,4,0.12,,5,0.15,,6,0.17,,1,,0.0,0.0,25.0,26.0
202609050309,2026-09-05,03,09R,14:52,2026-09-05T15:10:22.231010+09:00,1455,逃　げ,1,川上　　　剛,"1'52""3",3,多羅尾　達之,"1'53""7",2,鹿島　　敏弘,"1'54""0",5,広次　　　修,"1'54""3",6,関根　　彰人,,4,上田　　健太,,1,0.11,,2,0.13,,3,0.12,,4,0.16,,5,0.21,,6,0.27,,1,2,3.0,5.0,25.0,26.0
202609050409,2026-09-05,04,09R,14:56,2026-09-05T15:12:23.626473+09:00,1459,まくり,4,永井　　聖美,"1'50""1",3,湯淺　　紀香,"1'52""0",5,中村　　　尊,"1'52""4",6,植竹　　玲奈,"1'53""8",1,池田　奈津美,,2,落合　　直子,,1,0.19,,2,0.19,,3,0.17,,4,0.13,,5,0.17,,6,0.2,,1,2,1.0,3.0,24.0,26.0
202609050909,2026-09-05,09,09R,14:50,2026-09-05T15:16:18.083466+09:00,1454,逃　げ,1,磯部　　　誠,"1'50""6",4,井上　　一輝,"1'51""9",5,中島　　孝平,"1'53""3",2,宮地　　元輝,"1'53""8",6,大池　　佑来,,3,中田　　竜太,,1,0.15,,2,0.14,,3,0.09,,4,0.11,,5,0.14,,6,0.15,,2,4,2.0,1.0,26.0,27.0
202609052207,2026-09-05,22,07R,15:01,2026-09-05T15:20:24.554485+09:00,1504,逃　げ,1,福来　　　剛,"1'49""5",3,長尾　京志郎,"1'52""1",4,平岡　　重典,"1'54""5",5,新開　　　航,"1'54""8",2,有山　　　望,,6,森　　　弘行,,1,0.12,,2,0.13,,3,0.12,,4,0.1,,5,0.13,,6,0.1,,2,3,3.0,3.0,29.0,28.0
202609051310,2026-09-05,13,10R,15:07,2026-09-05T15:24:21.091354+09:00,1510,逃　げ,1,中里　　英夫,"1'49""3",3,渡邉　　英児,"1'51""0",5,橋本　　年光,"1'51""8",2,池田　　雄一,"1'54""1",6,茶谷　　信次,"1'54""8",4,角山　　雄哉,"1'56""2",1,0.15,,2,0.17,,3,0.16,,4,0.29,,5,0.11,,6,0.11,,2,2,2.0,0.0,30.3,27.4
202609051110,2026-09-05,11,10R,15:09,2026-09-05T15:28:16.314184+09:00,1512,逃　げ,1,長谷川　晴哉,"1'50""8",3,竹間　　隆晟,"1'51""4",2,藤本　　元輝,"1'53""9",4,山本　　幸也,"1'54""5",5,楠　　将太郎,,6,垂水　　　悠,,1,0.09,,2,0.15,,3,0.15,,4,0.2,,5,0.2,,6,0.19,,1,2,2.0,2.0,28.0,29.0
202609051709,2026-09-05,17,09R,15:15,2026-09-05T15:30:29.481289+09:00,1518,逃　げ,1,根岸　　真優,"1'50""9",6,野長瀬　正孝,"1'52""6",4,木山　　大聖,"1'54""4",2,神田　　達也,"1'54""9",5,島倉　　　都,"1'56""9",,,,1,0.12,,6,0.19,,2,0.16,,4,0.07,,5,0.13,,,,,2,3,1.0,2.0,28.0,27.0
202609051201,2026-09-05,12,01R,15:17,2026-09-05T15:32:22.314670+09:00,1520,まくり,4,鈴木　　智啓,"1'50""5",1,佐々木　翔斗,"1'52""5",5,中島　　浩哉,"1'54""5",2,森　　　貴洋,"1'55""0",6,高木　　茉白,"1'55""4",3,三原　　　司,"1'59""3",1,0.27,,2,0.28,,3,0.24,,4,0.12,,5,0.17,,6,0.2,,2,,0.0,1.0,30.0,28.0
202609050101,2026-09-05,01,01R,15:19,2026-09-05T15:36:25.695166+09:00,1523,差　し,6,谷野　　錬志,"1'49""5",4,笠　　　雅雄,"1'51""5",3,齋藤　　　勇,"1'53""1",1,品川　　賢次,"1'53""7",5,相馬　　　翔,"1'54""4",2,阪本　　勇介,"1'55""8",1,0.24,,3,0.23,,2,0.22,,4,0.15,,5,0.2,,6,0.23,,2,3,2.0,1.0,23.0,23.0
202609050210,2026-09-05,02,10R,15:21,2026-09-05T15:38:21.483597+09:00,1524,まくり,4,杢野　　誓良,"1'49""4",5,小川　　晃司,"1'51""6",2,上村　　宏太,"1'51""7",1,川添　　英正,"1'53""8",6,椎名　　　豊,,3,岡瀬　　正人,,1,0.26,,2,0.22,,3,0.18,,4,0.15,,6,0.1,,5,0.08,,1,1,1.0,1.0,25.0,26.0
202609050310,2026-09-05,03,10R,15:22,2026-09-05T15:42:20.594015+09:00,1525,まくり,4,山本　　浩輔,"1'51""6",5,澤崎　　雄哉,"1'53""8",1,佐藤　　　航,"1'54""9",6,黒崎　　竜也,"1'55""3",2,古川　　　健,,3,山ノ内　雅人,,1,0.27,,2,0.26,,3,0.3,,4,0.15,,5,0.2,,6,0.24,,1,2,4.0,5.0,26.0,26.0
202609050910,2026-09-05,09,10R,15:23,2026-09-05T15:42:20.594015+09:00,1527,逃　げ,1,末永　　和也,"1'49""2",3,新田　　雄史,"1'50""7",2,青木　　玄太,"1'52""2",4,高橋　　竜矢,"1'52""3",5,山崎　　　郡,,6,下出　　卓矢,,1,0.13,,2,0.14,,3,0.13,,4,0.12,,5,0.15,,6,0.17,,2,4,3.0,2.0,26.0,27.0
202609050701,2026-09-05,07,01R,15:25,2026-09-05T15:42:20.594015+09:00,1529,まくり,4,宮嵜　隆太郎,"1'49""1",1,森林　　　太,"1'52""1",5,橋口　　真樹,"1'53""0",3,森下　　　勇,"1'53""7",6,上田　　隆章,,2,高野　　心吾,,1,0.16,,2,0.17,,3,0.14,,4,0.07,,5,0.28,,6,0.17,,2,4,1.0,0.0,26.0,25.0
202609052001,2026-09-05,20,01R,15:27,2026-09-05T15:44:22.777858+09:00,1530,逃　げ,1,内山　　文典,"1'52""3",5,久富　　政弘,"1'53""3",2,木村　　光宏,"1'54""9",4,河上　　年昭,"1'55""9",3,広瀬　　聖仁,,6,胡本　　悟志,,1,0.13,,2,0.17,,3,0.18,,4,0.14,,5,0.17,,6,0.15,,2,3,3.0,3.0,28.0,28.0
202609050410,2026-09-05,04,10R,15:29,2026-09-05T15:48:24.129883+09:00,1533,差　し,3,土屋　実沙希,"1'50""4",6,井上　　未都,"1'52""6",5,渡邉　真奈美,"1'53""2",2,大澤　　真菜,"1'53""9",4,石井　　裕美,,1,川尻　　泰輔,,1,0.17,,2,0.06,,3,0.04,,4,0.11,,5,0.04,,6,0.08,,2,4,1.0,3.0,24.0,26.0
202609052208,2026-09-05,22,08R,15:31,2026-09-05T15:48:24.129883+09:00,1534,逃　げ,1,濱本　　優一,"1'51""3",2,竹井　　貴史,"1'52""1",4,寳田　　亮治,"1'52""4",5,堀越　　雄貴,"1'54""6",6,宮迫　　暢彦,,3,品田　　直樹,,1,0.15,,2,0.17,,3,0.17,,4,0.16,,5,0.19,,6,0.19,,2,3,4.0,4.0,29.0,28.0
202609051311,2026-09-05,13,11R,15:36,2026-09-05T15:52:21.500963+09:00,1539,差　し,4,大澤　　風葵,"1'49""7",2,國弘　　翔平,"1'51""8",1,柳沢　　　一,"1'52""2",6,近藤　　友宝,"1'53""8",3,佐藤　　太亮,"1'54""8",5,木村　　亮太,"1'56""6",1,0.14,,2,0.11,,3,0.1,,4,0.11,,5,0.12,,6,0.15,,2,3,3.0,0.0,29.6,27.4
202609051111,2026-09-05,11,11R,15:38,2026-09-05T15:58:18.911454+09:00,1541,逃　げ,1,竹下　　大樹,"1'50""4",2,大原　　祥昌,"1'52""7",3,藤田　　俊祐,"1'53""2",6,土井　　歩夢,"1'54""3",5,津田　　陸翔,,4,宮崎　心之介,,1,0.12,,2,0.18,,3,0.18,,4,0.12,,5,0.16,,6,0.21,,1,2,3.0,2.0,28.0,29.0
202609051202,2026-09-05,12,02R,15:42,2026-09-05T15:58:18.911454+09:00,1545,まくり差し,3,山本　　修一,"1'50""9",1,白水　　勝也,"1'52""2",5,赤松　　咲香,"1'54""5",4,安藤　　裕貴,"1'56""0",2,大塚　　浩二,"1'57""4",6,田中　　　結,"1'58""3",1,0.18,,2,0.27,,3,0.16,,4,0.11,,5,0.14,,6,0.14,,2,1,2.0,1.0,30.0,28.0
202609050102,2026-09-05,01,02R,15:43,2026-09-05T16:00:38.647850+09:00,1547,逃　げ,1,澤　　　大介,"1'50""8",6,若林　　樹蘭,"1'51""5",5,河野　　真也,"1'52""9",3,鈴木　　峻佑,"1'53""0",2,森　　　智哉,"1'55""1",4,吉田　　翔悟,"1'55""6",1,0.06,,2,0.14,,3,0.05,,4,0.03,,5,0.06,,6,0.08,,1,1,3.0,2.0,24.0,23.0
202609051710,2026-09-05,17,10R,15:48,2026-09-05T16:02:25.930671+09:00,1551,逃　げ,1,武重　　雄介,"1'50""1",5,牧　　　宏次,"1'51""4",2,外崎　　　悟,"1'52""4",6,小林　　甘寧,"1'54""0",4,長尾　　章平,"1'55""5",3,内山　　七海,"1'57""8",1,0.13,,2,0.18,,3,0.17,,4,0.2,,5,0.13,,6,0.11,,2,3,1.0,2.0,28.0,27.0
202609050702,2026-09-05,07,02R,15:50,2026-09-05T16:06:23.216999+09:00,1554,まくり,5,岩橋　　裕馬,"1'50""7",4,山下　　流心,"1'51""5",6,林　　　祐介,"1'52""5",1,廣中　　良一,"1'53""5",2,鰐部　太空海,,3,今坂　　晃広,,1,0.3,,6,0.32,,3,0.26,,2,0.21,,4,0.14,,5,0.07,,2,4,1.0,0.0,26.0,25.0
202609050311,2026-09-05,03,11R,15:53,2026-09-05T16:10:26.173966+09:00,1556,逃　げ,1,山口　　裕二,"1'51""3",6,中島　　昂章,"1'52""2",5,松尾　　　祭,"1'54""2",4,阿波　　勝哉,"1'55""2",3,山本　稔太朗,,2,岡谷　　健吾,,1,0.18,,2,0.18,,3,0.19,,4,0.22,,5,0.2,,6,0.28,,1,2,4.0,5.0,25.0,26.0
202609050211,2026-09-05,02,11R,15:55,2026-09-05T16:10:26.173966+09:00,1558,まくり,2,鈴木　　　猛,"1'49""2",4,島田　　賢人,"1'51""4",6,三村　　岳人,"1'52""8",1,野村　　　誠,"1'54""1",5,小澤　　　学,,3,萬　　　正嗣,,1,0.24,,2,0.17,,4,0.18,,3,0.26,,5,0.27,,6,0.24,,1,1,1.0,1.0,26.0,26.0
202609052209,2026-09-05,22,09R,15:56,2026-09-05T16:14:20.615501+09:00,1559,逃　げ,1,篠原　　飛翔,"1'51""4",6,鳥飼　　　眞,"1'53""0",3,桑島　　和宏,"1'53""5",4,土井　　祥伍,"1'55""2",2,河野　　主樹,,5,早川　　颯太,,1,0.27,,2,0.29,,3,0.2,,4,0.17,,6,0.18,,5,0.1,,2,3,4.0,4.0,29.0,28.0
202609050911,2026-09-05,09,11R,15:58,2026-09-05T16:18:21.199205+09:00,1602,逃　げ,1,菊地　　孝平,"1'48""9",3,池田　　浩二,"1'50""6",5,金子　　拓矢,"1'52""5",6,福島　　勇樹,"1'53""5",2,松田　　祐季,,4,春園　　功太,,1,0.06,,2,0.05,,3,0.05,,4,0.07,,5,0.09,,6,0.21,,2,4,3.0,2.0,26.0,27.0
202609052002,2026-09-05,20,02R,16:01,2026-09-05T16:18:21.199205+09:00,1604,抜　き,5,重成　　一人,"1'51""6",2,志道　　吉和,"1'53""0",3,桂林　　　寛,"1'54""6",1,河合　　三弘,"1'55""1",4,宮地　　博士,,6,増田　　　進,,1,0.15,,2,0.13,,3,0.11,,4,0.17,,5,0.17,,6,0.21,,2,3,3.0,3.0,28.0,28.0
202609050411,2026-09-05,04,11R,16:03,2026-09-05T16:24:18.673870+09:00,1606,差　し,2,樋口　由加里,"1'50""1",1,今井　　裕梨,"1'51""6",3,門間　　雄大,"1'52""3",5,黒澤　めぐみ,"1'52""8",4,藤田　　美代,,6,登　　みひ果,,1,0.1,,2,0.1,,3,0.27,,4,0.16,,5,0.15,,6,0.2,,2,2,1.0,3.0,25.0,26.0
202609050103,2026-09-05,01,03R,16:07,2026-09-05T16:24:18.673870+09:00,1611,まくり差し,4,山本　　寛久,"1'50""5",3,廣瀬　　篤哉,"1'52""0",6,加倉　　侑征,"1'53""0",2,眞鳥　　康太,"1'53""3",5,鳥居塚　孝博,"1'55""8",1,三品　　隆浩,"1'56""8",1,0.24,,2,0.2,,3,0.19,,4,0.16,,5,0.17,,6,0.17,,2,3,3.0,2.0,23.0,23.0
202609051312,2026-09-05,13,12R,16:09,2026-09-05T16:24:18.673870+09:00,1612,逃　げ,1,平田　　忠則,"1'48""2",4,小山　　　勉,"1'50""2",3,中野　　希一,"1'52""2",5,佐藤　　博亮,"1'52""7",2,中　　　亮太,"1'53""6",6,寺本　　重宣,"1'55""7",1,0.0,,2,0.06,,3,0.05,,4,0.09,,5,0.09,,6,0.25,,2,4,2.0,0.0,29.2,27.3
202609051112,2026-09-05,11,12R,16:14,2026-09-05T16:24:18.673870+09:00,1617,逃　げ,1,濱野　　斗馬,"1'50""9",4,西川　　拓利,"1'51""6",2,藤原　　仙二,"1'53""0",5,山崎　　　祥,"1'54""3",3,金子　　龍斗,,6,小川　竜太朗,,1,0.26,,2,0.33,,3,0.34,,4,0.32,,5,0.45,,6,0.42,,1,3,3.0,3.0,27.0,29.0
202609051203,2026-09-05,12,03R,16:11,2026-09-05T16:28:20.878857+09:00,1614,差　し,2,近江　　翔吾,"1'50""6",1,芝田　　浩治,"1'52""4",4,間庭　　菜摘,"1'53""4",3,須藤　　隆雄,"1'53""6",6,龍田　　真白,"1'55""5",5,南　　　佑典,"1'55""8",1,0.18,,2,0.17,,3,0.13,,4,0.15,,5,0.17,,6,0.2,,2,1,3.0,1.0,30.0,28.0
202609051711,2026-09-05,17,11R,16:17,2026-09-05T16:34:21.441764+09:00,1620,逃　げ,1,大平　誉史明,"1'51""2",4,谷村　　一哉,"1'52""0",3,吉田　　和仁,"1'53""2",2,北川　　潤二,"1'55""2",5,眞崎　　武蔵,"1'56""2",6,山下　　和彦,"1'56""2",1,0.08,,2,0.08,,3,0.03,,4,0.12,,5,0.09,,6,0.09,,2,2,1.0,2.0,28.0,27.0
202609050703,2026-09-05,07,03R,16:19,2026-09-05T16:34:21.441764+09:00,1623,逃　げ,1,野相　　弘司,"1'50""0",3,片岡　　雅裕,"1'51""0",5,小林　　基樹,"1'52""3",6,池本　　輝明,"1'53""5",4,土山　　卓也,,2,谷川　　将太,,1,0.18,,2,0.18,,3,0.19,,4,0.19,,5,0.24,,6,0.2,,2,4,2.0,1.0,26.0,25.0
202609050312,2026-09-05,03,12R,16:25,2026-09-05T16:38:20.574437+09:00,1628,まくり,3,岩瀬　　裕亮,"1'50""9",5,新田　　泰章,"1'52""3",2,太田　　和美,"1'54""5",6,秦　　　英悟,"1'56""0",1,三角　　哲男,,4,茅原　　悠紀,,1,0.19,,2,0.14,,3,0.05,,4,0.09,,5,0.09,,6,0.13,,1,2,4.0,5.0,25.0,26.0
202609052210,2026-09-05,22,10R,16:23,2026-09-05T16:40:20.412443+09:00,1626,まくり差し,6,枝尾　　　賢,"1'50""7",3,関　　　裕也,"1'52""8",1,北山　　康介,"1'53""5",5,大町　　利克,"1'54""6",4,佐藤　　大騎,,2,深澤　　達徳,,1,0.31,,2,0.21,,3,0.11,,6,0.1,,4,0.03,,5,0.06,,2,3,4.0,4.0,29.0,28.0
202609050212,2026-09-05,02,12R,16:30,2026-09-05T16:40:20.412443+09:00,1633,逃　げ,1,佐藤　　　翼,"1'48""3",5,井上　　忠政,"1'50""0",6,島川　　海輝,"1'52""1",2,原田　　雄次,"1'54""0",3,畔柳　　俊吾,,4,木幡　　純也,,1,0.17,,2,0.21,,3,0.22,,5,0.15,,6,0.14,,4,0.18,,1,2,2.0,1.0,26.0,26.0
202609052003,2026-09-05,20,03R,16:27,2026-09-05T16:42:21.554414+09:00,1630,まくり,3,中野　　和裕,"1'51""5",5,佐竹　　恒彦,"1'53""1",6,大場　　　敏,"1'54""7",2,鈴木　　茂正,"1'55""4",4,豊田　　訓靖,,1,森安　　弘雅,,1,0.13,,2,0.25,,3,0.17,,4,0.23,,5,0.21,,6,0.21,,2,3,3.0,3.0,28.0,28.0
202609050104,2026-09-05,01,04R,16:33,2026-09-05T17:28:01.576328+09:00,1637,差　し,4,山谷　　　央,"1'51""1",3,前川　　守嗣,"1'51""8",2,八木　　治樹,"1'52""9",1,松尾　　光広,"1'54""0",5,山崎　　義明,"1'54""6",6,笠置　　博之,"1'55""4",1,0.13,,2,0.06,,3,0.05,,4,0.09,,5,0.1,,6,0.17,,1,3,2.0,1.0,23.0,23.0
202609050912,2026-09-05,09,12R,16:35,2026-09-05T17:28:01.576328+09:00,1639,逃　げ,1,井口　　佳典,"1'49""6",2,関　　　浩哉,"1'50""1",4,若林　　義人,"1'51""3",3,黒井　　達矢,"1'52""8",5,石丸　　海渡,,6,塩田　　北斗,,1,0.04,,2,0.06,,4,0.02,,3,0.03,,5,0.06,,6,0.12,,2,4,3.0,2.0,26.0,27.0
202609050412,2026-09-05,04,12R,16:38,2026-09-05T17:28:01.576328+09:00,1641,逃　げ,1,長田　　頼宗,"1'48""8",3,平山　　智加,"1'50""5",6,佐藤　隆太郎,"1'51""4",2,中谷　　朋子,"1'54""0",5,関野　　　文,,4,櫻本　あゆみ,,1,0.13,,2,0.19,,3,0.11,,4,0.08,,5,0.14,,6,0.04,,2,4,1.0,3.0,25.0,26.0
202609051204,2026-09-05,12,04R,16:44,2026-09-05T17:28:01.576328+09:00,1647,逃　げ,1,末永　　祐輝,"1'50""5",3,金子　　和之,"1'51""6",6,高倉　　和士,"1'52""5",2,上田　　紗奈,"1'55""3",5,小野　　京平,"1'56""3",4,赤池　　修平,"2'00""0",1,0.17,,2,0.14,,3,0.15,,4,0.24,,5,0.18,,6,0.18,,2,1,4.0,2.0,29.0,28.0
202609050704,2026-09-05,07,04R,16:46,2026-09-05T17:28:01.576328+09:00,1650,逃　げ,1,松下　　誉士,"1'49""8",6,吉田　　裕平,"1'50""5",4,服部　　達哉,"1'52""4",2,長谷川　親王,"1'54""1",5,渥美　　卓郎,,3,塩嶋　　泰空,,1,0.22,,2,0.28,,3,0.28,,4,0.23,,5,0.27,,6,0.25,,2,4,2.0,1.0,26.0,25.0
202609051712,2026-09-05,17,12R,16:49,2026-09-05T17:28:01.576328+09:00,1652,逃　げ,1,前田　　　滉,"1'50""9",4,松井　　賢治,"1'51""8",3,後藤　　正宗,"1'53""4",2,向後　　龍一,"1'54""8",6,亀山　　雅幸,"1'56""6",5,飯田　　庄吾,"1'56""8",1,0.13,,2,0.11,,3,0.14,,4,0.11,,5,0.1,,6,0.2,,2,3,1.0,2.0,28.0,27.0
202609052211,2026-09-05,22,11R,16:51,2026-09-05T17:28:01.576328+09:00,1654,逃　げ,1,佐々木　大河,"1'51""2",5,溝口　海義也,"1'52""4",3,今泉　　友吾,"1'53""3",4,田代　　達也,"1'54""6",2,長野　壮志郎,,6,有山　　　望,,1,0.04,,2,0.11,,3,0.1,,4,0.09,,5,0.11,,6,0.11,,2,3,4.0,4.0,29.0,28.0
202609052004,2026-09-05,20,04R,16:54,2026-09-05T17:28:01.576328+09:00,1657,逃　げ,1,山一　　鉄也,"1'51""6",3,加藤　　高史,"1'52""6",6,山田　　竜一,"1'53""5",2,浦田　　信義,"1'55""4",5,平石　　和男,,4,吉永　　泰弘,,1,0.12,,2,0.11,,3,0.16,,4,0.16,,5,0.16,,6,0.16,,2,3,3.0,3.0,28.0,28.0
202609050105,2026-09-05,01,05R,17:01,2026-09-05T17:28:01.576328+09:00,1705,逃　げ,1,黒柳　　浩孝,"1'51""1",2,田村　　隆信,"1'52""3",3,武富　　智亮,"1'53""0",5,阪本　　勇介,"1'53""6",4,萩原　　知哉,"1'54""9",6,鳥本　　智史,"1'56""5",1,0.09,,2,0.07,,3,0.08,,4,0.05,,5,0.06,,6,0.03,,2,1,2.0,1.0,23.0,23.0
202609051205,2026-09-05,12,05R,17:08,2026-09-05T17:28:01.576328+09:00,1711,まくり差し,6,藤岡　　俊介,"1'51""2",4,柴田　　朋哉,"1'52""2",1,山田　　理央,"1'53""8",3,東　　　健介,"1'55""7",5,浦田　　晃嗣,"1'57""4",2,田中　　勇輔,"1'57""7",1,0.2,,2,0.16,,3,0.21,,4,0.13,,5,0.17,,6,0.1,,2,2,3.0,1.0,29.0,28.0
202609050705,2026-09-05,07,05R,17:15,2026-09-05T17:38:51.620885+09:00,1719,逃　げ,1,大谷　　直弘,"1'50""1",2,中辻　　崇人,"1'50""7",3,柳瀬　　興志,"1'51""9",4,津留　浩一郎,"1'53""1",6,西川　新太郎,,5,宮崎　　奏磨,,1,0.07,,2,0.06,,3,0.1,,4,0.18,,5,0.09,,6,0.05,,2,4,2.0,1.0,26.0,25.0
202609052212,2026-09-05,22,12R,17:26,2026-09-05T17:38:51.620885+09:00,1729,逃　げ,1,新開　　　航,"1'49""9",5,繁野谷　圭介,"1'52""2",2,作間　　　章,"1'53""0",3,濱本　　優一,"1'53""4",4,山口　　隆史,,6,伏島　　祐介,,1,0.2,,2,0.25,,3,0.2,,4,0.17,,5,0.2,,6,0.19,,2,3,4.0,4.0,28.0,28.0
202609052005,2026-09-05,20,05R,17:20,2026-09-05T17:49:04.903297+09:00,1723,逃　げ,1,倉尾　　大介,"1'51""3",2,浅見　　昌克,"1'52""7",4,服部　　幸男,"1'54""5",5,河上　　年昭,"1'55""5",6,桑原　　　啓,,3,野中　　義生,,1,0.07,,2,0.08,,4,0.09,,3,0.19,,5,0.13,,6,0.13,,2,3,2.0,2.0,28.0,28.0
202609050106,2026-09-05,01,06R,17:29,2026-09-05T17:49:04.903297+09:00,1733,まくり差し,6,松本　　真広,"1'50""5",1,林　　　美憲,"1'51""8",3,品川　　賢次,"1'53""4",2,小野　　信樹,"1'55""0",4,松浦　　　勝,"1'55""4",5,花本　　夏樹,"1'57""6",1,0.26,,2,0.32,,3,0.32,,5,0.31,,6,0.28,,4,0.29,,2,1,1.0,1.0,23.0,23.0
202609051206,2026-09-05,12,06R,17:37,2026-09-05T17:58:16.684127+09:00,1740,逃　げ,1,渡邉　　　翼,"1'51""7",2,中野　　夢斗,"1'52""8",5,齋藤　　真之,"1'54""6",4,赤松　　咲香,"1'55""5",6,木谷　　賢太,"1'55""7",3,深山　　祐二,"1'57""3",1,0.16,,2,0.2,,3,0.19,,4,0.21,,5,0.21,,6,0.18,,2,2,3.0,1.0,29.0,28.0
202609050706,2026-09-05,07,06R,17:44,2026-09-05T18:13:03.799661+09:00,1748,まくり,2,大峯　　　豊,"1'49""7",3,橋口　　真樹,"1'51""0",4,中里　　昌志,"1'53""1",6,飯島　　昌弘,"1'54""0",1,高倉　　孝太,,5,山田　　佑樹,,1,0.19,,2,0.07,,3,0.14,,4,0.15,,5,0.1,,6,0.11,,2,4,2.0,1.0,25.0,25.0
202609052006,2026-09-05,20,06R,17:51,2026-09-05T18:13:03.799661+09:00,1754,逃　げ,1,鈴木　　　博,"1'51""4",5,仲口　　博崇,"1'53""1",2,中嶋　誠一郎,"1'53""8",3,増田　　　進,"1'54""7",4,松下　　直也,,6,榮田　　将彦,,1,0.09,,2,0.09,,3,0.13,,4,0.16,,5,0.17,,6,0.07,,2,3,3.0,3.0,28.0,28.0
202609050107,2026-09-05,01,07R,17:57,2026-09-05T18:13:03.799661+09:00,1801,逃　げ,1,廣瀬　　将亨,"1'49""9",3,赤岩　　善生,"1'50""8",6,中島　　　航,"1'53""1",4,眞鳥　　康太,"1'54""0",5,澤　　　大介,"1'54""7",2,相馬　　　翔,"1'56""1",1,0.22,,3,0.18,,5,0.19,,2,0.17,,6,0.18,,4,0.17,,1,1,1.0,1.0,23.0,23.0
202609051207,2026-09-05,12,07R,18:04,2026-09-05T18:25:25.647045+09:00,1807,逃　げ,1,烏野　　賢太,"1'50""8",2,草場　　康幸,"1'52""9",4,柏野　　幸二,"1'54""0",6,徳増　　秀樹,"1'55""1",3,滝沢　　織寧,"1'55""1",5,大塚　　浩二,"1'58""0",1,0.16,,2,0.08,,3,0.24,,4,0.11,,5,0.09,,6,0.09,,2,2,3.0,1.0,28.0,28.0
202609050707,2026-09-05,07,07R,18:11,2026-09-05T18:36:21.040803+09:00,1815,まくり差し,3,大上　　卓人,"1'49""1",2,宮嵜　隆太郎,"1'51""2",4,岡田　　憲行,"1'52""9",5,本岡　　勝利,"1'53""7",1,三宅　　　潤,,6,岩橋　　裕馬,,1,0.21,,2,0.13,,3,0.17,,4,0.17,,5,0.21,,6,0.22,,2,4,3.0,1.0,25.0,25.0
202609052007,2026-09-05,20,07R,18:18,2026-09-05T18:36:21.040803+09:00,1821,逃　げ,1,大場　　　敏,"1'51""1",3,宮武　　英司,"1'52""7",6,飯山　　　泰,"1'54""6",4,広瀬　　聖仁,"1'55""6",2,宮地　　博士,,5,中野　　和裕,,1,0.09,,2,0.15,,3,0.11,,4,0.14,,5,0.19,,6,0.18,,2,3,3.0,3.0,28.0,28.0
202609050108,2026-09-05,01,08R,18:25,2026-09-05T18:45:41.359286+09:00,1829,逃　げ,1,伊藤　　将吉,"1'50""7",2,齋藤　　　勇,"1'52""3",3,八木　　治樹,"1'53""6",5,湯川　　浩司,"1'53""8",4,森　　　智哉,"1'55""2",6,廣瀬　　篤哉,"1'56""5",1,0.06,,2,0.11,,3,0.05,,5,0.09,,4,0.12,,6,0.13,,2,8,2.0,1.0,22.0,23.0
202609051208,2026-09-05,12,08R,18:32,2026-09-05T18:48:32.839668+09:00,1835,まくり,3,安藤　　裕貴,"1'51""3",5,間庭　　菜摘,"1'51""6",6,池田　　雄祐,"1'53""4",4,松下　　知幸,"1'55""1",1,乙藤　　智史,"1'55""8",2,久保原　秀人,"1'56""2",1,0.19,,2,0.24,,3,0.22,,4,0.16,,5,0.19,,6,0.17,,2,2,2.0,1.0,28.0,28.0
202609050708,2026-09-05,07,08R,18:39,2026-09-05T19:05:29.765980+09:00,1843,逃　げ,1,土山　　卓也,"1'49""8",4,土屋　　智則,"1'51""1",2,上田　　隆章,"1'52""2",3,廣中　　良一,"1'53""4",6,盛本　　真輔,,5,塩嶋　　泰空,,1,0.2,,2,0.22,,3,0.2,,4,0.17,,6,0.16,,5,0.2,,2,4,3.0,1.0,25.0,25.0
202609052008,2026-09-05,20,08R,18:46,2026-09-05T19:05:29.765980+09:00,1849,逃　げ,1,久富　　政弘,"1'52""0",5,浦田　　信義,"1'52""8",2,佐竹　　恒彦,"1'54""8",4,志道　　吉和,"1'56""3",6,内山　　文典,,3,鈴木　　茂正,,1,0.21,,2,0.17,,3,0.2,,4,0.21,,5,0.15,,6,0.16,,2,3,2.0,2.0,28.0,28.0
202609050109,2026-09-05,01,09R,18:54,2026-09-05T19:13:01.887772+09:00,1858,差　し,2,谷野　　錬志,"1'50""2",5,萩原　　知哉,"1'52""2",4,河野　　真也,"1'53""7",3,山崎　　義明,"1'53""8",1,橋本　　久和,"1'54""0",6,松江　　秀徳,"1'56""4",1,0.14,,2,0.16,,3,0.21,,4,0.2,,5,0.19,,6,0.15,,2,8,1.0,1.0,22.0,23.0
202609051209,2026-09-05,12,09R,19:02,2026-09-05T19:26:35.446921+09:00,1905,差　し,2,末永　　祐輝,"1'50""6",1,南　　　佑典,"1'51""5",4,芝田　　浩治,"1'53""3",6,金子　　和之,"1'54""0",5,白水　　勝也,"1'54""6",3,森　　　貴洋,"1'57""9",1,0.15,,2,0.16,,3,0.16,,4,0.15,,5,0.18,,6,0.23,,2,,0.0,1.0,28.0,28.0
202609050709,2026-09-05,07,09R,19:09,2026-09-05T19:26:35.446921+09:00,1913,逃　げ,1,片岡　　雅裕,"1'48""5",5,下河　　誉史,"1'50""2",6,中辻　　崇人,"1'51""5",2,山下　　流心,"1'53""4",3,服部　　達哉,,4,高野　　心吾,,1,0.19,,2,0.26,,3,0.25,,4,0.25,,5,0.21,,6,0.17,,2,4,2.0,1.0,25.0,25.0
202609052009,2026-09-05,20,09R,19:16,2026-09-05T19:43:16.149813+09:00,1919,逃　げ,1,山田　　竜一,"1'51""5",2,加藤　　高史,"1'52""7",3,木村　　光宏,"1'54""6",5,豊田　　訓靖,"1'56""1",4,野中　　義生,,6,桂林　　　寛,,1,0.24,,2,0.22,,3,0.22,,4,0.18,,5,0.28,,6,0.26,,2,3,3.0,3.0,27.0,28.0
202609050110,2026-09-05,01,10R,19:24,2026-09-05T19:43:16.149813+09:00,1928,差　し,2,宇佐見　　淳,"1'49""8",5,武富　　智亮,"1'51""5",4,鈴谷　　一平,"1'52""6",3,鳥居塚　孝博,"1'53""9",1,前川　　守嗣,"1'54""7",6,谷口　　　丞,"1'58""8",1,0.11,,2,0.14,,3,0.12,,4,0.1,,5,0.13,,6,0.17,,2,8,1.0,1.0,22.0,23.0
202609051210,2026-09-05,12,10R,19:32,2026-09-05T19:56:44.854990+09:00,1935,まくり,4,藤岡　　俊介,"1'50""5",2,柴田　　朋哉,"1'51""4",3,渡邉　　　翼,"1'53""2",5,山本　　修一,"1'54""6",1,木谷　　賢太,"1'55""8",6,上田　　紗奈,"1'59""3",1,0.16,,2,0.21,,3,0.21,,4,0.1,,5,0.16,,6,0.19,,2,2,3.0,1.0,27.0,28.0
202609050710,2026-09-05,07,10R,19:40,2026-09-05T20:13:16.822456+09:00,1944,逃　げ,1,大峯　　　豊,"1'49""8",3,品川　二千翔,"1'50""8",2,今坂　　晃広,"1'52""8",5,野相　　弘司,"1'54""3",6,中村　　辰也,,4,松下　　誉士,,1,0.22,,3,0.27,,2,0.3,,4,0.28,,5,0.28,,6,0.22,,2,4,2.0,1.0,25.0,25.0
202609052010,2026-09-05,20,10R,19:48,2026-09-05T20:13:16.822456+09:00,1951,まくり,4,山一　　鉄也,"1'51""3",5,桑原　　　啓,"1'52""7",3,中嶋　誠一郎,"1'53""6",1,平石　　和男,"1'54""9",2,仲口　　博崇,,6,河合　　三弘,,1,0.23,,2,0.2,,3,0.24,,4,0.19,,5,0.16,,6,0.12,,2,3,3.0,3.0,27.0,28.0
